-- =====================================================================
-- 吉林小串：清空门店/商品相关演示数据并导入菜单（MySQL）
-- 执行前请备份数据库。按需修改以下会话变量：
-- 本库无 yshop_store_cart（与 yixiang-drink-open.sql 建表一致），不再执行购物车表 DELETE。
-- =====================================================================
SET NAMES utf8mb4;
SET @tenant_id := 1;
-- 门店管理员用户 id（system_users.id），默认 1；请改为实际账号
SET @admin_user_id := '1';
-- 占位图（商品主图/轮播，NOT NULL；可改为你的 CDN 地址）
SET @placeholder_img := '';

START TRANSACTION;

-- ----- 可选：清空订单（演示环境推荐） -----
DELETE FROM yshop_store_order_status WHERE 1=1;
DELETE FROM yshop_store_order_cart_info WHERE 1=1;
DELETE FROM yshop_store_order WHERE 1=1;
DELETE FROM yshop_order_number WHERE 1=1;

-- ----- 商品从表 -----
DELETE FROM yshop_store_product_attr_value WHERE 1=1;
DELETE FROM yshop_store_product_attr WHERE 1=1;
DELETE FROM yshop_store_product_attr_result WHERE 1=1;
DELETE FROM yshop_store_product_relation WHERE 1=1;
-- 本库若存在 yshop_store_product_reply 可手工清空；外网部分仅按 yixiang-drink-open 子集初始化时无此表，
-- 执行 DELETE 会 1146，故不在此脚本中删除该表。

-- ----- 商品与分类 -----
DELETE FROM yshop_store_product WHERE 1=1;
DELETE FROM yshop_store_product_category WHERE 1=1;

-- ----- 广告（含吉林小串店铺） -----
DELETE FROM yshop_shop_ads WHERE 1=1;

-- ----- 仅保留即将插入的门店：删除全部旧门店 -----
DELETE FROM yshop_store_shop WHERE 1=1;

-- ----- 插入唯一门店「吉林小串」 -----
INSERT INTO yshop_store_shop (id, name, mobile, image, images, address, address_map, start_time, end_time, lng, lat, distance, min_price, delivery_price, notice, status, admin_id, uniprint_id, create_time, update_time, creator, updater) VALUES (1, '吉林小串', '19000000000', @placeholder_img, '[]', '吉林省', '吉林省', '2024-01-01 11:00:00', '2024-01-01 23:00:00', '126.549572', '43.837883', 10, 0.00, 3.00, '吉林小串欢迎您', 1, @admin_user_id, '', '2026-05-08 17:44:49', '2026-05-08 17:44:49', '1', '1');

SET @shop_id := 1;
-- 与插入的门店 id 对齐 AUTO_INCREMENT（避免后续手动插入 id 冲突）
ALTER TABLE yshop_store_shop AUTO_INCREMENT = 2;

-- ----- 9 个一级分类 -----
INSERT INTO yshop_store_product_category (id, shop_id, parent_id, shop_name, name, pic_url, sort, description, status, creator, create_time, updater, update_time, deleted, tenant_id) VALUES (9001, @shop_id, 0, '吉林小串', '肉类', '', 1, NULL, 0, '1', '2026-05-08 17:44:49', '1', '2026-05-08 17:44:49', b'0', @tenant_id);
INSERT INTO yshop_store_product_category (id, shop_id, parent_id, shop_name, name, pic_url, sort, description, status, creator, create_time, updater, update_time, deleted, tenant_id) VALUES (9002, @shop_id, 0, '吉林小串', '成把类', '', 2, NULL, 0, '1', '2026-05-08 17:44:49', '1', '2026-05-08 17:44:49', b'0', @tenant_id);
INSERT INTO yshop_store_product_category (id, shop_id, parent_id, shop_name, name, pic_url, sort, description, status, creator, create_time, updater, update_time, deleted, tenant_id) VALUES (9003, @shop_id, 0, '吉林小串', '鱼类', '', 3, NULL, 0, '1', '2026-05-08 17:44:49', '1', '2026-05-08 17:44:49', b'0', @tenant_id);
INSERT INTO yshop_store_product_category (id, shop_id, parent_id, shop_name, name, pic_url, sort, description, status, creator, create_time, updater, update_time, deleted, tenant_id) VALUES (9004, @shop_id, 0, '吉林小串', '肠类', '', 4, NULL, 0, '1', '2026-05-08 17:44:49', '1', '2026-05-08 17:44:49', b'0', @tenant_id);
INSERT INTO yshop_store_product_category (id, shop_id, parent_id, shop_name, name, pic_url, sort, description, status, creator, create_time, updater, update_time, deleted, tenant_id) VALUES (9005, @shop_id, 0, '吉林小串', '素菜类', '', 5, NULL, 0, '1', '2026-05-08 17:44:49', '1', '2026-05-08 17:44:49', b'0', @tenant_id);
INSERT INTO yshop_store_product_category (id, shop_id, parent_id, shop_name, name, pic_url, sort, description, status, creator, create_time, updater, update_time, deleted, tenant_id) VALUES (9006, @shop_id, 0, '吉林小串', '主食/凉菜类', '', 6, NULL, 0, '1', '2026-05-08 17:44:49', '1', '2026-05-08 17:44:49', b'0', @tenant_id);
INSERT INTO yshop_store_product_category (id, shop_id, parent_id, shop_name, name, pic_url, sort, description, status, creator, create_time, updater, update_time, deleted, tenant_id) VALUES (9007, @shop_id, 0, '吉林小串', '锡纸类', '', 7, NULL, 0, '1', '2026-05-08 17:44:49', '1', '2026-05-08 17:44:49', b'0', @tenant_id);
INSERT INTO yshop_store_product_category (id, shop_id, parent_id, shop_name, name, pic_url, sort, description, status, creator, create_time, updater, update_time, deleted, tenant_id) VALUES (9008, @shop_id, 0, '吉林小串', '小龙虾类', '', 8, NULL, 0, '1', '2026-05-08 17:44:49', '1', '2026-05-08 17:44:49', b'0', @tenant_id);
INSERT INTO yshop_store_product_category (id, shop_id, parent_id, shop_name, name, pic_url, sort, description, status, creator, create_time, updater, update_time, deleted, tenant_id) VALUES (9009, @shop_id, 0, '吉林小串', '特殊预定类', '', 9, '每天17:00前可预订', 0, '1', '2026-05-08 17:44:49', '1', '2026-05-08 17:44:49', b'0', @tenant_id);

-- ----- 商品：肉类/成把/鱼/肠/素菜 为双规格（规格+辣度，spec_type=1）；其余单规格（spec_type=0） -----
INSERT INTO yshop_store_product (id, shop_id, shop_name, image, slider_image, store_name, store_info, keyword, bar_code, brand_id, cate_id, price, vip_price, ot_price, postage, unit_name, sort, sales, stock, is_show, is_hot, is_benefit, is_best, is_new, description, creator, create_time, update_time, updater, is_postage, deleted, mer_use, give_integral, cost, is_seckill, is_bargain, is_good, ficti, browse, code_path, is_sub, temp_id, spec_type, is_integral, integral, tenant_id) VALUES (30001, @shop_id, '吉林小串', @placeholder_img, @placeholder_img, '羊排肉', '羊排肉', '羊排肉', '', NULL, '9001', 4.00, 0.00, 4.00, 0.00, '串', 1, 0, 9999, 1, 0, 0, 0, 0, '<p>羊排肉</p>', '1', '2026-05-08 17:44:49', '2026-05-08 17:44:49', '1', 0, b'0', 0, NULL, 4.00, 0, NULL, 0, 100, 0, '', 0, 0, 1, 0, 0, @tenant_id);
INSERT INTO yshop_store_product_attr (id, product_id, attr_name, attr_values) VALUES (800000, 30001, '规格', '默认');
INSERT INTO yshop_store_product_attr (id, product_id, attr_name, attr_values) VALUES (800001, 30001, '辣度', '不辣,微辣,中辣,特辣');
INSERT INTO yshop_store_product_attr_result (id, product_id, result, change_time) VALUES (810000, 30001, '{"attr":[{"attrHidden":"","detail":["默认"],"detailValue":"","value":"规格"},{"attrHidden":"","detail":["不辣","微辣","中辣","特辣"],"detailValue":"","value":"辣度"}],"value":[{"barCode":"","brokerage":0.0,"brokerageTwo":0.0,"cost":4.0,"detail":{"规格":"默认","辣度":"不辣"},"integral":0,"otPrice":4.0,"pic":"","pinkPrice":0.0,"pinkStock":0,"price":4.0,"seckillPrice":0.0,"seckillStock":0,"sku":"","stock":9999,"value1":"默认","value2":"不辣","volume":0.0,"weight":0.0},{"barCode":"","brokerage":0.0,"brokerageTwo":0.0,"cost":4.0,"detail":{"规格":"默认","辣度":"微辣"},"integral":0,"otPrice":4.0,"pic":"","pinkPrice":0.0,"pinkStock":0,"price":4.0,"seckillPrice":0.0,"seckillStock":0,"sku":"","stock":9999,"value1":"默认","value2":"微辣","volume":0.0,"weight":0.0},{"barCode":"","brokerage":0.0,"brokerageTwo":0.0,"cost":4.0,"detail":{"规格":"默认","辣度":"中辣"},"integral":0,"otPrice":4.0,"pic":"","pinkPrice":0.0,"pinkStock":0,"price":4.0,"seckillPrice":0.0,"seckillStock":0,"sku":"","stock":9999,"value1":"默认","value2":"中辣","volume":0.0,"weight":0.0},{"barCode":"","brokerage":0.0,"brokerageTwo":0.0,"cost":4.0,"detail":{"规格":"默认","辣度":"特辣"},"integral":0,"otPrice":4.0,"pic":"","pinkPrice":0.0,"pinkStock":0,"price":4.0,"seckillPrice":0.0,"seckillStock":0,"sku":"","stock":9999,"value1":"默认","value2":"特辣","volume":0.0,"weight":0.0}]}', '2026-05-08 17:44:49');
INSERT INTO yshop_store_product_attr_value (id, product_id, sku, stock, sales, price, image, `unique`, cost, bar_code, ot_price, weight, volume, brokerage, brokerage_two, pink_price, pink_stock, seckill_price, seckill_stock, integral) VALUES (820000, 30001, '不辣,默认', 9999, 0, 4.00, @placeholder_img, '86b297e99b0e737fb3b2af6345e3c9ef', 4.00, '', 4.00, 0.00, 0.00, 0.00, 0.00, 0.00, 0, 0.00, 0, 0);
INSERT INTO yshop_store_product_attr_value (id, product_id, sku, stock, sales, price, image, `unique`, cost, bar_code, ot_price, weight, volume, brokerage, brokerage_two, pink_price, pink_stock, seckill_price, seckill_stock, integral) VALUES (820001, 30001, '默认,微辣', 9999, 0, 4.00, @placeholder_img, 'cd1bd25dd04dac08d091a271833a397c', 4.00, '', 4.00, 0.00, 0.00, 0.00, 0.00, 0.00, 0, 0.00, 0, 0);
INSERT INTO yshop_store_product_attr_value (id, product_id, sku, stock, sales, price, image, `unique`, cost, bar_code, ot_price, weight, volume, brokerage, brokerage_two, pink_price, pink_stock, seckill_price, seckill_stock, integral) VALUES (820002, 30001, '默认,中辣', 9999, 0, 4.00, @placeholder_img, '1a514f684c3d84ad1512918f711293b0', 4.00, '', 4.00, 0.00, 0.00, 0.00, 0.00, 0.00, 0, 0.00, 0, 0);
INSERT INTO yshop_store_product_attr_value (id, product_id, sku, stock, sales, price, image, `unique`, cost, bar_code, ot_price, weight, volume, brokerage, brokerage_two, pink_price, pink_stock, seckill_price, seckill_stock, integral) VALUES (820003, 30001, '默认,特辣', 9999, 0, 4.00, @placeholder_img, 'b4f0da4776621dd2d8aaa119f742760f', 4.00, '', 4.00, 0.00, 0.00, 0.00, 0.00, 0.00, 0, 0.00, 0, 0);
INSERT INTO yshop_store_product (id, shop_id, shop_name, image, slider_image, store_name, store_info, keyword, bar_code, brand_id, cate_id, price, vip_price, ot_price, postage, unit_name, sort, sales, stock, is_show, is_hot, is_benefit, is_best, is_new, description, creator, create_time, update_time, updater, is_postage, deleted, mer_use, give_integral, cost, is_seckill, is_bargain, is_good, ficti, browse, code_path, is_sub, temp_id, spec_type, is_integral, integral, tenant_id) VALUES (30002, @shop_id, '吉林小串', @placeholder_img, @placeholder_img, '牛肥瘦', '牛肥瘦', '牛肥瘦', '', NULL, '9001', 4.00, 0.00, 4.00, 0.00, '串', 2, 0, 9999, 1, 0, 0, 0, 0, '<p>牛肥瘦</p>', '1', '2026-05-08 17:44:49', '2026-05-08 17:44:49', '1', 0, b'0', 0, NULL, 4.00, 0, NULL, 0, 100, 0, '', 0, 0, 1, 0, 0, @tenant_id);
INSERT INTO yshop_store_product_attr (id, product_id, attr_name, attr_values) VALUES (800002, 30002, '规格', '默认');
INSERT INTO yshop_store_product_attr (id, product_id, attr_name, attr_values) VALUES (800003, 30002, '辣度', '不辣,微辣,中辣,特辣');
INSERT INTO yshop_store_product_attr_result (id, product_id, result, change_time) VALUES (810001, 30002, '{"attr":[{"attrHidden":"","detail":["默认"],"detailValue":"","value":"规格"},{"attrHidden":"","detail":["不辣","微辣","中辣","特辣"],"detailValue":"","value":"辣度"}],"value":[{"barCode":"","brokerage":0.0,"brokerageTwo":0.0,"cost":4.0,"detail":{"规格":"默认","辣度":"不辣"},"integral":0,"otPrice":4.0,"pic":"","pinkPrice":0.0,"pinkStock":0,"price":4.0,"seckillPrice":0.0,"seckillStock":0,"sku":"","stock":9999,"value1":"默认","value2":"不辣","volume":0.0,"weight":0.0},{"barCode":"","brokerage":0.0,"brokerageTwo":0.0,"cost":4.0,"detail":{"规格":"默认","辣度":"微辣"},"integral":0,"otPrice":4.0,"pic":"","pinkPrice":0.0,"pinkStock":0,"price":4.0,"seckillPrice":0.0,"seckillStock":0,"sku":"","stock":9999,"value1":"默认","value2":"微辣","volume":0.0,"weight":0.0},{"barCode":"","brokerage":0.0,"brokerageTwo":0.0,"cost":4.0,"detail":{"规格":"默认","辣度":"中辣"},"integral":0,"otPrice":4.0,"pic":"","pinkPrice":0.0,"pinkStock":0,"price":4.0,"seckillPrice":0.0,"seckillStock":0,"sku":"","stock":9999,"value1":"默认","value2":"中辣","volume":0.0,"weight":0.0},{"barCode":"","brokerage":0.0,"brokerageTwo":0.0,"cost":4.0,"detail":{"规格":"默认","辣度":"特辣"},"integral":0,"otPrice":4.0,"pic":"","pinkPrice":0.0,"pinkStock":0,"price":4.0,"seckillPrice":0.0,"seckillStock":0,"sku":"","stock":9999,"value1":"默认","value2":"特辣","volume":0.0,"weight":0.0}]}', '2026-05-08 17:44:49');
INSERT INTO yshop_store_product_attr_value (id, product_id, sku, stock, sales, price, image, `unique`, cost, bar_code, ot_price, weight, volume, brokerage, brokerage_two, pink_price, pink_stock, seckill_price, seckill_stock, integral) VALUES (820004, 30002, '不辣,默认', 9999, 0, 4.00, @placeholder_img, 'e51421aab329bdb75a0ab139c310149b', 4.00, '', 4.00, 0.00, 0.00, 0.00, 0.00, 0.00, 0, 0.00, 0, 0);
INSERT INTO yshop_store_product_attr_value (id, product_id, sku, stock, sales, price, image, `unique`, cost, bar_code, ot_price, weight, volume, brokerage, brokerage_two, pink_price, pink_stock, seckill_price, seckill_stock, integral) VALUES (820005, 30002, '默认,微辣', 9999, 0, 4.00, @placeholder_img, '72b35feff70cd83a8f45bde6416cf08d', 4.00, '', 4.00, 0.00, 0.00, 0.00, 0.00, 0.00, 0, 0.00, 0, 0);
INSERT INTO yshop_store_product_attr_value (id, product_id, sku, stock, sales, price, image, `unique`, cost, bar_code, ot_price, weight, volume, brokerage, brokerage_two, pink_price, pink_stock, seckill_price, seckill_stock, integral) VALUES (820006, 30002, '默认,中辣', 9999, 0, 4.00, @placeholder_img, '7d813c56c5f0a67f8b1b7b756ebb56f4', 4.00, '', 4.00, 0.00, 0.00, 0.00, 0.00, 0.00, 0, 0.00, 0, 0);
INSERT INTO yshop_store_product_attr_value (id, product_id, sku, stock, sales, price, image, `unique`, cost, bar_code, ot_price, weight, volume, brokerage, brokerage_two, pink_price, pink_stock, seckill_price, seckill_stock, integral) VALUES (820007, 30002, '默认,特辣', 9999, 0, 4.00, @placeholder_img, '7e6d461b396920df1e575a2a1d06e6ca', 4.00, '', 4.00, 0.00, 0.00, 0.00, 0.00, 0.00, 0, 0.00, 0, 0);
INSERT INTO yshop_store_product (id, shop_id, shop_name, image, slider_image, store_name, store_info, keyword, bar_code, brand_id, cate_id, price, vip_price, ot_price, postage, unit_name, sort, sales, stock, is_show, is_hot, is_benefit, is_best, is_new, description, creator, create_time, update_time, updater, is_postage, deleted, mer_use, give_integral, cost, is_seckill, is_bargain, is_good, ficti, browse, code_path, is_sub, temp_id, spec_type, is_integral, integral, tenant_id) VALUES (30003, @shop_id, '吉林小串', @placeholder_img, @placeholder_img, '酱油筋', '酱油筋', '酱油筋', '', NULL, '9001', 3.00, 0.00, 3.00, 0.00, '串', 3, 0, 9999, 1, 0, 0, 0, 0, '<p>酱油筋</p>', '1', '2026-05-08 17:44:49', '2026-05-08 17:44:49', '1', 0, b'0', 0, NULL, 3.00, 0, NULL, 0, 100, 0, '', 0, 0, 1, 0, 0, @tenant_id);
INSERT INTO yshop_store_product_attr (id, product_id, attr_name, attr_values) VALUES (800004, 30003, '规格', '默认');
INSERT INTO yshop_store_product_attr (id, product_id, attr_name, attr_values) VALUES (800005, 30003, '辣度', '不辣,微辣,中辣,特辣');
INSERT INTO yshop_store_product_attr_result (id, product_id, result, change_time) VALUES (810002, 30003, '{"attr":[{"attrHidden":"","detail":["默认"],"detailValue":"","value":"规格"},{"attrHidden":"","detail":["不辣","微辣","中辣","特辣"],"detailValue":"","value":"辣度"}],"value":[{"barCode":"","brokerage":0.0,"brokerageTwo":0.0,"cost":3.0,"detail":{"规格":"默认","辣度":"不辣"},"integral":0,"otPrice":3.0,"pic":"","pinkPrice":0.0,"pinkStock":0,"price":3.0,"seckillPrice":0.0,"seckillStock":0,"sku":"","stock":9999,"value1":"默认","value2":"不辣","volume":0.0,"weight":0.0},{"barCode":"","brokerage":0.0,"brokerageTwo":0.0,"cost":3.0,"detail":{"规格":"默认","辣度":"微辣"},"integral":0,"otPrice":3.0,"pic":"","pinkPrice":0.0,"pinkStock":0,"price":3.0,"seckillPrice":0.0,"seckillStock":0,"sku":"","stock":9999,"value1":"默认","value2":"微辣","volume":0.0,"weight":0.0},{"barCode":"","brokerage":0.0,"brokerageTwo":0.0,"cost":3.0,"detail":{"规格":"默认","辣度":"中辣"},"integral":0,"otPrice":3.0,"pic":"","pinkPrice":0.0,"pinkStock":0,"price":3.0,"seckillPrice":0.0,"seckillStock":0,"sku":"","stock":9999,"value1":"默认","value2":"中辣","volume":0.0,"weight":0.0},{"barCode":"","brokerage":0.0,"brokerageTwo":0.0,"cost":3.0,"detail":{"规格":"默认","辣度":"特辣"},"integral":0,"otPrice":3.0,"pic":"","pinkPrice":0.0,"pinkStock":0,"price":3.0,"seckillPrice":0.0,"seckillStock":0,"sku":"","stock":9999,"value1":"默认","value2":"特辣","volume":0.0,"weight":0.0}]}', '2026-05-08 17:44:49');
INSERT INTO yshop_store_product_attr_value (id, product_id, sku, stock, sales, price, image, `unique`, cost, bar_code, ot_price, weight, volume, brokerage, brokerage_two, pink_price, pink_stock, seckill_price, seckill_stock, integral) VALUES (820008, 30003, '不辣,默认', 9999, 0, 3.00, @placeholder_img, '26118d9ece06c8d7898d535ca3818adf', 3.00, '', 3.00, 0.00, 0.00, 0.00, 0.00, 0.00, 0, 0.00, 0, 0);
INSERT INTO yshop_store_product_attr_value (id, product_id, sku, stock, sales, price, image, `unique`, cost, bar_code, ot_price, weight, volume, brokerage, brokerage_two, pink_price, pink_stock, seckill_price, seckill_stock, integral) VALUES (820009, 30003, '默认,微辣', 9999, 0, 3.00, @placeholder_img, '4696b9ed9c4c2da509eb5a47900f9b19', 3.00, '', 3.00, 0.00, 0.00, 0.00, 0.00, 0.00, 0, 0.00, 0, 0);
INSERT INTO yshop_store_product_attr_value (id, product_id, sku, stock, sales, price, image, `unique`, cost, bar_code, ot_price, weight, volume, brokerage, brokerage_two, pink_price, pink_stock, seckill_price, seckill_stock, integral) VALUES (820010, 30003, '默认,中辣', 9999, 0, 3.00, @placeholder_img, '1644157ee749f4285b3269341f8598a5', 3.00, '', 3.00, 0.00, 0.00, 0.00, 0.00, 0.00, 0, 0.00, 0, 0);
INSERT INTO yshop_store_product_attr_value (id, product_id, sku, stock, sales, price, image, `unique`, cost, bar_code, ot_price, weight, volume, brokerage, brokerage_two, pink_price, pink_stock, seckill_price, seckill_stock, integral) VALUES (820011, 30003, '默认,特辣', 9999, 0, 3.00, @placeholder_img, 'd8055b77723acb1bfc1b5f973e43b91c', 3.00, '', 3.00, 0.00, 0.00, 0.00, 0.00, 0.00, 0, 0.00, 0, 0);
INSERT INTO yshop_store_product (id, shop_id, shop_name, image, slider_image, store_name, store_info, keyword, bar_code, brand_id, cate_id, price, vip_price, ot_price, postage, unit_name, sort, sales, stock, is_show, is_hot, is_benefit, is_best, is_new, description, creator, create_time, update_time, updater, is_postage, deleted, mer_use, give_integral, cost, is_seckill, is_bargain, is_good, ficti, browse, code_path, is_sub, temp_id, spec_type, is_integral, integral, tenant_id) VALUES (30004, @shop_id, '吉林小串', @placeholder_img, @placeholder_img, '五花肉', '五花肉', '五花肉', '', NULL, '9001', 3.00, 0.00, 3.00, 0.00, '串', 4, 0, 9999, 1, 0, 0, 0, 0, '<p>五花肉</p>', '1', '2026-05-08 17:44:49', '2026-05-08 17:44:49', '1', 0, b'0', 0, NULL, 3.00, 0, NULL, 0, 100, 0, '', 0, 0, 1, 0, 0, @tenant_id);
INSERT INTO yshop_store_product_attr (id, product_id, attr_name, attr_values) VALUES (800006, 30004, '规格', '默认');
INSERT INTO yshop_store_product_attr (id, product_id, attr_name, attr_values) VALUES (800007, 30004, '辣度', '不辣,微辣,中辣,特辣');
INSERT INTO yshop_store_product_attr_result (id, product_id, result, change_time) VALUES (810003, 30004, '{"attr":[{"attrHidden":"","detail":["默认"],"detailValue":"","value":"规格"},{"attrHidden":"","detail":["不辣","微辣","中辣","特辣"],"detailValue":"","value":"辣度"}],"value":[{"barCode":"","brokerage":0.0,"brokerageTwo":0.0,"cost":3.0,"detail":{"规格":"默认","辣度":"不辣"},"integral":0,"otPrice":3.0,"pic":"","pinkPrice":0.0,"pinkStock":0,"price":3.0,"seckillPrice":0.0,"seckillStock":0,"sku":"","stock":9999,"value1":"默认","value2":"不辣","volume":0.0,"weight":0.0},{"barCode":"","brokerage":0.0,"brokerageTwo":0.0,"cost":3.0,"detail":{"规格":"默认","辣度":"微辣"},"integral":0,"otPrice":3.0,"pic":"","pinkPrice":0.0,"pinkStock":0,"price":3.0,"seckillPrice":0.0,"seckillStock":0,"sku":"","stock":9999,"value1":"默认","value2":"微辣","volume":0.0,"weight":0.0},{"barCode":"","brokerage":0.0,"brokerageTwo":0.0,"cost":3.0,"detail":{"规格":"默认","辣度":"中辣"},"integral":0,"otPrice":3.0,"pic":"","pinkPrice":0.0,"pinkStock":0,"price":3.0,"seckillPrice":0.0,"seckillStock":0,"sku":"","stock":9999,"value1":"默认","value2":"中辣","volume":0.0,"weight":0.0},{"barCode":"","brokerage":0.0,"brokerageTwo":0.0,"cost":3.0,"detail":{"规格":"默认","辣度":"特辣"},"integral":0,"otPrice":3.0,"pic":"","pinkPrice":0.0,"pinkStock":0,"price":3.0,"seckillPrice":0.0,"seckillStock":0,"sku":"","stock":9999,"value1":"默认","value2":"特辣","volume":0.0,"weight":0.0}]}', '2026-05-08 17:44:49');
INSERT INTO yshop_store_product_attr_value (id, product_id, sku, stock, sales, price, image, `unique`, cost, bar_code, ot_price, weight, volume, brokerage, brokerage_two, pink_price, pink_stock, seckill_price, seckill_stock, integral) VALUES (820012, 30004, '不辣,默认', 9999, 0, 3.00, @placeholder_img, 'b05425f16d6ac6a47cf836ef14735baa', 3.00, '', 3.00, 0.00, 0.00, 0.00, 0.00, 0.00, 0, 0.00, 0, 0);
INSERT INTO yshop_store_product_attr_value (id, product_id, sku, stock, sales, price, image, `unique`, cost, bar_code, ot_price, weight, volume, brokerage, brokerage_two, pink_price, pink_stock, seckill_price, seckill_stock, integral) VALUES (820013, 30004, '默认,微辣', 9999, 0, 3.00, @placeholder_img, '3446dcd2acbafe43cd016edeb419184d', 3.00, '', 3.00, 0.00, 0.00, 0.00, 0.00, 0.00, 0, 0.00, 0, 0);
INSERT INTO yshop_store_product_attr_value (id, product_id, sku, stock, sales, price, image, `unique`, cost, bar_code, ot_price, weight, volume, brokerage, brokerage_two, pink_price, pink_stock, seckill_price, seckill_stock, integral) VALUES (820014, 30004, '默认,中辣', 9999, 0, 3.00, @placeholder_img, '75e5be2d687ed003a5ad01db3e70eb71', 3.00, '', 3.00, 0.00, 0.00, 0.00, 0.00, 0.00, 0, 0.00, 0, 0);
INSERT INTO yshop_store_product_attr_value (id, product_id, sku, stock, sales, price, image, `unique`, cost, bar_code, ot_price, weight, volume, brokerage, brokerage_two, pink_price, pink_stock, seckill_price, seckill_stock, integral) VALUES (820015, 30004, '默认,特辣', 9999, 0, 3.00, @placeholder_img, '56413801ac061835026a8aeed7075bce', 3.00, '', 3.00, 0.00, 0.00, 0.00, 0.00, 0.00, 0, 0.00, 0, 0);
INSERT INTO yshop_store_product (id, shop_id, shop_name, image, slider_image, store_name, store_info, keyword, bar_code, brand_id, cate_id, price, vip_price, ot_price, postage, unit_name, sort, sales, stock, is_show, is_hot, is_benefit, is_best, is_new, description, creator, create_time, update_time, updater, is_postage, deleted, mer_use, give_integral, cost, is_seckill, is_bargain, is_good, ficti, browse, code_path, is_sub, temp_id, spec_type, is_integral, integral, tenant_id) VALUES (30005, @shop_id, '吉林小串', @placeholder_img, @placeholder_img, '宫后夹肉', '宫后夹肉', '宫后夹肉', '', NULL, '9001', 5.00, 0.00, 5.00, 0.00, '串', 5, 0, 9999, 1, 0, 0, 0, 0, '<p>宫后夹肉</p>', '1', '2026-05-08 17:44:49', '2026-05-08 17:44:49', '1', 0, b'0', 0, NULL, 5.00, 0, NULL, 0, 100, 0, '', 0, 0, 1, 0, 0, @tenant_id);
INSERT INTO yshop_store_product_attr (id, product_id, attr_name, attr_values) VALUES (800008, 30005, '规格', '默认');
INSERT INTO yshop_store_product_attr (id, product_id, attr_name, attr_values) VALUES (800009, 30005, '辣度', '不辣,微辣,中辣,特辣');
INSERT INTO yshop_store_product_attr_result (id, product_id, result, change_time) VALUES (810004, 30005, '{"attr":[{"attrHidden":"","detail":["默认"],"detailValue":"","value":"规格"},{"attrHidden":"","detail":["不辣","微辣","中辣","特辣"],"detailValue":"","value":"辣度"}],"value":[{"barCode":"","brokerage":0.0,"brokerageTwo":0.0,"cost":5.0,"detail":{"规格":"默认","辣度":"不辣"},"integral":0,"otPrice":5.0,"pic":"","pinkPrice":0.0,"pinkStock":0,"price":5.0,"seckillPrice":0.0,"seckillStock":0,"sku":"","stock":9999,"value1":"默认","value2":"不辣","volume":0.0,"weight":0.0},{"barCode":"","brokerage":0.0,"brokerageTwo":0.0,"cost":5.0,"detail":{"规格":"默认","辣度":"微辣"},"integral":0,"otPrice":5.0,"pic":"","pinkPrice":0.0,"pinkStock":0,"price":5.0,"seckillPrice":0.0,"seckillStock":0,"sku":"","stock":9999,"value1":"默认","value2":"微辣","volume":0.0,"weight":0.0},{"barCode":"","brokerage":0.0,"brokerageTwo":0.0,"cost":5.0,"detail":{"规格":"默认","辣度":"中辣"},"integral":0,"otPrice":5.0,"pic":"","pinkPrice":0.0,"pinkStock":0,"price":5.0,"seckillPrice":0.0,"seckillStock":0,"sku":"","stock":9999,"value1":"默认","value2":"中辣","volume":0.0,"weight":0.0},{"barCode":"","brokerage":0.0,"brokerageTwo":0.0,"cost":5.0,"detail":{"规格":"默认","辣度":"特辣"},"integral":0,"otPrice":5.0,"pic":"","pinkPrice":0.0,"pinkStock":0,"price":5.0,"seckillPrice":0.0,"seckillStock":0,"sku":"","stock":9999,"value1":"默认","value2":"特辣","volume":0.0,"weight":0.0}]}', '2026-05-08 17:44:49');
INSERT INTO yshop_store_product_attr_value (id, product_id, sku, stock, sales, price, image, `unique`, cost, bar_code, ot_price, weight, volume, brokerage, brokerage_two, pink_price, pink_stock, seckill_price, seckill_stock, integral) VALUES (820016, 30005, '不辣,默认', 9999, 0, 5.00, @placeholder_img, '23f14fc45ee5ac44dc33c60d4a761e91', 5.00, '', 5.00, 0.00, 0.00, 0.00, 0.00, 0.00, 0, 0.00, 0, 0);
INSERT INTO yshop_store_product_attr_value (id, product_id, sku, stock, sales, price, image, `unique`, cost, bar_code, ot_price, weight, volume, brokerage, brokerage_two, pink_price, pink_stock, seckill_price, seckill_stock, integral) VALUES (820017, 30005, '默认,微辣', 9999, 0, 5.00, @placeholder_img, '9d87703a8a4a11b34ce340a1c29147d5', 5.00, '', 5.00, 0.00, 0.00, 0.00, 0.00, 0.00, 0, 0.00, 0, 0);
INSERT INTO yshop_store_product_attr_value (id, product_id, sku, stock, sales, price, image, `unique`, cost, bar_code, ot_price, weight, volume, brokerage, brokerage_two, pink_price, pink_stock, seckill_price, seckill_stock, integral) VALUES (820018, 30005, '默认,中辣', 9999, 0, 5.00, @placeholder_img, '7beea2dad442e662939b782f80ed6e55', 5.00, '', 5.00, 0.00, 0.00, 0.00, 0.00, 0.00, 0, 0.00, 0, 0);
INSERT INTO yshop_store_product_attr_value (id, product_id, sku, stock, sales, price, image, `unique`, cost, bar_code, ot_price, weight, volume, brokerage, brokerage_two, pink_price, pink_stock, seckill_price, seckill_stock, integral) VALUES (820019, 30005, '默认,特辣', 9999, 0, 5.00, @placeholder_img, '222b1df7dc7bf10d7a3a3d0e018298f4', 5.00, '', 5.00, 0.00, 0.00, 0.00, 0.00, 0.00, 0, 0.00, 0, 0);
INSERT INTO yshop_store_product (id, shop_id, shop_name, image, slider_image, store_name, store_info, keyword, bar_code, brand_id, cate_id, price, vip_price, ot_price, postage, unit_name, sort, sales, stock, is_show, is_hot, is_benefit, is_best, is_new, description, creator, create_time, update_time, updater, is_postage, deleted, mer_use, give_integral, cost, is_seckill, is_bargain, is_good, ficti, browse, code_path, is_sub, temp_id, spec_type, is_integral, integral, tenant_id) VALUES (30006, @shop_id, '吉林小串', @placeholder_img, @placeholder_img, '油边', '油边', '油边', '', NULL, '9001', 10.00, 0.00, 10.00, 0.00, '串', 6, 0, 9999, 1, 0, 0, 0, 0, '<p>油边</p>', '1', '2026-05-08 17:44:49', '2026-05-08 17:44:49', '1', 0, b'0', 0, NULL, 10.00, 0, NULL, 0, 100, 0, '', 0, 0, 1, 0, 0, @tenant_id);
INSERT INTO yshop_store_product_attr (id, product_id, attr_name, attr_values) VALUES (800010, 30006, '规格', '默认');
INSERT INTO yshop_store_product_attr (id, product_id, attr_name, attr_values) VALUES (800011, 30006, '辣度', '不辣,微辣,中辣,特辣');
INSERT INTO yshop_store_product_attr_result (id, product_id, result, change_time) VALUES (810005, 30006, '{"attr":[{"attrHidden":"","detail":["默认"],"detailValue":"","value":"规格"},{"attrHidden":"","detail":["不辣","微辣","中辣","特辣"],"detailValue":"","value":"辣度"}],"value":[{"barCode":"","brokerage":0.0,"brokerageTwo":0.0,"cost":10.0,"detail":{"规格":"默认","辣度":"不辣"},"integral":0,"otPrice":10.0,"pic":"","pinkPrice":0.0,"pinkStock":0,"price":10.0,"seckillPrice":0.0,"seckillStock":0,"sku":"","stock":9999,"value1":"默认","value2":"不辣","volume":0.0,"weight":0.0},{"barCode":"","brokerage":0.0,"brokerageTwo":0.0,"cost":10.0,"detail":{"规格":"默认","辣度":"微辣"},"integral":0,"otPrice":10.0,"pic":"","pinkPrice":0.0,"pinkStock":0,"price":10.0,"seckillPrice":0.0,"seckillStock":0,"sku":"","stock":9999,"value1":"默认","value2":"微辣","volume":0.0,"weight":0.0},{"barCode":"","brokerage":0.0,"brokerageTwo":0.0,"cost":10.0,"detail":{"规格":"默认","辣度":"中辣"},"integral":0,"otPrice":10.0,"pic":"","pinkPrice":0.0,"pinkStock":0,"price":10.0,"seckillPrice":0.0,"seckillStock":0,"sku":"","stock":9999,"value1":"默认","value2":"中辣","volume":0.0,"weight":0.0},{"barCode":"","brokerage":0.0,"brokerageTwo":0.0,"cost":10.0,"detail":{"规格":"默认","辣度":"特辣"},"integral":0,"otPrice":10.0,"pic":"","pinkPrice":0.0,"pinkStock":0,"price":10.0,"seckillPrice":0.0,"seckillStock":0,"sku":"","stock":9999,"value1":"默认","value2":"特辣","volume":0.0,"weight":0.0}]}', '2026-05-08 17:44:49');
INSERT INTO yshop_store_product_attr_value (id, product_id, sku, stock, sales, price, image, `unique`, cost, bar_code, ot_price, weight, volume, brokerage, brokerage_two, pink_price, pink_stock, seckill_price, seckill_stock, integral) VALUES (820020, 30006, '不辣,默认', 9999, 0, 10.00, @placeholder_img, '3a66e857d893843916b9444313ecb226', 10.00, '', 10.00, 0.00, 0.00, 0.00, 0.00, 0.00, 0, 0.00, 0, 0);
INSERT INTO yshop_store_product_attr_value (id, product_id, sku, stock, sales, price, image, `unique`, cost, bar_code, ot_price, weight, volume, brokerage, brokerage_two, pink_price, pink_stock, seckill_price, seckill_stock, integral) VALUES (820021, 30006, '默认,微辣', 9999, 0, 10.00, @placeholder_img, '2aa67bb641d32c41ce696add44acbaea', 10.00, '', 10.00, 0.00, 0.00, 0.00, 0.00, 0.00, 0, 0.00, 0, 0);
INSERT INTO yshop_store_product_attr_value (id, product_id, sku, stock, sales, price, image, `unique`, cost, bar_code, ot_price, weight, volume, brokerage, brokerage_two, pink_price, pink_stock, seckill_price, seckill_stock, integral) VALUES (820022, 30006, '默认,中辣', 9999, 0, 10.00, @placeholder_img, 'eecf0e65bdb8c294ec96fce7b299538d', 10.00, '', 10.00, 0.00, 0.00, 0.00, 0.00, 0.00, 0, 0.00, 0, 0);
INSERT INTO yshop_store_product_attr_value (id, product_id, sku, stock, sales, price, image, `unique`, cost, bar_code, ot_price, weight, volume, brokerage, brokerage_two, pink_price, pink_stock, seckill_price, seckill_stock, integral) VALUES (820023, 30006, '默认,特辣', 9999, 0, 10.00, @placeholder_img, 'fcfc55715a5691100b2a39efec4a85cc', 10.00, '', 10.00, 0.00, 0.00, 0.00, 0.00, 0.00, 0, 0.00, 0, 0);
INSERT INTO yshop_store_product (id, shop_id, shop_name, image, slider_image, store_name, store_info, keyword, bar_code, brand_id, cate_id, price, vip_price, ot_price, postage, unit_name, sort, sales, stock, is_show, is_hot, is_benefit, is_best, is_new, description, creator, create_time, update_time, updater, is_postage, deleted, mer_use, give_integral, cost, is_seckill, is_bargain, is_good, ficti, browse, code_path, is_sub, temp_id, spec_type, is_integral, integral, tenant_id) VALUES (30007, @shop_id, '吉林小串', @placeholder_img, @placeholder_img, '雪花牛肉粒', '雪花牛肉粒', '雪花牛肉粒', '', NULL, '9001', 5.00, 0.00, 5.00, 0.00, '串', 7, 0, 9999, 1, 0, 0, 0, 0, '<p>雪花牛肉粒</p>', '1', '2026-05-08 17:44:49', '2026-05-08 17:44:49', '1', 0, b'0', 0, NULL, 5.00, 0, NULL, 0, 100, 0, '', 0, 0, 1, 0, 0, @tenant_id);
INSERT INTO yshop_store_product_attr (id, product_id, attr_name, attr_values) VALUES (800012, 30007, '规格', '默认');
INSERT INTO yshop_store_product_attr (id, product_id, attr_name, attr_values) VALUES (800013, 30007, '辣度', '不辣,微辣,中辣,特辣');
INSERT INTO yshop_store_product_attr_result (id, product_id, result, change_time) VALUES (810006, 30007, '{"attr":[{"attrHidden":"","detail":["默认"],"detailValue":"","value":"规格"},{"attrHidden":"","detail":["不辣","微辣","中辣","特辣"],"detailValue":"","value":"辣度"}],"value":[{"barCode":"","brokerage":0.0,"brokerageTwo":0.0,"cost":5.0,"detail":{"规格":"默认","辣度":"不辣"},"integral":0,"otPrice":5.0,"pic":"","pinkPrice":0.0,"pinkStock":0,"price":5.0,"seckillPrice":0.0,"seckillStock":0,"sku":"","stock":9999,"value1":"默认","value2":"不辣","volume":0.0,"weight":0.0},{"barCode":"","brokerage":0.0,"brokerageTwo":0.0,"cost":5.0,"detail":{"规格":"默认","辣度":"微辣"},"integral":0,"otPrice":5.0,"pic":"","pinkPrice":0.0,"pinkStock":0,"price":5.0,"seckillPrice":0.0,"seckillStock":0,"sku":"","stock":9999,"value1":"默认","value2":"微辣","volume":0.0,"weight":0.0},{"barCode":"","brokerage":0.0,"brokerageTwo":0.0,"cost":5.0,"detail":{"规格":"默认","辣度":"中辣"},"integral":0,"otPrice":5.0,"pic":"","pinkPrice":0.0,"pinkStock":0,"price":5.0,"seckillPrice":0.0,"seckillStock":0,"sku":"","stock":9999,"value1":"默认","value2":"中辣","volume":0.0,"weight":0.0},{"barCode":"","brokerage":0.0,"brokerageTwo":0.0,"cost":5.0,"detail":{"规格":"默认","辣度":"特辣"},"integral":0,"otPrice":5.0,"pic":"","pinkPrice":0.0,"pinkStock":0,"price":5.0,"seckillPrice":0.0,"seckillStock":0,"sku":"","stock":9999,"value1":"默认","value2":"特辣","volume":0.0,"weight":0.0}]}', '2026-05-08 17:44:49');
INSERT INTO yshop_store_product_attr_value (id, product_id, sku, stock, sales, price, image, `unique`, cost, bar_code, ot_price, weight, volume, brokerage, brokerage_two, pink_price, pink_stock, seckill_price, seckill_stock, integral) VALUES (820024, 30007, '不辣,默认', 9999, 0, 5.00, @placeholder_img, 'd37854a3997b224823978b68444586a1', 5.00, '', 5.00, 0.00, 0.00, 0.00, 0.00, 0.00, 0, 0.00, 0, 0);
INSERT INTO yshop_store_product_attr_value (id, product_id, sku, stock, sales, price, image, `unique`, cost, bar_code, ot_price, weight, volume, brokerage, brokerage_two, pink_price, pink_stock, seckill_price, seckill_stock, integral) VALUES (820025, 30007, '默认,微辣', 9999, 0, 5.00, @placeholder_img, '6fe953df9e89450ee64d3b423dce9c8d', 5.00, '', 5.00, 0.00, 0.00, 0.00, 0.00, 0.00, 0, 0.00, 0, 0);
INSERT INTO yshop_store_product_attr_value (id, product_id, sku, stock, sales, price, image, `unique`, cost, bar_code, ot_price, weight, volume, brokerage, brokerage_two, pink_price, pink_stock, seckill_price, seckill_stock, integral) VALUES (820026, 30007, '默认,中辣', 9999, 0, 5.00, @placeholder_img, 'cf5817214fc37b4572a18a7ad40384d7', 5.00, '', 5.00, 0.00, 0.00, 0.00, 0.00, 0.00, 0, 0.00, 0, 0);
INSERT INTO yshop_store_product_attr_value (id, product_id, sku, stock, sales, price, image, `unique`, cost, bar_code, ot_price, weight, volume, brokerage, brokerage_two, pink_price, pink_stock, seckill_price, seckill_stock, integral) VALUES (820027, 30007, '默认,特辣', 9999, 0, 5.00, @placeholder_img, 'a9102f568102bf42a3bbf6ee524628b6', 5.00, '', 5.00, 0.00, 0.00, 0.00, 0.00, 0.00, 0, 0.00, 0, 0);
INSERT INTO yshop_store_product (id, shop_id, shop_name, image, slider_image, store_name, store_info, keyword, bar_code, brand_id, cate_id, price, vip_price, ot_price, postage, unit_name, sort, sales, stock, is_show, is_hot, is_benefit, is_best, is_new, description, creator, create_time, update_time, updater, is_postage, deleted, mer_use, give_integral, cost, is_seckill, is_bargain, is_good, ficti, browse, code_path, is_sub, temp_id, spec_type, is_integral, integral, tenant_id) VALUES (30008, @shop_id, '吉林小串', @placeholder_img, @placeholder_img, '一根筋', '一根筋', '一根筋', '', NULL, '9001', 5.00, 0.00, 5.00, 0.00, '串', 8, 0, 9999, 1, 0, 0, 0, 0, '<p>一根筋</p>', '1', '2026-05-08 17:44:49', '2026-05-08 17:44:49', '1', 0, b'0', 0, NULL, 5.00, 0, NULL, 0, 100, 0, '', 0, 0, 1, 0, 0, @tenant_id);
INSERT INTO yshop_store_product_attr (id, product_id, attr_name, attr_values) VALUES (800014, 30008, '规格', '默认');
INSERT INTO yshop_store_product_attr (id, product_id, attr_name, attr_values) VALUES (800015, 30008, '辣度', '不辣,微辣,中辣,特辣');
INSERT INTO yshop_store_product_attr_result (id, product_id, result, change_time) VALUES (810007, 30008, '{"attr":[{"attrHidden":"","detail":["默认"],"detailValue":"","value":"规格"},{"attrHidden":"","detail":["不辣","微辣","中辣","特辣"],"detailValue":"","value":"辣度"}],"value":[{"barCode":"","brokerage":0.0,"brokerageTwo":0.0,"cost":5.0,"detail":{"规格":"默认","辣度":"不辣"},"integral":0,"otPrice":5.0,"pic":"","pinkPrice":0.0,"pinkStock":0,"price":5.0,"seckillPrice":0.0,"seckillStock":0,"sku":"","stock":9999,"value1":"默认","value2":"不辣","volume":0.0,"weight":0.0},{"barCode":"","brokerage":0.0,"brokerageTwo":0.0,"cost":5.0,"detail":{"规格":"默认","辣度":"微辣"},"integral":0,"otPrice":5.0,"pic":"","pinkPrice":0.0,"pinkStock":0,"price":5.0,"seckillPrice":0.0,"seckillStock":0,"sku":"","stock":9999,"value1":"默认","value2":"微辣","volume":0.0,"weight":0.0},{"barCode":"","brokerage":0.0,"brokerageTwo":0.0,"cost":5.0,"detail":{"规格":"默认","辣度":"中辣"},"integral":0,"otPrice":5.0,"pic":"","pinkPrice":0.0,"pinkStock":0,"price":5.0,"seckillPrice":0.0,"seckillStock":0,"sku":"","stock":9999,"value1":"默认","value2":"中辣","volume":0.0,"weight":0.0},{"barCode":"","brokerage":0.0,"brokerageTwo":0.0,"cost":5.0,"detail":{"规格":"默认","辣度":"特辣"},"integral":0,"otPrice":5.0,"pic":"","pinkPrice":0.0,"pinkStock":0,"price":5.0,"seckillPrice":0.0,"seckillStock":0,"sku":"","stock":9999,"value1":"默认","value2":"特辣","volume":0.0,"weight":0.0}]}', '2026-05-08 17:44:49');
INSERT INTO yshop_store_product_attr_value (id, product_id, sku, stock, sales, price, image, `unique`, cost, bar_code, ot_price, weight, volume, brokerage, brokerage_two, pink_price, pink_stock, seckill_price, seckill_stock, integral) VALUES (820028, 30008, '不辣,默认', 9999, 0, 5.00, @placeholder_img, '4bae961523849d54b0a77b7c0a10ab9c', 5.00, '', 5.00, 0.00, 0.00, 0.00, 0.00, 0.00, 0, 0.00, 0, 0);
INSERT INTO yshop_store_product_attr_value (id, product_id, sku, stock, sales, price, image, `unique`, cost, bar_code, ot_price, weight, volume, brokerage, brokerage_two, pink_price, pink_stock, seckill_price, seckill_stock, integral) VALUES (820029, 30008, '默认,微辣', 9999, 0, 5.00, @placeholder_img, '5942c6b972f8501ceaa1977482ce6ba4', 5.00, '', 5.00, 0.00, 0.00, 0.00, 0.00, 0.00, 0, 0.00, 0, 0);
INSERT INTO yshop_store_product_attr_value (id, product_id, sku, stock, sales, price, image, `unique`, cost, bar_code, ot_price, weight, volume, brokerage, brokerage_two, pink_price, pink_stock, seckill_price, seckill_stock, integral) VALUES (820030, 30008, '默认,中辣', 9999, 0, 5.00, @placeholder_img, 'cd8d81cf35221922de8810e6ed40c332', 5.00, '', 5.00, 0.00, 0.00, 0.00, 0.00, 0.00, 0, 0.00, 0, 0);
INSERT INTO yshop_store_product_attr_value (id, product_id, sku, stock, sales, price, image, `unique`, cost, bar_code, ot_price, weight, volume, brokerage, brokerage_two, pink_price, pink_stock, seckill_price, seckill_stock, integral) VALUES (820031, 30008, '默认,特辣', 9999, 0, 5.00, @placeholder_img, '628c2820868d6e97d7e1fd7336253b83', 5.00, '', 5.00, 0.00, 0.00, 0.00, 0.00, 0.00, 0, 0.00, 0, 0);
INSERT INTO yshop_store_product (id, shop_id, shop_name, image, slider_image, store_name, store_info, keyword, bar_code, brand_id, cate_id, price, vip_price, ot_price, postage, unit_name, sort, sales, stock, is_show, is_hot, is_benefit, is_best, is_new, description, creator, create_time, update_time, updater, is_postage, deleted, mer_use, give_integral, cost, is_seckill, is_bargain, is_good, ficti, browse, code_path, is_sub, temp_id, spec_type, is_integral, integral, tenant_id) VALUES (30009, @shop_id, '吉林小串', @placeholder_img, @placeholder_img, '腰子', '腰子', '腰子', '', NULL, '9001', 10.00, 0.00, 10.00, 0.00, '串', 9, 0, 9999, 1, 0, 0, 0, 0, '<p>腰子</p>', '1', '2026-05-08 17:44:49', '2026-05-08 17:44:49', '1', 0, b'0', 0, NULL, 10.00, 0, NULL, 0, 100, 0, '', 0, 0, 1, 0, 0, @tenant_id);
INSERT INTO yshop_store_product_attr (id, product_id, attr_name, attr_values) VALUES (800016, 30009, '规格', '默认');
INSERT INTO yshop_store_product_attr (id, product_id, attr_name, attr_values) VALUES (800017, 30009, '辣度', '不辣,微辣,中辣,特辣');
INSERT INTO yshop_store_product_attr_result (id, product_id, result, change_time) VALUES (810008, 30009, '{"attr":[{"attrHidden":"","detail":["默认"],"detailValue":"","value":"规格"},{"attrHidden":"","detail":["不辣","微辣","中辣","特辣"],"detailValue":"","value":"辣度"}],"value":[{"barCode":"","brokerage":0.0,"brokerageTwo":0.0,"cost":10.0,"detail":{"规格":"默认","辣度":"不辣"},"integral":0,"otPrice":10.0,"pic":"","pinkPrice":0.0,"pinkStock":0,"price":10.0,"seckillPrice":0.0,"seckillStock":0,"sku":"","stock":9999,"value1":"默认","value2":"不辣","volume":0.0,"weight":0.0},{"barCode":"","brokerage":0.0,"brokerageTwo":0.0,"cost":10.0,"detail":{"规格":"默认","辣度":"微辣"},"integral":0,"otPrice":10.0,"pic":"","pinkPrice":0.0,"pinkStock":0,"price":10.0,"seckillPrice":0.0,"seckillStock":0,"sku":"","stock":9999,"value1":"默认","value2":"微辣","volume":0.0,"weight":0.0},{"barCode":"","brokerage":0.0,"brokerageTwo":0.0,"cost":10.0,"detail":{"规格":"默认","辣度":"中辣"},"integral":0,"otPrice":10.0,"pic":"","pinkPrice":0.0,"pinkStock":0,"price":10.0,"seckillPrice":0.0,"seckillStock":0,"sku":"","stock":9999,"value1":"默认","value2":"中辣","volume":0.0,"weight":0.0},{"barCode":"","brokerage":0.0,"brokerageTwo":0.0,"cost":10.0,"detail":{"规格":"默认","辣度":"特辣"},"integral":0,"otPrice":10.0,"pic":"","pinkPrice":0.0,"pinkStock":0,"price":10.0,"seckillPrice":0.0,"seckillStock":0,"sku":"","stock":9999,"value1":"默认","value2":"特辣","volume":0.0,"weight":0.0}]}', '2026-05-08 17:44:49');
INSERT INTO yshop_store_product_attr_value (id, product_id, sku, stock, sales, price, image, `unique`, cost, bar_code, ot_price, weight, volume, brokerage, brokerage_two, pink_price, pink_stock, seckill_price, seckill_stock, integral) VALUES (820032, 30009, '不辣,默认', 9999, 0, 10.00, @placeholder_img, '31116ffe21c87752f5bcd6441bad68a8', 10.00, '', 10.00, 0.00, 0.00, 0.00, 0.00, 0.00, 0, 0.00, 0, 0);
INSERT INTO yshop_store_product_attr_value (id, product_id, sku, stock, sales, price, image, `unique`, cost, bar_code, ot_price, weight, volume, brokerage, brokerage_two, pink_price, pink_stock, seckill_price, seckill_stock, integral) VALUES (820033, 30009, '默认,微辣', 9999, 0, 10.00, @placeholder_img, 'aecec40c1ae9b06db94199d59699348f', 10.00, '', 10.00, 0.00, 0.00, 0.00, 0.00, 0.00, 0, 0.00, 0, 0);
INSERT INTO yshop_store_product_attr_value (id, product_id, sku, stock, sales, price, image, `unique`, cost, bar_code, ot_price, weight, volume, brokerage, brokerage_two, pink_price, pink_stock, seckill_price, seckill_stock, integral) VALUES (820034, 30009, '默认,中辣', 9999, 0, 10.00, @placeholder_img, '10caa9cdb7a4170dcb789cede45a1233', 10.00, '', 10.00, 0.00, 0.00, 0.00, 0.00, 0.00, 0, 0.00, 0, 0);
INSERT INTO yshop_store_product_attr_value (id, product_id, sku, stock, sales, price, image, `unique`, cost, bar_code, ot_price, weight, volume, brokerage, brokerage_two, pink_price, pink_stock, seckill_price, seckill_stock, integral) VALUES (820035, 30009, '默认,特辣', 9999, 0, 10.00, @placeholder_img, 'd036332ec780e8988dd0f132daa74b59', 10.00, '', 10.00, 0.00, 0.00, 0.00, 0.00, 0.00, 0, 0.00, 0, 0);
INSERT INTO yshop_store_product (id, shop_id, shop_name, image, slider_image, store_name, store_info, keyword, bar_code, brand_id, cate_id, price, vip_price, ot_price, postage, unit_name, sort, sales, stock, is_show, is_hot, is_benefit, is_best, is_new, description, creator, create_time, update_time, updater, is_postage, deleted, mer_use, give_integral, cost, is_seckill, is_bargain, is_good, ficti, browse, code_path, is_sub, temp_id, spec_type, is_integral, integral, tenant_id) VALUES (30010, @shop_id, '吉林小串', @placeholder_img, @placeholder_img, '牛窝骨筋', '牛窝骨筋', '牛窝骨筋', '', NULL, '9001', 10.00, 0.00, 10.00, 0.00, '串', 10, 0, 9999, 1, 0, 0, 0, 0, '<p>牛窝骨筋</p>', '1', '2026-05-08 17:44:49', '2026-05-08 17:44:49', '1', 0, b'0', 0, NULL, 10.00, 0, NULL, 0, 100, 0, '', 0, 0, 1, 0, 0, @tenant_id);
INSERT INTO yshop_store_product_attr (id, product_id, attr_name, attr_values) VALUES (800018, 30010, '规格', '默认');
INSERT INTO yshop_store_product_attr (id, product_id, attr_name, attr_values) VALUES (800019, 30010, '辣度', '不辣,微辣,中辣,特辣');
INSERT INTO yshop_store_product_attr_result (id, product_id, result, change_time) VALUES (810009, 30010, '{"attr":[{"attrHidden":"","detail":["默认"],"detailValue":"","value":"规格"},{"attrHidden":"","detail":["不辣","微辣","中辣","特辣"],"detailValue":"","value":"辣度"}],"value":[{"barCode":"","brokerage":0.0,"brokerageTwo":0.0,"cost":10.0,"detail":{"规格":"默认","辣度":"不辣"},"integral":0,"otPrice":10.0,"pic":"","pinkPrice":0.0,"pinkStock":0,"price":10.0,"seckillPrice":0.0,"seckillStock":0,"sku":"","stock":9999,"value1":"默认","value2":"不辣","volume":0.0,"weight":0.0},{"barCode":"","brokerage":0.0,"brokerageTwo":0.0,"cost":10.0,"detail":{"规格":"默认","辣度":"微辣"},"integral":0,"otPrice":10.0,"pic":"","pinkPrice":0.0,"pinkStock":0,"price":10.0,"seckillPrice":0.0,"seckillStock":0,"sku":"","stock":9999,"value1":"默认","value2":"微辣","volume":0.0,"weight":0.0},{"barCode":"","brokerage":0.0,"brokerageTwo":0.0,"cost":10.0,"detail":{"规格":"默认","辣度":"中辣"},"integral":0,"otPrice":10.0,"pic":"","pinkPrice":0.0,"pinkStock":0,"price":10.0,"seckillPrice":0.0,"seckillStock":0,"sku":"","stock":9999,"value1":"默认","value2":"中辣","volume":0.0,"weight":0.0},{"barCode":"","brokerage":0.0,"brokerageTwo":0.0,"cost":10.0,"detail":{"规格":"默认","辣度":"特辣"},"integral":0,"otPrice":10.0,"pic":"","pinkPrice":0.0,"pinkStock":0,"price":10.0,"seckillPrice":0.0,"seckillStock":0,"sku":"","stock":9999,"value1":"默认","value2":"特辣","volume":0.0,"weight":0.0}]}', '2026-05-08 17:44:49');
INSERT INTO yshop_store_product_attr_value (id, product_id, sku, stock, sales, price, image, `unique`, cost, bar_code, ot_price, weight, volume, brokerage, brokerage_two, pink_price, pink_stock, seckill_price, seckill_stock, integral) VALUES (820036, 30010, '不辣,默认', 9999, 0, 10.00, @placeholder_img, '089a0e361dc40bd7de8338a2d924895f', 10.00, '', 10.00, 0.00, 0.00, 0.00, 0.00, 0.00, 0, 0.00, 0, 0);
INSERT INTO yshop_store_product_attr_value (id, product_id, sku, stock, sales, price, image, `unique`, cost, bar_code, ot_price, weight, volume, brokerage, brokerage_two, pink_price, pink_stock, seckill_price, seckill_stock, integral) VALUES (820037, 30010, '默认,微辣', 9999, 0, 10.00, @placeholder_img, '82ad6c2a344b0efa5119170fc9c4685e', 10.00, '', 10.00, 0.00, 0.00, 0.00, 0.00, 0.00, 0, 0.00, 0, 0);
INSERT INTO yshop_store_product_attr_value (id, product_id, sku, stock, sales, price, image, `unique`, cost, bar_code, ot_price, weight, volume, brokerage, brokerage_two, pink_price, pink_stock, seckill_price, seckill_stock, integral) VALUES (820038, 30010, '默认,中辣', 9999, 0, 10.00, @placeholder_img, 'cce95cf112765354d332247657bca200', 10.00, '', 10.00, 0.00, 0.00, 0.00, 0.00, 0.00, 0, 0.00, 0, 0);
INSERT INTO yshop_store_product_attr_value (id, product_id, sku, stock, sales, price, image, `unique`, cost, bar_code, ot_price, weight, volume, brokerage, brokerage_two, pink_price, pink_stock, seckill_price, seckill_stock, integral) VALUES (820039, 30010, '默认,特辣', 9999, 0, 10.00, @placeholder_img, '4b41ad5c22a3938d76d4b5234ee36ee8', 10.00, '', 10.00, 0.00, 0.00, 0.00, 0.00, 0.00, 0, 0.00, 0, 0);
INSERT INTO yshop_store_product (id, shop_id, shop_name, image, slider_image, store_name, store_info, keyword, bar_code, brand_id, cate_id, price, vip_price, ot_price, postage, unit_name, sort, sales, stock, is_show, is_hot, is_benefit, is_best, is_new, description, creator, create_time, update_time, updater, is_postage, deleted, mer_use, give_integral, cost, is_seckill, is_bargain, is_good, ficti, browse, code_path, is_sub, temp_id, spec_type, is_integral, integral, tenant_id) VALUES (30011, @shop_id, '吉林小串', @placeholder_img, @placeholder_img, '筋皮子', '筋皮子', '筋皮子', '', NULL, '9001', 5.00, 0.00, 5.00, 0.00, '串', 11, 0, 9999, 1, 0, 0, 0, 0, '<p>筋皮子</p>', '1', '2026-05-08 17:44:49', '2026-05-08 17:44:49', '1', 0, b'0', 0, NULL, 5.00, 0, NULL, 0, 100, 0, '', 0, 0, 1, 0, 0, @tenant_id);
INSERT INTO yshop_store_product_attr (id, product_id, attr_name, attr_values) VALUES (800020, 30011, '规格', '默认');
INSERT INTO yshop_store_product_attr (id, product_id, attr_name, attr_values) VALUES (800021, 30011, '辣度', '不辣,微辣,中辣,特辣');
INSERT INTO yshop_store_product_attr_result (id, product_id, result, change_time) VALUES (810010, 30011, '{"attr":[{"attrHidden":"","detail":["默认"],"detailValue":"","value":"规格"},{"attrHidden":"","detail":["不辣","微辣","中辣","特辣"],"detailValue":"","value":"辣度"}],"value":[{"barCode":"","brokerage":0.0,"brokerageTwo":0.0,"cost":5.0,"detail":{"规格":"默认","辣度":"不辣"},"integral":0,"otPrice":5.0,"pic":"","pinkPrice":0.0,"pinkStock":0,"price":5.0,"seckillPrice":0.0,"seckillStock":0,"sku":"","stock":9999,"value1":"默认","value2":"不辣","volume":0.0,"weight":0.0},{"barCode":"","brokerage":0.0,"brokerageTwo":0.0,"cost":5.0,"detail":{"规格":"默认","辣度":"微辣"},"integral":0,"otPrice":5.0,"pic":"","pinkPrice":0.0,"pinkStock":0,"price":5.0,"seckillPrice":0.0,"seckillStock":0,"sku":"","stock":9999,"value1":"默认","value2":"微辣","volume":0.0,"weight":0.0},{"barCode":"","brokerage":0.0,"brokerageTwo":0.0,"cost":5.0,"detail":{"规格":"默认","辣度":"中辣"},"integral":0,"otPrice":5.0,"pic":"","pinkPrice":0.0,"pinkStock":0,"price":5.0,"seckillPrice":0.0,"seckillStock":0,"sku":"","stock":9999,"value1":"默认","value2":"中辣","volume":0.0,"weight":0.0},{"barCode":"","brokerage":0.0,"brokerageTwo":0.0,"cost":5.0,"detail":{"规格":"默认","辣度":"特辣"},"integral":0,"otPrice":5.0,"pic":"","pinkPrice":0.0,"pinkStock":0,"price":5.0,"seckillPrice":0.0,"seckillStock":0,"sku":"","stock":9999,"value1":"默认","value2":"特辣","volume":0.0,"weight":0.0}]}', '2026-05-08 17:44:49');
INSERT INTO yshop_store_product_attr_value (id, product_id, sku, stock, sales, price, image, `unique`, cost, bar_code, ot_price, weight, volume, brokerage, brokerage_two, pink_price, pink_stock, seckill_price, seckill_stock, integral) VALUES (820040, 30011, '不辣,默认', 9999, 0, 5.00, @placeholder_img, '6689119c1754712a9d16e7031c0449df', 5.00, '', 5.00, 0.00, 0.00, 0.00, 0.00, 0.00, 0, 0.00, 0, 0);
INSERT INTO yshop_store_product_attr_value (id, product_id, sku, stock, sales, price, image, `unique`, cost, bar_code, ot_price, weight, volume, brokerage, brokerage_two, pink_price, pink_stock, seckill_price, seckill_stock, integral) VALUES (820041, 30011, '默认,微辣', 9999, 0, 5.00, @placeholder_img, '05413c804f89f81f372a85aa6de683b7', 5.00, '', 5.00, 0.00, 0.00, 0.00, 0.00, 0.00, 0, 0.00, 0, 0);
INSERT INTO yshop_store_product_attr_value (id, product_id, sku, stock, sales, price, image, `unique`, cost, bar_code, ot_price, weight, volume, brokerage, brokerage_two, pink_price, pink_stock, seckill_price, seckill_stock, integral) VALUES (820042, 30011, '默认,中辣', 9999, 0, 5.00, @placeholder_img, '9b27dcc3aeeaaf770227f4474024cefb', 5.00, '', 5.00, 0.00, 0.00, 0.00, 0.00, 0.00, 0, 0.00, 0, 0);
INSERT INTO yshop_store_product_attr_value (id, product_id, sku, stock, sales, price, image, `unique`, cost, bar_code, ot_price, weight, volume, brokerage, brokerage_two, pink_price, pink_stock, seckill_price, seckill_stock, integral) VALUES (820043, 30011, '默认,特辣', 9999, 0, 5.00, @placeholder_img, 'd98a2c5d17ff4f3c400b4c3e6642ede2', 5.00, '', 5.00, 0.00, 0.00, 0.00, 0.00, 0.00, 0, 0.00, 0, 0);
INSERT INTO yshop_store_product (id, shop_id, shop_name, image, slider_image, store_name, store_info, keyword, bar_code, brand_id, cate_id, price, vip_price, ot_price, postage, unit_name, sort, sales, stock, is_show, is_hot, is_benefit, is_best, is_new, description, creator, create_time, update_time, updater, is_postage, deleted, mer_use, give_integral, cost, is_seckill, is_bargain, is_good, ficti, browse, code_path, is_sub, temp_id, spec_type, is_integral, integral, tenant_id) VALUES (30012, @shop_id, '吉林小串', @placeholder_img, @placeholder_img, '牛板筋', '牛板筋', '牛板筋', '', NULL, '9001', 4.00, 0.00, 4.00, 0.00, '串', 12, 0, 9999, 1, 0, 0, 0, 0, '<p>牛板筋</p>', '1', '2026-05-08 17:44:49', '2026-05-08 17:44:49', '1', 0, b'0', 0, NULL, 4.00, 0, NULL, 0, 100, 0, '', 0, 0, 1, 0, 0, @tenant_id);
INSERT INTO yshop_store_product_attr (id, product_id, attr_name, attr_values) VALUES (800022, 30012, '规格', '默认');
INSERT INTO yshop_store_product_attr (id, product_id, attr_name, attr_values) VALUES (800023, 30012, '辣度', '不辣,微辣,中辣,特辣');
INSERT INTO yshop_store_product_attr_result (id, product_id, result, change_time) VALUES (810011, 30012, '{"attr":[{"attrHidden":"","detail":["默认"],"detailValue":"","value":"规格"},{"attrHidden":"","detail":["不辣","微辣","中辣","特辣"],"detailValue":"","value":"辣度"}],"value":[{"barCode":"","brokerage":0.0,"brokerageTwo":0.0,"cost":4.0,"detail":{"规格":"默认","辣度":"不辣"},"integral":0,"otPrice":4.0,"pic":"","pinkPrice":0.0,"pinkStock":0,"price":4.0,"seckillPrice":0.0,"seckillStock":0,"sku":"","stock":9999,"value1":"默认","value2":"不辣","volume":0.0,"weight":0.0},{"barCode":"","brokerage":0.0,"brokerageTwo":0.0,"cost":4.0,"detail":{"规格":"默认","辣度":"微辣"},"integral":0,"otPrice":4.0,"pic":"","pinkPrice":0.0,"pinkStock":0,"price":4.0,"seckillPrice":0.0,"seckillStock":0,"sku":"","stock":9999,"value1":"默认","value2":"微辣","volume":0.0,"weight":0.0},{"barCode":"","brokerage":0.0,"brokerageTwo":0.0,"cost":4.0,"detail":{"规格":"默认","辣度":"中辣"},"integral":0,"otPrice":4.0,"pic":"","pinkPrice":0.0,"pinkStock":0,"price":4.0,"seckillPrice":0.0,"seckillStock":0,"sku":"","stock":9999,"value1":"默认","value2":"中辣","volume":0.0,"weight":0.0},{"barCode":"","brokerage":0.0,"brokerageTwo":0.0,"cost":4.0,"detail":{"规格":"默认","辣度":"特辣"},"integral":0,"otPrice":4.0,"pic":"","pinkPrice":0.0,"pinkStock":0,"price":4.0,"seckillPrice":0.0,"seckillStock":0,"sku":"","stock":9999,"value1":"默认","value2":"特辣","volume":0.0,"weight":0.0}]}', '2026-05-08 17:44:49');
INSERT INTO yshop_store_product_attr_value (id, product_id, sku, stock, sales, price, image, `unique`, cost, bar_code, ot_price, weight, volume, brokerage, brokerage_two, pink_price, pink_stock, seckill_price, seckill_stock, integral) VALUES (820044, 30012, '不辣,默认', 9999, 0, 4.00, @placeholder_img, 'ed76aab1f7cf4bf6ebb2c053527fbba2', 4.00, '', 4.00, 0.00, 0.00, 0.00, 0.00, 0.00, 0, 0.00, 0, 0);
INSERT INTO yshop_store_product_attr_value (id, product_id, sku, stock, sales, price, image, `unique`, cost, bar_code, ot_price, weight, volume, brokerage, brokerage_two, pink_price, pink_stock, seckill_price, seckill_stock, integral) VALUES (820045, 30012, '默认,微辣', 9999, 0, 4.00, @placeholder_img, 'be3edbba903e57f447a014f4129e8c1d', 4.00, '', 4.00, 0.00, 0.00, 0.00, 0.00, 0.00, 0, 0.00, 0, 0);
INSERT INTO yshop_store_product_attr_value (id, product_id, sku, stock, sales, price, image, `unique`, cost, bar_code, ot_price, weight, volume, brokerage, brokerage_two, pink_price, pink_stock, seckill_price, seckill_stock, integral) VALUES (820046, 30012, '默认,中辣', 9999, 0, 4.00, @placeholder_img, 'c44a12bee1b1b4dac4583edb596ec991', 4.00, '', 4.00, 0.00, 0.00, 0.00, 0.00, 0.00, 0, 0.00, 0, 0);
INSERT INTO yshop_store_product_attr_value (id, product_id, sku, stock, sales, price, image, `unique`, cost, bar_code, ot_price, weight, volume, brokerage, brokerage_two, pink_price, pink_stock, seckill_price, seckill_stock, integral) VALUES (820047, 30012, '默认,特辣', 9999, 0, 4.00, @placeholder_img, 'f994a6a0c30f831ac9088c2f89580357', 4.00, '', 4.00, 0.00, 0.00, 0.00, 0.00, 0.00, 0, 0.00, 0, 0);
INSERT INTO yshop_store_product (id, shop_id, shop_name, image, slider_image, store_name, store_info, keyword, bar_code, brand_id, cate_id, price, vip_price, ot_price, postage, unit_name, sort, sales, stock, is_show, is_hot, is_benefit, is_best, is_new, description, creator, create_time, update_time, updater, is_postage, deleted, mer_use, give_integral, cost, is_seckill, is_bargain, is_good, ficti, browse, code_path, is_sub, temp_id, spec_type, is_integral, integral, tenant_id) VALUES (30013, @shop_id, '吉林小串', @placeholder_img, @placeholder_img, '鸡胗', '鸡胗', '鸡胗', '', NULL, '9001', 3.00, 0.00, 3.00, 0.00, '串', 13, 0, 9999, 1, 0, 0, 0, 0, '<p>鸡胗</p>', '1', '2026-05-08 17:44:49', '2026-05-08 17:44:49', '1', 0, b'0', 0, NULL, 3.00, 0, NULL, 0, 100, 0, '', 0, 0, 1, 0, 0, @tenant_id);
INSERT INTO yshop_store_product_attr (id, product_id, attr_name, attr_values) VALUES (800024, 30013, '规格', '默认');
INSERT INTO yshop_store_product_attr (id, product_id, attr_name, attr_values) VALUES (800025, 30013, '辣度', '不辣,微辣,中辣,特辣');
INSERT INTO yshop_store_product_attr_result (id, product_id, result, change_time) VALUES (810012, 30013, '{"attr":[{"attrHidden":"","detail":["默认"],"detailValue":"","value":"规格"},{"attrHidden":"","detail":["不辣","微辣","中辣","特辣"],"detailValue":"","value":"辣度"}],"value":[{"barCode":"","brokerage":0.0,"brokerageTwo":0.0,"cost":3.0,"detail":{"规格":"默认","辣度":"不辣"},"integral":0,"otPrice":3.0,"pic":"","pinkPrice":0.0,"pinkStock":0,"price":3.0,"seckillPrice":0.0,"seckillStock":0,"sku":"","stock":9999,"value1":"默认","value2":"不辣","volume":0.0,"weight":0.0},{"barCode":"","brokerage":0.0,"brokerageTwo":0.0,"cost":3.0,"detail":{"规格":"默认","辣度":"微辣"},"integral":0,"otPrice":3.0,"pic":"","pinkPrice":0.0,"pinkStock":0,"price":3.0,"seckillPrice":0.0,"seckillStock":0,"sku":"","stock":9999,"value1":"默认","value2":"微辣","volume":0.0,"weight":0.0},{"barCode":"","brokerage":0.0,"brokerageTwo":0.0,"cost":3.0,"detail":{"规格":"默认","辣度":"中辣"},"integral":0,"otPrice":3.0,"pic":"","pinkPrice":0.0,"pinkStock":0,"price":3.0,"seckillPrice":0.0,"seckillStock":0,"sku":"","stock":9999,"value1":"默认","value2":"中辣","volume":0.0,"weight":0.0},{"barCode":"","brokerage":0.0,"brokerageTwo":0.0,"cost":3.0,"detail":{"规格":"默认","辣度":"特辣"},"integral":0,"otPrice":3.0,"pic":"","pinkPrice":0.0,"pinkStock":0,"price":3.0,"seckillPrice":0.0,"seckillStock":0,"sku":"","stock":9999,"value1":"默认","value2":"特辣","volume":0.0,"weight":0.0}]}', '2026-05-08 17:44:49');
INSERT INTO yshop_store_product_attr_value (id, product_id, sku, stock, sales, price, image, `unique`, cost, bar_code, ot_price, weight, volume, brokerage, brokerage_two, pink_price, pink_stock, seckill_price, seckill_stock, integral) VALUES (820048, 30013, '不辣,默认', 9999, 0, 3.00, @placeholder_img, 'c2af5279b88b0010d81c0dbe2ddb416f', 3.00, '', 3.00, 0.00, 0.00, 0.00, 0.00, 0.00, 0, 0.00, 0, 0);
INSERT INTO yshop_store_product_attr_value (id, product_id, sku, stock, sales, price, image, `unique`, cost, bar_code, ot_price, weight, volume, brokerage, brokerage_two, pink_price, pink_stock, seckill_price, seckill_stock, integral) VALUES (820049, 30013, '默认,微辣', 9999, 0, 3.00, @placeholder_img, 'f5c9ef5ca0df6aa4511e75e19835ad80', 3.00, '', 3.00, 0.00, 0.00, 0.00, 0.00, 0.00, 0, 0.00, 0, 0);
INSERT INTO yshop_store_product_attr_value (id, product_id, sku, stock, sales, price, image, `unique`, cost, bar_code, ot_price, weight, volume, brokerage, brokerage_two, pink_price, pink_stock, seckill_price, seckill_stock, integral) VALUES (820050, 30013, '默认,中辣', 9999, 0, 3.00, @placeholder_img, '7d1411123c8742ec328d6ebb530760a4', 3.00, '', 3.00, 0.00, 0.00, 0.00, 0.00, 0.00, 0, 0.00, 0, 0);
INSERT INTO yshop_store_product_attr_value (id, product_id, sku, stock, sales, price, image, `unique`, cost, bar_code, ot_price, weight, volume, brokerage, brokerage_two, pink_price, pink_stock, seckill_price, seckill_stock, integral) VALUES (820051, 30013, '默认,特辣', 9999, 0, 3.00, @placeholder_img, 'a79d1f9753bb99c6cc8ce2b0d75b0536', 3.00, '', 3.00, 0.00, 0.00, 0.00, 0.00, 0.00, 0, 0.00, 0, 0);
INSERT INTO yshop_store_product (id, shop_id, shop_name, image, slider_image, store_name, store_info, keyword, bar_code, brand_id, cate_id, price, vip_price, ot_price, postage, unit_name, sort, sales, stock, is_show, is_hot, is_benefit, is_best, is_new, description, creator, create_time, update_time, updater, is_postage, deleted, mer_use, give_integral, cost, is_seckill, is_bargain, is_good, ficti, browse, code_path, is_sub, temp_id, spec_type, is_integral, integral, tenant_id) VALUES (30014, @shop_id, '吉林小串', @placeholder_img, @placeholder_img, '鸡心', '鸡心', '鸡心', '', NULL, '9001', 3.00, 0.00, 3.00, 0.00, '串', 14, 0, 9999, 1, 0, 0, 0, 0, '<p>鸡心</p>', '1', '2026-05-08 17:44:49', '2026-05-08 17:44:49', '1', 0, b'0', 0, NULL, 3.00, 0, NULL, 0, 100, 0, '', 0, 0, 1, 0, 0, @tenant_id);
INSERT INTO yshop_store_product_attr (id, product_id, attr_name, attr_values) VALUES (800026, 30014, '规格', '默认');
INSERT INTO yshop_store_product_attr (id, product_id, attr_name, attr_values) VALUES (800027, 30014, '辣度', '不辣,微辣,中辣,特辣');
INSERT INTO yshop_store_product_attr_result (id, product_id, result, change_time) VALUES (810013, 30014, '{"attr":[{"attrHidden":"","detail":["默认"],"detailValue":"","value":"规格"},{"attrHidden":"","detail":["不辣","微辣","中辣","特辣"],"detailValue":"","value":"辣度"}],"value":[{"barCode":"","brokerage":0.0,"brokerageTwo":0.0,"cost":3.0,"detail":{"规格":"默认","辣度":"不辣"},"integral":0,"otPrice":3.0,"pic":"","pinkPrice":0.0,"pinkStock":0,"price":3.0,"seckillPrice":0.0,"seckillStock":0,"sku":"","stock":9999,"value1":"默认","value2":"不辣","volume":0.0,"weight":0.0},{"barCode":"","brokerage":0.0,"brokerageTwo":0.0,"cost":3.0,"detail":{"规格":"默认","辣度":"微辣"},"integral":0,"otPrice":3.0,"pic":"","pinkPrice":0.0,"pinkStock":0,"price":3.0,"seckillPrice":0.0,"seckillStock":0,"sku":"","stock":9999,"value1":"默认","value2":"微辣","volume":0.0,"weight":0.0},{"barCode":"","brokerage":0.0,"brokerageTwo":0.0,"cost":3.0,"detail":{"规格":"默认","辣度":"中辣"},"integral":0,"otPrice":3.0,"pic":"","pinkPrice":0.0,"pinkStock":0,"price":3.0,"seckillPrice":0.0,"seckillStock":0,"sku":"","stock":9999,"value1":"默认","value2":"中辣","volume":0.0,"weight":0.0},{"barCode":"","brokerage":0.0,"brokerageTwo":0.0,"cost":3.0,"detail":{"规格":"默认","辣度":"特辣"},"integral":0,"otPrice":3.0,"pic":"","pinkPrice":0.0,"pinkStock":0,"price":3.0,"seckillPrice":0.0,"seckillStock":0,"sku":"","stock":9999,"value1":"默认","value2":"特辣","volume":0.0,"weight":0.0}]}', '2026-05-08 17:44:49');
INSERT INTO yshop_store_product_attr_value (id, product_id, sku, stock, sales, price, image, `unique`, cost, bar_code, ot_price, weight, volume, brokerage, brokerage_two, pink_price, pink_stock, seckill_price, seckill_stock, integral) VALUES (820052, 30014, '不辣,默认', 9999, 0, 3.00, @placeholder_img, 'e3937080efbb41fe05f5c15ddd5f28a4', 3.00, '', 3.00, 0.00, 0.00, 0.00, 0.00, 0.00, 0, 0.00, 0, 0);
INSERT INTO yshop_store_product_attr_value (id, product_id, sku, stock, sales, price, image, `unique`, cost, bar_code, ot_price, weight, volume, brokerage, brokerage_two, pink_price, pink_stock, seckill_price, seckill_stock, integral) VALUES (820053, 30014, '默认,微辣', 9999, 0, 3.00, @placeholder_img, '6c80075ac6da1e89488b791fef09a45d', 3.00, '', 3.00, 0.00, 0.00, 0.00, 0.00, 0.00, 0, 0.00, 0, 0);
INSERT INTO yshop_store_product_attr_value (id, product_id, sku, stock, sales, price, image, `unique`, cost, bar_code, ot_price, weight, volume, brokerage, brokerage_two, pink_price, pink_stock, seckill_price, seckill_stock, integral) VALUES (820054, 30014, '默认,中辣', 9999, 0, 3.00, @placeholder_img, '42afaa5fd4a3be3587ca0e310b1251b1', 3.00, '', 3.00, 0.00, 0.00, 0.00, 0.00, 0.00, 0, 0.00, 0, 0);
INSERT INTO yshop_store_product_attr_value (id, product_id, sku, stock, sales, price, image, `unique`, cost, bar_code, ot_price, weight, volume, brokerage, brokerage_two, pink_price, pink_stock, seckill_price, seckill_stock, integral) VALUES (820055, 30014, '默认,特辣', 9999, 0, 3.00, @placeholder_img, '71e5909fb25596486316ff7e4aaa42e9', 3.00, '', 3.00, 0.00, 0.00, 0.00, 0.00, 0.00, 0, 0.00, 0, 0);
INSERT INTO yshop_store_product (id, shop_id, shop_name, image, slider_image, store_name, store_info, keyword, bar_code, brand_id, cate_id, price, vip_price, ot_price, postage, unit_name, sort, sales, stock, is_show, is_hot, is_benefit, is_best, is_new, description, creator, create_time, update_time, updater, is_postage, deleted, mer_use, give_integral, cost, is_seckill, is_bargain, is_good, ficti, browse, code_path, is_sub, temp_id, spec_type, is_integral, integral, tenant_id) VALUES (30015, @shop_id, '吉林小串', @placeholder_img, @placeholder_img, '千层筋', '千层筋', '千层筋', '', NULL, '9001', 5.00, 0.00, 5.00, 0.00, '串', 15, 0, 9999, 1, 0, 0, 0, 0, '<p>千层筋</p>', '1', '2026-05-08 17:44:49', '2026-05-08 17:44:49', '1', 0, b'0', 0, NULL, 5.00, 0, NULL, 0, 100, 0, '', 0, 0, 1, 0, 0, @tenant_id);
INSERT INTO yshop_store_product_attr (id, product_id, attr_name, attr_values) VALUES (800028, 30015, '规格', '默认');
INSERT INTO yshop_store_product_attr (id, product_id, attr_name, attr_values) VALUES (800029, 30015, '辣度', '不辣,微辣,中辣,特辣');
INSERT INTO yshop_store_product_attr_result (id, product_id, result, change_time) VALUES (810014, 30015, '{"attr":[{"attrHidden":"","detail":["默认"],"detailValue":"","value":"规格"},{"attrHidden":"","detail":["不辣","微辣","中辣","特辣"],"detailValue":"","value":"辣度"}],"value":[{"barCode":"","brokerage":0.0,"brokerageTwo":0.0,"cost":5.0,"detail":{"规格":"默认","辣度":"不辣"},"integral":0,"otPrice":5.0,"pic":"","pinkPrice":0.0,"pinkStock":0,"price":5.0,"seckillPrice":0.0,"seckillStock":0,"sku":"","stock":9999,"value1":"默认","value2":"不辣","volume":0.0,"weight":0.0},{"barCode":"","brokerage":0.0,"brokerageTwo":0.0,"cost":5.0,"detail":{"规格":"默认","辣度":"微辣"},"integral":0,"otPrice":5.0,"pic":"","pinkPrice":0.0,"pinkStock":0,"price":5.0,"seckillPrice":0.0,"seckillStock":0,"sku":"","stock":9999,"value1":"默认","value2":"微辣","volume":0.0,"weight":0.0},{"barCode":"","brokerage":0.0,"brokerageTwo":0.0,"cost":5.0,"detail":{"规格":"默认","辣度":"中辣"},"integral":0,"otPrice":5.0,"pic":"","pinkPrice":0.0,"pinkStock":0,"price":5.0,"seckillPrice":0.0,"seckillStock":0,"sku":"","stock":9999,"value1":"默认","value2":"中辣","volume":0.0,"weight":0.0},{"barCode":"","brokerage":0.0,"brokerageTwo":0.0,"cost":5.0,"detail":{"规格":"默认","辣度":"特辣"},"integral":0,"otPrice":5.0,"pic":"","pinkPrice":0.0,"pinkStock":0,"price":5.0,"seckillPrice":0.0,"seckillStock":0,"sku":"","stock":9999,"value1":"默认","value2":"特辣","volume":0.0,"weight":0.0}]}', '2026-05-08 17:44:49');
INSERT INTO yshop_store_product_attr_value (id, product_id, sku, stock, sales, price, image, `unique`, cost, bar_code, ot_price, weight, volume, brokerage, brokerage_two, pink_price, pink_stock, seckill_price, seckill_stock, integral) VALUES (820056, 30015, '不辣,默认', 9999, 0, 5.00, @placeholder_img, 'd1801b16f37e092468ea29ae796edf9c', 5.00, '', 5.00, 0.00, 0.00, 0.00, 0.00, 0.00, 0, 0.00, 0, 0);
INSERT INTO yshop_store_product_attr_value (id, product_id, sku, stock, sales, price, image, `unique`, cost, bar_code, ot_price, weight, volume, brokerage, brokerage_two, pink_price, pink_stock, seckill_price, seckill_stock, integral) VALUES (820057, 30015, '默认,微辣', 9999, 0, 5.00, @placeholder_img, '2559146069b59bb617d10af4245b5234', 5.00, '', 5.00, 0.00, 0.00, 0.00, 0.00, 0.00, 0, 0.00, 0, 0);
INSERT INTO yshop_store_product_attr_value (id, product_id, sku, stock, sales, price, image, `unique`, cost, bar_code, ot_price, weight, volume, brokerage, brokerage_two, pink_price, pink_stock, seckill_price, seckill_stock, integral) VALUES (820058, 30015, '默认,中辣', 9999, 0, 5.00, @placeholder_img, '0aaf3c2c469d846b01a298325b26790d', 5.00, '', 5.00, 0.00, 0.00, 0.00, 0.00, 0.00, 0, 0.00, 0, 0);
INSERT INTO yshop_store_product_attr_value (id, product_id, sku, stock, sales, price, image, `unique`, cost, bar_code, ot_price, weight, volume, brokerage, brokerage_two, pink_price, pink_stock, seckill_price, seckill_stock, integral) VALUES (820059, 30015, '默认,特辣', 9999, 0, 5.00, @placeholder_img, '92ed49bd1ec635ee00f6352306174b65', 5.00, '', 5.00, 0.00, 0.00, 0.00, 0.00, 0.00, 0, 0.00, 0, 0);
INSERT INTO yshop_store_product (id, shop_id, shop_name, image, slider_image, store_name, store_info, keyword, bar_code, brand_id, cate_id, price, vip_price, ot_price, postage, unit_name, sort, sales, stock, is_show, is_hot, is_benefit, is_best, is_new, description, creator, create_time, update_time, updater, is_postage, deleted, mer_use, give_integral, cost, is_seckill, is_bargain, is_good, ficti, browse, code_path, is_sub, temp_id, spec_type, is_integral, integral, tenant_id) VALUES (30016, @shop_id, '吉林小串', @placeholder_img, @placeholder_img, '鸡爪', '鸡爪', '鸡爪', '', NULL, '9001', 8.00, 0.00, 8.00, 0.00, '串', 16, 0, 9999, 1, 0, 0, 0, 0, '<p>鸡爪</p>', '1', '2026-05-08 17:44:49', '2026-05-08 17:44:49', '1', 0, b'0', 0, NULL, 8.00, 0, NULL, 0, 100, 0, '', 0, 0, 1, 0, 0, @tenant_id);
INSERT INTO yshop_store_product_attr (id, product_id, attr_name, attr_values) VALUES (800030, 30016, '规格', '默认');
INSERT INTO yshop_store_product_attr (id, product_id, attr_name, attr_values) VALUES (800031, 30016, '辣度', '不辣,微辣,中辣,特辣');
INSERT INTO yshop_store_product_attr_result (id, product_id, result, change_time) VALUES (810015, 30016, '{"attr":[{"attrHidden":"","detail":["默认"],"detailValue":"","value":"规格"},{"attrHidden":"","detail":["不辣","微辣","中辣","特辣"],"detailValue":"","value":"辣度"}],"value":[{"barCode":"","brokerage":0.0,"brokerageTwo":0.0,"cost":8.0,"detail":{"规格":"默认","辣度":"不辣"},"integral":0,"otPrice":8.0,"pic":"","pinkPrice":0.0,"pinkStock":0,"price":8.0,"seckillPrice":0.0,"seckillStock":0,"sku":"","stock":9999,"value1":"默认","value2":"不辣","volume":0.0,"weight":0.0},{"barCode":"","brokerage":0.0,"brokerageTwo":0.0,"cost":8.0,"detail":{"规格":"默认","辣度":"微辣"},"integral":0,"otPrice":8.0,"pic":"","pinkPrice":0.0,"pinkStock":0,"price":8.0,"seckillPrice":0.0,"seckillStock":0,"sku":"","stock":9999,"value1":"默认","value2":"微辣","volume":0.0,"weight":0.0},{"barCode":"","brokerage":0.0,"brokerageTwo":0.0,"cost":8.0,"detail":{"规格":"默认","辣度":"中辣"},"integral":0,"otPrice":8.0,"pic":"","pinkPrice":0.0,"pinkStock":0,"price":8.0,"seckillPrice":0.0,"seckillStock":0,"sku":"","stock":9999,"value1":"默认","value2":"中辣","volume":0.0,"weight":0.0},{"barCode":"","brokerage":0.0,"brokerageTwo":0.0,"cost":8.0,"detail":{"规格":"默认","辣度":"特辣"},"integral":0,"otPrice":8.0,"pic":"","pinkPrice":0.0,"pinkStock":0,"price":8.0,"seckillPrice":0.0,"seckillStock":0,"sku":"","stock":9999,"value1":"默认","value2":"特辣","volume":0.0,"weight":0.0}]}', '2026-05-08 17:44:49');
INSERT INTO yshop_store_product_attr_value (id, product_id, sku, stock, sales, price, image, `unique`, cost, bar_code, ot_price, weight, volume, brokerage, brokerage_two, pink_price, pink_stock, seckill_price, seckill_stock, integral) VALUES (820060, 30016, '不辣,默认', 9999, 0, 8.00, @placeholder_img, '9aa66c4280726027b29160cfa7d7f308', 8.00, '', 8.00, 0.00, 0.00, 0.00, 0.00, 0.00, 0, 0.00, 0, 0);
INSERT INTO yshop_store_product_attr_value (id, product_id, sku, stock, sales, price, image, `unique`, cost, bar_code, ot_price, weight, volume, brokerage, brokerage_two, pink_price, pink_stock, seckill_price, seckill_stock, integral) VALUES (820061, 30016, '默认,微辣', 9999, 0, 8.00, @placeholder_img, '3a672994b301d91de513dd30f66e3047', 8.00, '', 8.00, 0.00, 0.00, 0.00, 0.00, 0.00, 0, 0.00, 0, 0);
INSERT INTO yshop_store_product_attr_value (id, product_id, sku, stock, sales, price, image, `unique`, cost, bar_code, ot_price, weight, volume, brokerage, brokerage_two, pink_price, pink_stock, seckill_price, seckill_stock, integral) VALUES (820062, 30016, '默认,中辣', 9999, 0, 8.00, @placeholder_img, 'd625303abbb2032a2247c9cd5bf11686', 8.00, '', 8.00, 0.00, 0.00, 0.00, 0.00, 0.00, 0, 0.00, 0, 0);
INSERT INTO yshop_store_product_attr_value (id, product_id, sku, stock, sales, price, image, `unique`, cost, bar_code, ot_price, weight, volume, brokerage, brokerage_two, pink_price, pink_stock, seckill_price, seckill_stock, integral) VALUES (820063, 30016, '默认,特辣', 9999, 0, 8.00, @placeholder_img, '0f1e5ec8d88e5365eb00934cff6f44b8', 8.00, '', 8.00, 0.00, 0.00, 0.00, 0.00, 0.00, 0, 0.00, 0, 0);
INSERT INTO yshop_store_product (id, shop_id, shop_name, image, slider_image, store_name, store_info, keyword, bar_code, brand_id, cate_id, price, vip_price, ot_price, postage, unit_name, sort, sales, stock, is_show, is_hot, is_benefit, is_best, is_new, description, creator, create_time, update_time, updater, is_postage, deleted, mer_use, give_integral, cost, is_seckill, is_bargain, is_good, ficti, browse, code_path, is_sub, temp_id, spec_type, is_integral, integral, tenant_id) VALUES (30017, @shop_id, '吉林小串', @placeholder_img, @placeholder_img, '五花肉卷酸菜', '五花肉卷酸菜', '五花肉卷酸菜', '', NULL, '9001', 5.00, 0.00, 5.00, 0.00, '串', 17, 0, 9999, 1, 0, 0, 0, 0, '<p>五花肉卷酸菜</p>', '1', '2026-05-08 17:44:49', '2026-05-08 17:44:49', '1', 0, b'0', 0, NULL, 5.00, 0, NULL, 0, 100, 0, '', 0, 0, 1, 0, 0, @tenant_id);
INSERT INTO yshop_store_product_attr (id, product_id, attr_name, attr_values) VALUES (800032, 30017, '规格', '默认');
INSERT INTO yshop_store_product_attr (id, product_id, attr_name, attr_values) VALUES (800033, 30017, '辣度', '不辣,微辣,中辣,特辣');
INSERT INTO yshop_store_product_attr_result (id, product_id, result, change_time) VALUES (810016, 30017, '{"attr":[{"attrHidden":"","detail":["默认"],"detailValue":"","value":"规格"},{"attrHidden":"","detail":["不辣","微辣","中辣","特辣"],"detailValue":"","value":"辣度"}],"value":[{"barCode":"","brokerage":0.0,"brokerageTwo":0.0,"cost":5.0,"detail":{"规格":"默认","辣度":"不辣"},"integral":0,"otPrice":5.0,"pic":"","pinkPrice":0.0,"pinkStock":0,"price":5.0,"seckillPrice":0.0,"seckillStock":0,"sku":"","stock":9999,"value1":"默认","value2":"不辣","volume":0.0,"weight":0.0},{"barCode":"","brokerage":0.0,"brokerageTwo":0.0,"cost":5.0,"detail":{"规格":"默认","辣度":"微辣"},"integral":0,"otPrice":5.0,"pic":"","pinkPrice":0.0,"pinkStock":0,"price":5.0,"seckillPrice":0.0,"seckillStock":0,"sku":"","stock":9999,"value1":"默认","value2":"微辣","volume":0.0,"weight":0.0},{"barCode":"","brokerage":0.0,"brokerageTwo":0.0,"cost":5.0,"detail":{"规格":"默认","辣度":"中辣"},"integral":0,"otPrice":5.0,"pic":"","pinkPrice":0.0,"pinkStock":0,"price":5.0,"seckillPrice":0.0,"seckillStock":0,"sku":"","stock":9999,"value1":"默认","value2":"中辣","volume":0.0,"weight":0.0},{"barCode":"","brokerage":0.0,"brokerageTwo":0.0,"cost":5.0,"detail":{"规格":"默认","辣度":"特辣"},"integral":0,"otPrice":5.0,"pic":"","pinkPrice":0.0,"pinkStock":0,"price":5.0,"seckillPrice":0.0,"seckillStock":0,"sku":"","stock":9999,"value1":"默认","value2":"特辣","volume":0.0,"weight":0.0}]}', '2026-05-08 17:44:49');
INSERT INTO yshop_store_product_attr_value (id, product_id, sku, stock, sales, price, image, `unique`, cost, bar_code, ot_price, weight, volume, brokerage, brokerage_two, pink_price, pink_stock, seckill_price, seckill_stock, integral) VALUES (820064, 30017, '不辣,默认', 9999, 0, 5.00, @placeholder_img, 'b46daa072d1494a2c8772af962065afc', 5.00, '', 5.00, 0.00, 0.00, 0.00, 0.00, 0.00, 0, 0.00, 0, 0);
INSERT INTO yshop_store_product_attr_value (id, product_id, sku, stock, sales, price, image, `unique`, cost, bar_code, ot_price, weight, volume, brokerage, brokerage_two, pink_price, pink_stock, seckill_price, seckill_stock, integral) VALUES (820065, 30017, '默认,微辣', 9999, 0, 5.00, @placeholder_img, '0940fd0387546587acc4c1f7feb7c721', 5.00, '', 5.00, 0.00, 0.00, 0.00, 0.00, 0.00, 0, 0.00, 0, 0);
INSERT INTO yshop_store_product_attr_value (id, product_id, sku, stock, sales, price, image, `unique`, cost, bar_code, ot_price, weight, volume, brokerage, brokerage_two, pink_price, pink_stock, seckill_price, seckill_stock, integral) VALUES (820066, 30017, '默认,中辣', 9999, 0, 5.00, @placeholder_img, '78fa8e43f8e10a21d64aecb7f37b138e', 5.00, '', 5.00, 0.00, 0.00, 0.00, 0.00, 0.00, 0, 0.00, 0, 0);
INSERT INTO yshop_store_product_attr_value (id, product_id, sku, stock, sales, price, image, `unique`, cost, bar_code, ot_price, weight, volume, brokerage, brokerage_two, pink_price, pink_stock, seckill_price, seckill_stock, integral) VALUES (820067, 30017, '默认,特辣', 9999, 0, 5.00, @placeholder_img, '45bd5907a5c7fcfc59a6f47bc7682732', 5.00, '', 5.00, 0.00, 0.00, 0.00, 0.00, 0.00, 0, 0.00, 0, 0);
INSERT INTO yshop_store_product (id, shop_id, shop_name, image, slider_image, store_name, store_info, keyword, bar_code, brand_id, cate_id, price, vip_price, ot_price, postage, unit_name, sort, sales, stock, is_show, is_hot, is_benefit, is_best, is_new, description, creator, create_time, update_time, updater, is_postage, deleted, mer_use, give_integral, cost, is_seckill, is_bargain, is_good, ficti, browse, code_path, is_sub, temp_id, spec_type, is_integral, integral, tenant_id) VALUES (30018, @shop_id, '吉林小串', @placeholder_img, @placeholder_img, '风干油边', '风干油边', '风干油边', '', NULL, '9001', 10.00, 0.00, 10.00, 0.00, '串', 18, 0, 9999, 1, 0, 0, 0, 0, '<p>风干油边</p>', '1', '2026-05-08 17:44:49', '2026-05-08 17:44:49', '1', 0, b'0', 0, NULL, 10.00, 0, NULL, 0, 100, 0, '', 0, 0, 1, 0, 0, @tenant_id);
INSERT INTO yshop_store_product_attr (id, product_id, attr_name, attr_values) VALUES (800034, 30018, '规格', '默认');
INSERT INTO yshop_store_product_attr (id, product_id, attr_name, attr_values) VALUES (800035, 30018, '辣度', '不辣,微辣,中辣,特辣');
INSERT INTO yshop_store_product_attr_result (id, product_id, result, change_time) VALUES (810017, 30018, '{"attr":[{"attrHidden":"","detail":["默认"],"detailValue":"","value":"规格"},{"attrHidden":"","detail":["不辣","微辣","中辣","特辣"],"detailValue":"","value":"辣度"}],"value":[{"barCode":"","brokerage":0.0,"brokerageTwo":0.0,"cost":10.0,"detail":{"规格":"默认","辣度":"不辣"},"integral":0,"otPrice":10.0,"pic":"","pinkPrice":0.0,"pinkStock":0,"price":10.0,"seckillPrice":0.0,"seckillStock":0,"sku":"","stock":9999,"value1":"默认","value2":"不辣","volume":0.0,"weight":0.0},{"barCode":"","brokerage":0.0,"brokerageTwo":0.0,"cost":10.0,"detail":{"规格":"默认","辣度":"微辣"},"integral":0,"otPrice":10.0,"pic":"","pinkPrice":0.0,"pinkStock":0,"price":10.0,"seckillPrice":0.0,"seckillStock":0,"sku":"","stock":9999,"value1":"默认","value2":"微辣","volume":0.0,"weight":0.0},{"barCode":"","brokerage":0.0,"brokerageTwo":0.0,"cost":10.0,"detail":{"规格":"默认","辣度":"中辣"},"integral":0,"otPrice":10.0,"pic":"","pinkPrice":0.0,"pinkStock":0,"price":10.0,"seckillPrice":0.0,"seckillStock":0,"sku":"","stock":9999,"value1":"默认","value2":"中辣","volume":0.0,"weight":0.0},{"barCode":"","brokerage":0.0,"brokerageTwo":0.0,"cost":10.0,"detail":{"规格":"默认","辣度":"特辣"},"integral":0,"otPrice":10.0,"pic":"","pinkPrice":0.0,"pinkStock":0,"price":10.0,"seckillPrice":0.0,"seckillStock":0,"sku":"","stock":9999,"value1":"默认","value2":"特辣","volume":0.0,"weight":0.0}]}', '2026-05-08 17:44:49');
INSERT INTO yshop_store_product_attr_value (id, product_id, sku, stock, sales, price, image, `unique`, cost, bar_code, ot_price, weight, volume, brokerage, brokerage_two, pink_price, pink_stock, seckill_price, seckill_stock, integral) VALUES (820068, 30018, '不辣,默认', 9999, 0, 10.00, @placeholder_img, '7d259fceb9667217040b8d4b59a78bd1', 10.00, '', 10.00, 0.00, 0.00, 0.00, 0.00, 0.00, 0, 0.00, 0, 0);
INSERT INTO yshop_store_product_attr_value (id, product_id, sku, stock, sales, price, image, `unique`, cost, bar_code, ot_price, weight, volume, brokerage, brokerage_two, pink_price, pink_stock, seckill_price, seckill_stock, integral) VALUES (820069, 30018, '默认,微辣', 9999, 0, 10.00, @placeholder_img, 'd7d4132b22582bc66157bd6abf515c68', 10.00, '', 10.00, 0.00, 0.00, 0.00, 0.00, 0.00, 0, 0.00, 0, 0);
INSERT INTO yshop_store_product_attr_value (id, product_id, sku, stock, sales, price, image, `unique`, cost, bar_code, ot_price, weight, volume, brokerage, brokerage_two, pink_price, pink_stock, seckill_price, seckill_stock, integral) VALUES (820070, 30018, '默认,中辣', 9999, 0, 10.00, @placeholder_img, 'dba01ad0ea962ddd9c4737f24dbd7940', 10.00, '', 10.00, 0.00, 0.00, 0.00, 0.00, 0.00, 0, 0.00, 0, 0);
INSERT INTO yshop_store_product_attr_value (id, product_id, sku, stock, sales, price, image, `unique`, cost, bar_code, ot_price, weight, volume, brokerage, brokerage_two, pink_price, pink_stock, seckill_price, seckill_stock, integral) VALUES (820071, 30018, '默认,特辣', 9999, 0, 10.00, @placeholder_img, '10796682eac42f01987a47be48db1d76', 10.00, '', 10.00, 0.00, 0.00, 0.00, 0.00, 0.00, 0, 0.00, 0, 0);
INSERT INTO yshop_store_product (id, shop_id, shop_name, image, slider_image, store_name, store_info, keyword, bar_code, brand_id, cate_id, price, vip_price, ot_price, postage, unit_name, sort, sales, stock, is_show, is_hot, is_benefit, is_best, is_new, description, creator, create_time, update_time, updater, is_postage, deleted, mer_use, give_integral, cost, is_seckill, is_bargain, is_good, ficti, browse, code_path, is_sub, temp_id, spec_type, is_integral, integral, tenant_id) VALUES (30019, @shop_id, '吉林小串', @placeholder_img, @placeholder_img, '肥肠', '肥肠', '肥肠', '', NULL, '9001', 5.00, 0.00, 5.00, 0.00, '串', 19, 0, 9999, 1, 0, 0, 0, 0, '<p>肥肠</p>', '1', '2026-05-08 17:44:49', '2026-05-08 17:44:49', '1', 0, b'0', 0, NULL, 5.00, 0, NULL, 0, 100, 0, '', 0, 0, 1, 0, 0, @tenant_id);
INSERT INTO yshop_store_product_attr (id, product_id, attr_name, attr_values) VALUES (800036, 30019, '规格', '默认');
INSERT INTO yshop_store_product_attr (id, product_id, attr_name, attr_values) VALUES (800037, 30019, '辣度', '不辣,微辣,中辣,特辣');
INSERT INTO yshop_store_product_attr_result (id, product_id, result, change_time) VALUES (810018, 30019, '{"attr":[{"attrHidden":"","detail":["默认"],"detailValue":"","value":"规格"},{"attrHidden":"","detail":["不辣","微辣","中辣","特辣"],"detailValue":"","value":"辣度"}],"value":[{"barCode":"","brokerage":0.0,"brokerageTwo":0.0,"cost":5.0,"detail":{"规格":"默认","辣度":"不辣"},"integral":0,"otPrice":5.0,"pic":"","pinkPrice":0.0,"pinkStock":0,"price":5.0,"seckillPrice":0.0,"seckillStock":0,"sku":"","stock":9999,"value1":"默认","value2":"不辣","volume":0.0,"weight":0.0},{"barCode":"","brokerage":0.0,"brokerageTwo":0.0,"cost":5.0,"detail":{"规格":"默认","辣度":"微辣"},"integral":0,"otPrice":5.0,"pic":"","pinkPrice":0.0,"pinkStock":0,"price":5.0,"seckillPrice":0.0,"seckillStock":0,"sku":"","stock":9999,"value1":"默认","value2":"微辣","volume":0.0,"weight":0.0},{"barCode":"","brokerage":0.0,"brokerageTwo":0.0,"cost":5.0,"detail":{"规格":"默认","辣度":"中辣"},"integral":0,"otPrice":5.0,"pic":"","pinkPrice":0.0,"pinkStock":0,"price":5.0,"seckillPrice":0.0,"seckillStock":0,"sku":"","stock":9999,"value1":"默认","value2":"中辣","volume":0.0,"weight":0.0},{"barCode":"","brokerage":0.0,"brokerageTwo":0.0,"cost":5.0,"detail":{"规格":"默认","辣度":"特辣"},"integral":0,"otPrice":5.0,"pic":"","pinkPrice":0.0,"pinkStock":0,"price":5.0,"seckillPrice":0.0,"seckillStock":0,"sku":"","stock":9999,"value1":"默认","value2":"特辣","volume":0.0,"weight":0.0}]}', '2026-05-08 17:44:49');
INSERT INTO yshop_store_product_attr_value (id, product_id, sku, stock, sales, price, image, `unique`, cost, bar_code, ot_price, weight, volume, brokerage, brokerage_two, pink_price, pink_stock, seckill_price, seckill_stock, integral) VALUES (820072, 30019, '不辣,默认', 9999, 0, 5.00, @placeholder_img, '23dc7b9598b011078d936b17da899bd6', 5.00, '', 5.00, 0.00, 0.00, 0.00, 0.00, 0.00, 0, 0.00, 0, 0);
INSERT INTO yshop_store_product_attr_value (id, product_id, sku, stock, sales, price, image, `unique`, cost, bar_code, ot_price, weight, volume, brokerage, brokerage_two, pink_price, pink_stock, seckill_price, seckill_stock, integral) VALUES (820073, 30019, '默认,微辣', 9999, 0, 5.00, @placeholder_img, 'c6093709b235593a812e4b10d8843ee2', 5.00, '', 5.00, 0.00, 0.00, 0.00, 0.00, 0.00, 0, 0.00, 0, 0);
INSERT INTO yshop_store_product_attr_value (id, product_id, sku, stock, sales, price, image, `unique`, cost, bar_code, ot_price, weight, volume, brokerage, brokerage_two, pink_price, pink_stock, seckill_price, seckill_stock, integral) VALUES (820074, 30019, '默认,中辣', 9999, 0, 5.00, @placeholder_img, '709870ad7516555e09c861e7a21bc166', 5.00, '', 5.00, 0.00, 0.00, 0.00, 0.00, 0.00, 0, 0.00, 0, 0);
INSERT INTO yshop_store_product_attr_value (id, product_id, sku, stock, sales, price, image, `unique`, cost, bar_code, ot_price, weight, volume, brokerage, brokerage_two, pink_price, pink_stock, seckill_price, seckill_stock, integral) VALUES (820075, 30019, '默认,特辣', 9999, 0, 5.00, @placeholder_img, '2668997f1353ba031097455a0c1dbfd7', 5.00, '', 5.00, 0.00, 0.00, 0.00, 0.00, 0.00, 0, 0.00, 0, 0);
INSERT INTO yshop_store_product (id, shop_id, shop_name, image, slider_image, store_name, store_info, keyword, bar_code, brand_id, cate_id, price, vip_price, ot_price, postage, unit_name, sort, sales, stock, is_show, is_hot, is_benefit, is_best, is_new, description, creator, create_time, update_time, updater, is_postage, deleted, mer_use, give_integral, cost, is_seckill, is_bargain, is_good, ficti, browse, code_path, is_sub, temp_id, spec_type, is_integral, integral, tenant_id) VALUES (30020, @shop_id, '吉林小串', @placeholder_img, @placeholder_img, '大梅花肉', '大梅花肉', '大梅花肉', '', NULL, '9001', 6.00, 0.00, 6.00, 0.00, '串', 20, 0, 9999, 1, 0, 0, 0, 0, '<p>大梅花肉</p>', '1', '2026-05-08 17:44:49', '2026-05-08 17:44:49', '1', 0, b'0', 0, NULL, 6.00, 0, NULL, 0, 100, 0, '', 0, 0, 1, 0, 0, @tenant_id);
INSERT INTO yshop_store_product_attr (id, product_id, attr_name, attr_values) VALUES (800038, 30020, '规格', '默认');
INSERT INTO yshop_store_product_attr (id, product_id, attr_name, attr_values) VALUES (800039, 30020, '辣度', '不辣,微辣,中辣,特辣');
INSERT INTO yshop_store_product_attr_result (id, product_id, result, change_time) VALUES (810019, 30020, '{"attr":[{"attrHidden":"","detail":["默认"],"detailValue":"","value":"规格"},{"attrHidden":"","detail":["不辣","微辣","中辣","特辣"],"detailValue":"","value":"辣度"}],"value":[{"barCode":"","brokerage":0.0,"brokerageTwo":0.0,"cost":6.0,"detail":{"规格":"默认","辣度":"不辣"},"integral":0,"otPrice":6.0,"pic":"","pinkPrice":0.0,"pinkStock":0,"price":6.0,"seckillPrice":0.0,"seckillStock":0,"sku":"","stock":9999,"value1":"默认","value2":"不辣","volume":0.0,"weight":0.0},{"barCode":"","brokerage":0.0,"brokerageTwo":0.0,"cost":6.0,"detail":{"规格":"默认","辣度":"微辣"},"integral":0,"otPrice":6.0,"pic":"","pinkPrice":0.0,"pinkStock":0,"price":6.0,"seckillPrice":0.0,"seckillStock":0,"sku":"","stock":9999,"value1":"默认","value2":"微辣","volume":0.0,"weight":0.0},{"barCode":"","brokerage":0.0,"brokerageTwo":0.0,"cost":6.0,"detail":{"规格":"默认","辣度":"中辣"},"integral":0,"otPrice":6.0,"pic":"","pinkPrice":0.0,"pinkStock":0,"price":6.0,"seckillPrice":0.0,"seckillStock":0,"sku":"","stock":9999,"value1":"默认","value2":"中辣","volume":0.0,"weight":0.0},{"barCode":"","brokerage":0.0,"brokerageTwo":0.0,"cost":6.0,"detail":{"规格":"默认","辣度":"特辣"},"integral":0,"otPrice":6.0,"pic":"","pinkPrice":0.0,"pinkStock":0,"price":6.0,"seckillPrice":0.0,"seckillStock":0,"sku":"","stock":9999,"value1":"默认","value2":"特辣","volume":0.0,"weight":0.0}]}', '2026-05-08 17:44:49');
INSERT INTO yshop_store_product_attr_value (id, product_id, sku, stock, sales, price, image, `unique`, cost, bar_code, ot_price, weight, volume, brokerage, brokerage_two, pink_price, pink_stock, seckill_price, seckill_stock, integral) VALUES (820076, 30020, '不辣,默认', 9999, 0, 6.00, @placeholder_img, 'c7eb234d78308f4fde7d399991aa1365', 6.00, '', 6.00, 0.00, 0.00, 0.00, 0.00, 0.00, 0, 0.00, 0, 0);
INSERT INTO yshop_store_product_attr_value (id, product_id, sku, stock, sales, price, image, `unique`, cost, bar_code, ot_price, weight, volume, brokerage, brokerage_two, pink_price, pink_stock, seckill_price, seckill_stock, integral) VALUES (820077, 30020, '默认,微辣', 9999, 0, 6.00, @placeholder_img, '2c50b7a3c2b19cbf5ab1814ddccedc64', 6.00, '', 6.00, 0.00, 0.00, 0.00, 0.00, 0.00, 0, 0.00, 0, 0);
INSERT INTO yshop_store_product_attr_value (id, product_id, sku, stock, sales, price, image, `unique`, cost, bar_code, ot_price, weight, volume, brokerage, brokerage_two, pink_price, pink_stock, seckill_price, seckill_stock, integral) VALUES (820078, 30020, '默认,中辣', 9999, 0, 6.00, @placeholder_img, 'b907bb013d0abf702688b95807d715e2', 6.00, '', 6.00, 0.00, 0.00, 0.00, 0.00, 0.00, 0, 0.00, 0, 0);
INSERT INTO yshop_store_product_attr_value (id, product_id, sku, stock, sales, price, image, `unique`, cost, bar_code, ot_price, weight, volume, brokerage, brokerage_two, pink_price, pink_stock, seckill_price, seckill_stock, integral) VALUES (820079, 30020, '默认,特辣', 9999, 0, 6.00, @placeholder_img, 'c3ea66115f3e9e25322f61e1b07d683e', 6.00, '', 6.00, 0.00, 0.00, 0.00, 0.00, 0.00, 0, 0.00, 0, 0);
INSERT INTO yshop_store_product (id, shop_id, shop_name, image, slider_image, store_name, store_info, keyword, bar_code, brand_id, cate_id, price, vip_price, ot_price, postage, unit_name, sort, sales, stock, is_show, is_hot, is_benefit, is_best, is_new, description, creator, create_time, update_time, updater, is_postage, deleted, mer_use, give_integral, cost, is_seckill, is_bargain, is_good, ficti, browse, code_path, is_sub, temp_id, spec_type, is_integral, integral, tenant_id) VALUES (30021, @shop_id, '吉林小串', @placeholder_img, @placeholder_img, '蚂蚱', '蚂蚱', '蚂蚱', '', NULL, '9001', 5.00, 0.00, 5.00, 0.00, '串', 21, 0, 9999, 1, 0, 0, 0, 0, '<p>蚂蚱</p>', '1', '2026-05-08 17:44:49', '2026-05-08 17:44:49', '1', 0, b'0', 0, NULL, 5.00, 0, NULL, 0, 100, 0, '', 0, 0, 1, 0, 0, @tenant_id);
INSERT INTO yshop_store_product_attr (id, product_id, attr_name, attr_values) VALUES (800040, 30021, '规格', '默认');
INSERT INTO yshop_store_product_attr (id, product_id, attr_name, attr_values) VALUES (800041, 30021, '辣度', '不辣,微辣,中辣,特辣');
INSERT INTO yshop_store_product_attr_result (id, product_id, result, change_time) VALUES (810020, 30021, '{"attr":[{"attrHidden":"","detail":["默认"],"detailValue":"","value":"规格"},{"attrHidden":"","detail":["不辣","微辣","中辣","特辣"],"detailValue":"","value":"辣度"}],"value":[{"barCode":"","brokerage":0.0,"brokerageTwo":0.0,"cost":5.0,"detail":{"规格":"默认","辣度":"不辣"},"integral":0,"otPrice":5.0,"pic":"","pinkPrice":0.0,"pinkStock":0,"price":5.0,"seckillPrice":0.0,"seckillStock":0,"sku":"","stock":9999,"value1":"默认","value2":"不辣","volume":0.0,"weight":0.0},{"barCode":"","brokerage":0.0,"brokerageTwo":0.0,"cost":5.0,"detail":{"规格":"默认","辣度":"微辣"},"integral":0,"otPrice":5.0,"pic":"","pinkPrice":0.0,"pinkStock":0,"price":5.0,"seckillPrice":0.0,"seckillStock":0,"sku":"","stock":9999,"value1":"默认","value2":"微辣","volume":0.0,"weight":0.0},{"barCode":"","brokerage":0.0,"brokerageTwo":0.0,"cost":5.0,"detail":{"规格":"默认","辣度":"中辣"},"integral":0,"otPrice":5.0,"pic":"","pinkPrice":0.0,"pinkStock":0,"price":5.0,"seckillPrice":0.0,"seckillStock":0,"sku":"","stock":9999,"value1":"默认","value2":"中辣","volume":0.0,"weight":0.0},{"barCode":"","brokerage":0.0,"brokerageTwo":0.0,"cost":5.0,"detail":{"规格":"默认","辣度":"特辣"},"integral":0,"otPrice":5.0,"pic":"","pinkPrice":0.0,"pinkStock":0,"price":5.0,"seckillPrice":0.0,"seckillStock":0,"sku":"","stock":9999,"value1":"默认","value2":"特辣","volume":0.0,"weight":0.0}]}', '2026-05-08 17:44:49');
INSERT INTO yshop_store_product_attr_value (id, product_id, sku, stock, sales, price, image, `unique`, cost, bar_code, ot_price, weight, volume, brokerage, brokerage_two, pink_price, pink_stock, seckill_price, seckill_stock, integral) VALUES (820080, 30021, '不辣,默认', 9999, 0, 5.00, @placeholder_img, 'f9b5ce5392d31f2ad74140c0bd4c1368', 5.00, '', 5.00, 0.00, 0.00, 0.00, 0.00, 0.00, 0, 0.00, 0, 0);
INSERT INTO yshop_store_product_attr_value (id, product_id, sku, stock, sales, price, image, `unique`, cost, bar_code, ot_price, weight, volume, brokerage, brokerage_two, pink_price, pink_stock, seckill_price, seckill_stock, integral) VALUES (820081, 30021, '默认,微辣', 9999, 0, 5.00, @placeholder_img, '11cc555e287222bfa34386a90bd0d6e2', 5.00, '', 5.00, 0.00, 0.00, 0.00, 0.00, 0.00, 0, 0.00, 0, 0);
INSERT INTO yshop_store_product_attr_value (id, product_id, sku, stock, sales, price, image, `unique`, cost, bar_code, ot_price, weight, volume, brokerage, brokerage_two, pink_price, pink_stock, seckill_price, seckill_stock, integral) VALUES (820082, 30021, '默认,中辣', 9999, 0, 5.00, @placeholder_img, '75e1fa4ebe4539579b61982e6e1ae043', 5.00, '', 5.00, 0.00, 0.00, 0.00, 0.00, 0.00, 0, 0.00, 0, 0);
INSERT INTO yshop_store_product_attr_value (id, product_id, sku, stock, sales, price, image, `unique`, cost, bar_code, ot_price, weight, volume, brokerage, brokerage_two, pink_price, pink_stock, seckill_price, seckill_stock, integral) VALUES (820083, 30021, '默认,特辣', 9999, 0, 5.00, @placeholder_img, '628c8909bc14bc7e9571a94dc4394c3e', 5.00, '', 5.00, 0.00, 0.00, 0.00, 0.00, 0.00, 0, 0.00, 0, 0);
INSERT INTO yshop_store_product (id, shop_id, shop_name, image, slider_image, store_name, store_info, keyword, bar_code, brand_id, cate_id, price, vip_price, ot_price, postage, unit_name, sort, sales, stock, is_show, is_hot, is_benefit, is_best, is_new, description, creator, create_time, update_time, updater, is_postage, deleted, mer_use, give_integral, cost, is_seckill, is_bargain, is_good, ficti, browse, code_path, is_sub, temp_id, spec_type, is_integral, integral, tenant_id) VALUES (30022, @shop_id, '吉林小串', @placeholder_img, @placeholder_img, '鸡翅', '鸡翅', '鸡翅', '', NULL, '9001', 8.00, 0.00, 8.00, 0.00, '串', 22, 0, 9999, 1, 0, 0, 0, 0, '<p>鸡翅</p>', '1', '2026-05-08 17:44:49', '2026-05-08 17:44:49', '1', 0, b'0', 0, NULL, 8.00, 0, NULL, 0, 100, 0, '', 0, 0, 1, 0, 0, @tenant_id);
INSERT INTO yshop_store_product_attr (id, product_id, attr_name, attr_values) VALUES (800042, 30022, '规格', '默认');
INSERT INTO yshop_store_product_attr (id, product_id, attr_name, attr_values) VALUES (800043, 30022, '辣度', '不辣,微辣,中辣,特辣');
INSERT INTO yshop_store_product_attr_result (id, product_id, result, change_time) VALUES (810021, 30022, '{"attr":[{"attrHidden":"","detail":["默认"],"detailValue":"","value":"规格"},{"attrHidden":"","detail":["不辣","微辣","中辣","特辣"],"detailValue":"","value":"辣度"}],"value":[{"barCode":"","brokerage":0.0,"brokerageTwo":0.0,"cost":8.0,"detail":{"规格":"默认","辣度":"不辣"},"integral":0,"otPrice":8.0,"pic":"","pinkPrice":0.0,"pinkStock":0,"price":8.0,"seckillPrice":0.0,"seckillStock":0,"sku":"","stock":9999,"value1":"默认","value2":"不辣","volume":0.0,"weight":0.0},{"barCode":"","brokerage":0.0,"brokerageTwo":0.0,"cost":8.0,"detail":{"规格":"默认","辣度":"微辣"},"integral":0,"otPrice":8.0,"pic":"","pinkPrice":0.0,"pinkStock":0,"price":8.0,"seckillPrice":0.0,"seckillStock":0,"sku":"","stock":9999,"value1":"默认","value2":"微辣","volume":0.0,"weight":0.0},{"barCode":"","brokerage":0.0,"brokerageTwo":0.0,"cost":8.0,"detail":{"规格":"默认","辣度":"中辣"},"integral":0,"otPrice":8.0,"pic":"","pinkPrice":0.0,"pinkStock":0,"price":8.0,"seckillPrice":0.0,"seckillStock":0,"sku":"","stock":9999,"value1":"默认","value2":"中辣","volume":0.0,"weight":0.0},{"barCode":"","brokerage":0.0,"brokerageTwo":0.0,"cost":8.0,"detail":{"规格":"默认","辣度":"特辣"},"integral":0,"otPrice":8.0,"pic":"","pinkPrice":0.0,"pinkStock":0,"price":8.0,"seckillPrice":0.0,"seckillStock":0,"sku":"","stock":9999,"value1":"默认","value2":"特辣","volume":0.0,"weight":0.0}]}', '2026-05-08 17:44:49');
INSERT INTO yshop_store_product_attr_value (id, product_id, sku, stock, sales, price, image, `unique`, cost, bar_code, ot_price, weight, volume, brokerage, brokerage_two, pink_price, pink_stock, seckill_price, seckill_stock, integral) VALUES (820084, 30022, '不辣,默认', 9999, 0, 8.00, @placeholder_img, 'bc3da95a99b06809adde79d889931ab2', 8.00, '', 8.00, 0.00, 0.00, 0.00, 0.00, 0.00, 0, 0.00, 0, 0);
INSERT INTO yshop_store_product_attr_value (id, product_id, sku, stock, sales, price, image, `unique`, cost, bar_code, ot_price, weight, volume, brokerage, brokerage_two, pink_price, pink_stock, seckill_price, seckill_stock, integral) VALUES (820085, 30022, '默认,微辣', 9999, 0, 8.00, @placeholder_img, '5684dd4e929ac2cff9e77ee1edb53a82', 8.00, '', 8.00, 0.00, 0.00, 0.00, 0.00, 0.00, 0, 0.00, 0, 0);
INSERT INTO yshop_store_product_attr_value (id, product_id, sku, stock, sales, price, image, `unique`, cost, bar_code, ot_price, weight, volume, brokerage, brokerage_two, pink_price, pink_stock, seckill_price, seckill_stock, integral) VALUES (820086, 30022, '默认,中辣', 9999, 0, 8.00, @placeholder_img, '697824fc503fd5f41af33720ebc0608b', 8.00, '', 8.00, 0.00, 0.00, 0.00, 0.00, 0.00, 0, 0.00, 0, 0);
INSERT INTO yshop_store_product_attr_value (id, product_id, sku, stock, sales, price, image, `unique`, cost, bar_code, ot_price, weight, volume, brokerage, brokerage_two, pink_price, pink_stock, seckill_price, seckill_stock, integral) VALUES (820087, 30022, '默认,特辣', 9999, 0, 8.00, @placeholder_img, 'd0ed81c9982550cd5ed61025faeef119', 8.00, '', 8.00, 0.00, 0.00, 0.00, 0.00, 0.00, 0, 0.00, 0, 0);
INSERT INTO yshop_store_product (id, shop_id, shop_name, image, slider_image, store_name, store_info, keyword, bar_code, brand_id, cate_id, price, vip_price, ot_price, postage, unit_name, sort, sales, stock, is_show, is_hot, is_benefit, is_best, is_new, description, creator, create_time, update_time, updater, is_postage, deleted, mer_use, give_integral, cost, is_seckill, is_bargain, is_good, ficti, browse, code_path, is_sub, temp_id, spec_type, is_integral, integral, tenant_id) VALUES (30023, @shop_id, '吉林小串', @placeholder_img, @placeholder_img, '鸡皮', '鸡皮', '鸡皮', '', NULL, '9001', 3.00, 0.00, 3.00, 0.00, '串', 23, 0, 9999, 1, 0, 0, 0, 0, '<p>鸡皮</p>', '1', '2026-05-08 17:44:49', '2026-05-08 17:44:49', '1', 0, b'0', 0, NULL, 3.00, 0, NULL, 0, 100, 0, '', 0, 0, 1, 0, 0, @tenant_id);
INSERT INTO yshop_store_product_attr (id, product_id, attr_name, attr_values) VALUES (800044, 30023, '规格', '默认');
INSERT INTO yshop_store_product_attr (id, product_id, attr_name, attr_values) VALUES (800045, 30023, '辣度', '不辣,微辣,中辣,特辣');
INSERT INTO yshop_store_product_attr_result (id, product_id, result, change_time) VALUES (810022, 30023, '{"attr":[{"attrHidden":"","detail":["默认"],"detailValue":"","value":"规格"},{"attrHidden":"","detail":["不辣","微辣","中辣","特辣"],"detailValue":"","value":"辣度"}],"value":[{"barCode":"","brokerage":0.0,"brokerageTwo":0.0,"cost":3.0,"detail":{"规格":"默认","辣度":"不辣"},"integral":0,"otPrice":3.0,"pic":"","pinkPrice":0.0,"pinkStock":0,"price":3.0,"seckillPrice":0.0,"seckillStock":0,"sku":"","stock":9999,"value1":"默认","value2":"不辣","volume":0.0,"weight":0.0},{"barCode":"","brokerage":0.0,"brokerageTwo":0.0,"cost":3.0,"detail":{"规格":"默认","辣度":"微辣"},"integral":0,"otPrice":3.0,"pic":"","pinkPrice":0.0,"pinkStock":0,"price":3.0,"seckillPrice":0.0,"seckillStock":0,"sku":"","stock":9999,"value1":"默认","value2":"微辣","volume":0.0,"weight":0.0},{"barCode":"","brokerage":0.0,"brokerageTwo":0.0,"cost":3.0,"detail":{"规格":"默认","辣度":"中辣"},"integral":0,"otPrice":3.0,"pic":"","pinkPrice":0.0,"pinkStock":0,"price":3.0,"seckillPrice":0.0,"seckillStock":0,"sku":"","stock":9999,"value1":"默认","value2":"中辣","volume":0.0,"weight":0.0},{"barCode":"","brokerage":0.0,"brokerageTwo":0.0,"cost":3.0,"detail":{"规格":"默认","辣度":"特辣"},"integral":0,"otPrice":3.0,"pic":"","pinkPrice":0.0,"pinkStock":0,"price":3.0,"seckillPrice":0.0,"seckillStock":0,"sku":"","stock":9999,"value1":"默认","value2":"特辣","volume":0.0,"weight":0.0}]}', '2026-05-08 17:44:49');
INSERT INTO yshop_store_product_attr_value (id, product_id, sku, stock, sales, price, image, `unique`, cost, bar_code, ot_price, weight, volume, brokerage, brokerage_two, pink_price, pink_stock, seckill_price, seckill_stock, integral) VALUES (820088, 30023, '不辣,默认', 9999, 0, 3.00, @placeholder_img, 'f5b4f1ad5d32efa914c6a57bc0220f9b', 3.00, '', 3.00, 0.00, 0.00, 0.00, 0.00, 0.00, 0, 0.00, 0, 0);
INSERT INTO yshop_store_product_attr_value (id, product_id, sku, stock, sales, price, image, `unique`, cost, bar_code, ot_price, weight, volume, brokerage, brokerage_two, pink_price, pink_stock, seckill_price, seckill_stock, integral) VALUES (820089, 30023, '默认,微辣', 9999, 0, 3.00, @placeholder_img, '3e406e15f2651a2155494044715e4ea4', 3.00, '', 3.00, 0.00, 0.00, 0.00, 0.00, 0.00, 0, 0.00, 0, 0);
INSERT INTO yshop_store_product_attr_value (id, product_id, sku, stock, sales, price, image, `unique`, cost, bar_code, ot_price, weight, volume, brokerage, brokerage_two, pink_price, pink_stock, seckill_price, seckill_stock, integral) VALUES (820090, 30023, '默认,中辣', 9999, 0, 3.00, @placeholder_img, 'd3ef3517424bd4b10fb3bed4d7a81c82', 3.00, '', 3.00, 0.00, 0.00, 0.00, 0.00, 0.00, 0, 0.00, 0, 0);
INSERT INTO yshop_store_product_attr_value (id, product_id, sku, stock, sales, price, image, `unique`, cost, bar_code, ot_price, weight, volume, brokerage, brokerage_two, pink_price, pink_stock, seckill_price, seckill_stock, integral) VALUES (820091, 30023, '默认,特辣', 9999, 0, 3.00, @placeholder_img, '877f57391e97e85eb2083d3c6999dcf3', 3.00, '', 3.00, 0.00, 0.00, 0.00, 0.00, 0.00, 0, 0.00, 0, 0);
INSERT INTO yshop_store_product (id, shop_id, shop_name, image, slider_image, store_name, store_info, keyword, bar_code, brand_id, cate_id, price, vip_price, ot_price, postage, unit_name, sort, sales, stock, is_show, is_hot, is_benefit, is_best, is_new, description, creator, create_time, update_time, updater, is_postage, deleted, mer_use, give_integral, cost, is_seckill, is_bargain, is_good, ficti, browse, code_path, is_sub, temp_id, spec_type, is_integral, integral, tenant_id) VALUES (30024, @shop_id, '吉林小串', @placeholder_img, @placeholder_img, '掌中宝', '掌中宝', '掌中宝', '', NULL, '9001', 3.00, 0.00, 3.00, 0.00, '串', 24, 0, 9999, 1, 0, 0, 0, 0, '<p>掌中宝</p>', '1', '2026-05-08 17:44:49', '2026-05-08 17:44:49', '1', 0, b'0', 0, NULL, 3.00, 0, NULL, 0, 100, 0, '', 0, 0, 1, 0, 0, @tenant_id);
INSERT INTO yshop_store_product_attr (id, product_id, attr_name, attr_values) VALUES (800046, 30024, '规格', '默认');
INSERT INTO yshop_store_product_attr (id, product_id, attr_name, attr_values) VALUES (800047, 30024, '辣度', '不辣,微辣,中辣,特辣');
INSERT INTO yshop_store_product_attr_result (id, product_id, result, change_time) VALUES (810023, 30024, '{"attr":[{"attrHidden":"","detail":["默认"],"detailValue":"","value":"规格"},{"attrHidden":"","detail":["不辣","微辣","中辣","特辣"],"detailValue":"","value":"辣度"}],"value":[{"barCode":"","brokerage":0.0,"brokerageTwo":0.0,"cost":3.0,"detail":{"规格":"默认","辣度":"不辣"},"integral":0,"otPrice":3.0,"pic":"","pinkPrice":0.0,"pinkStock":0,"price":3.0,"seckillPrice":0.0,"seckillStock":0,"sku":"","stock":9999,"value1":"默认","value2":"不辣","volume":0.0,"weight":0.0},{"barCode":"","brokerage":0.0,"brokerageTwo":0.0,"cost":3.0,"detail":{"规格":"默认","辣度":"微辣"},"integral":0,"otPrice":3.0,"pic":"","pinkPrice":0.0,"pinkStock":0,"price":3.0,"seckillPrice":0.0,"seckillStock":0,"sku":"","stock":9999,"value1":"默认","value2":"微辣","volume":0.0,"weight":0.0},{"barCode":"","brokerage":0.0,"brokerageTwo":0.0,"cost":3.0,"detail":{"规格":"默认","辣度":"中辣"},"integral":0,"otPrice":3.0,"pic":"","pinkPrice":0.0,"pinkStock":0,"price":3.0,"seckillPrice":0.0,"seckillStock":0,"sku":"","stock":9999,"value1":"默认","value2":"中辣","volume":0.0,"weight":0.0},{"barCode":"","brokerage":0.0,"brokerageTwo":0.0,"cost":3.0,"detail":{"规格":"默认","辣度":"特辣"},"integral":0,"otPrice":3.0,"pic":"","pinkPrice":0.0,"pinkStock":0,"price":3.0,"seckillPrice":0.0,"seckillStock":0,"sku":"","stock":9999,"value1":"默认","value2":"特辣","volume":0.0,"weight":0.0}]}', '2026-05-08 17:44:49');
INSERT INTO yshop_store_product_attr_value (id, product_id, sku, stock, sales, price, image, `unique`, cost, bar_code, ot_price, weight, volume, brokerage, brokerage_two, pink_price, pink_stock, seckill_price, seckill_stock, integral) VALUES (820092, 30024, '不辣,默认', 9999, 0, 3.00, @placeholder_img, 'ca93de191bef4d2742f8b637502f36ee', 3.00, '', 3.00, 0.00, 0.00, 0.00, 0.00, 0.00, 0, 0.00, 0, 0);
INSERT INTO yshop_store_product_attr_value (id, product_id, sku, stock, sales, price, image, `unique`, cost, bar_code, ot_price, weight, volume, brokerage, brokerage_two, pink_price, pink_stock, seckill_price, seckill_stock, integral) VALUES (820093, 30024, '默认,微辣', 9999, 0, 3.00, @placeholder_img, 'f00c2bf6ddd708e53ad014a0031d9b4c', 3.00, '', 3.00, 0.00, 0.00, 0.00, 0.00, 0.00, 0, 0.00, 0, 0);
INSERT INTO yshop_store_product_attr_value (id, product_id, sku, stock, sales, price, image, `unique`, cost, bar_code, ot_price, weight, volume, brokerage, brokerage_two, pink_price, pink_stock, seckill_price, seckill_stock, integral) VALUES (820094, 30024, '默认,中辣', 9999, 0, 3.00, @placeholder_img, 'c846a119c10e6108a6aeeec47869e9f1', 3.00, '', 3.00, 0.00, 0.00, 0.00, 0.00, 0.00, 0, 0.00, 0, 0);
INSERT INTO yshop_store_product_attr_value (id, product_id, sku, stock, sales, price, image, `unique`, cost, bar_code, ot_price, weight, volume, brokerage, brokerage_two, pink_price, pink_stock, seckill_price, seckill_stock, integral) VALUES (820095, 30024, '默认,特辣', 9999, 0, 3.00, @placeholder_img, '60d0240a002eca1265577fa43e97ccfe', 3.00, '', 3.00, 0.00, 0.00, 0.00, 0.00, 0.00, 0, 0.00, 0, 0);
INSERT INTO yshop_store_product (id, shop_id, shop_name, image, slider_image, store_name, store_info, keyword, bar_code, brand_id, cate_id, price, vip_price, ot_price, postage, unit_name, sort, sales, stock, is_show, is_hot, is_benefit, is_best, is_new, description, creator, create_time, update_time, updater, is_postage, deleted, mer_use, give_integral, cost, is_seckill, is_bargain, is_good, ficti, browse, code_path, is_sub, temp_id, spec_type, is_integral, integral, tenant_id) VALUES (30025, @shop_id, '吉林小串', @placeholder_img, @placeholder_img, '多味鱼', '多味鱼', '多味鱼', '', NULL, '9001', 5.00, 0.00, 5.00, 0.00, '串', 25, 0, 9999, 1, 0, 0, 0, 0, '<p>多味鱼</p>', '1', '2026-05-08 17:44:49', '2026-05-08 17:44:49', '1', 0, b'0', 0, NULL, 5.00, 0, NULL, 0, 100, 0, '', 0, 0, 1, 0, 0, @tenant_id);
INSERT INTO yshop_store_product_attr (id, product_id, attr_name, attr_values) VALUES (800048, 30025, '规格', '默认');
INSERT INTO yshop_store_product_attr (id, product_id, attr_name, attr_values) VALUES (800049, 30025, '辣度', '不辣,微辣,中辣,特辣');
INSERT INTO yshop_store_product_attr_result (id, product_id, result, change_time) VALUES (810024, 30025, '{"attr":[{"attrHidden":"","detail":["默认"],"detailValue":"","value":"规格"},{"attrHidden":"","detail":["不辣","微辣","中辣","特辣"],"detailValue":"","value":"辣度"}],"value":[{"barCode":"","brokerage":0.0,"brokerageTwo":0.0,"cost":5.0,"detail":{"规格":"默认","辣度":"不辣"},"integral":0,"otPrice":5.0,"pic":"","pinkPrice":0.0,"pinkStock":0,"price":5.0,"seckillPrice":0.0,"seckillStock":0,"sku":"","stock":9999,"value1":"默认","value2":"不辣","volume":0.0,"weight":0.0},{"barCode":"","brokerage":0.0,"brokerageTwo":0.0,"cost":5.0,"detail":{"规格":"默认","辣度":"微辣"},"integral":0,"otPrice":5.0,"pic":"","pinkPrice":0.0,"pinkStock":0,"price":5.0,"seckillPrice":0.0,"seckillStock":0,"sku":"","stock":9999,"value1":"默认","value2":"微辣","volume":0.0,"weight":0.0},{"barCode":"","brokerage":0.0,"brokerageTwo":0.0,"cost":5.0,"detail":{"规格":"默认","辣度":"中辣"},"integral":0,"otPrice":5.0,"pic":"","pinkPrice":0.0,"pinkStock":0,"price":5.0,"seckillPrice":0.0,"seckillStock":0,"sku":"","stock":9999,"value1":"默认","value2":"中辣","volume":0.0,"weight":0.0},{"barCode":"","brokerage":0.0,"brokerageTwo":0.0,"cost":5.0,"detail":{"规格":"默认","辣度":"特辣"},"integral":0,"otPrice":5.0,"pic":"","pinkPrice":0.0,"pinkStock":0,"price":5.0,"seckillPrice":0.0,"seckillStock":0,"sku":"","stock":9999,"value1":"默认","value2":"特辣","volume":0.0,"weight":0.0}]}', '2026-05-08 17:44:49');
INSERT INTO yshop_store_product_attr_value (id, product_id, sku, stock, sales, price, image, `unique`, cost, bar_code, ot_price, weight, volume, brokerage, brokerage_two, pink_price, pink_stock, seckill_price, seckill_stock, integral) VALUES (820096, 30025, '不辣,默认', 9999, 0, 5.00, @placeholder_img, '6e6412fe843c27151941c491ed454f97', 5.00, '', 5.00, 0.00, 0.00, 0.00, 0.00, 0.00, 0, 0.00, 0, 0);
INSERT INTO yshop_store_product_attr_value (id, product_id, sku, stock, sales, price, image, `unique`, cost, bar_code, ot_price, weight, volume, brokerage, brokerage_two, pink_price, pink_stock, seckill_price, seckill_stock, integral) VALUES (820097, 30025, '默认,微辣', 9999, 0, 5.00, @placeholder_img, 'a0e0e502589636b02a0777ef6d4e4fd6', 5.00, '', 5.00, 0.00, 0.00, 0.00, 0.00, 0.00, 0, 0.00, 0, 0);
INSERT INTO yshop_store_product_attr_value (id, product_id, sku, stock, sales, price, image, `unique`, cost, bar_code, ot_price, weight, volume, brokerage, brokerage_two, pink_price, pink_stock, seckill_price, seckill_stock, integral) VALUES (820098, 30025, '默认,中辣', 9999, 0, 5.00, @placeholder_img, 'e5fb5f106a7904e4763234aefd783f2c', 5.00, '', 5.00, 0.00, 0.00, 0.00, 0.00, 0.00, 0, 0.00, 0, 0);
INSERT INTO yshop_store_product_attr_value (id, product_id, sku, stock, sales, price, image, `unique`, cost, bar_code, ot_price, weight, volume, brokerage, brokerage_two, pink_price, pink_stock, seckill_price, seckill_stock, integral) VALUES (820099, 30025, '默认,特辣', 9999, 0, 5.00, @placeholder_img, 'b1f3c9cde6ad876215742ab3b35f95e0', 5.00, '', 5.00, 0.00, 0.00, 0.00, 0.00, 0.00, 0, 0.00, 0, 0);
INSERT INTO yshop_store_product (id, shop_id, shop_name, image, slider_image, store_name, store_info, keyword, bar_code, brand_id, cate_id, price, vip_price, ot_price, postage, unit_name, sort, sales, stock, is_show, is_hot, is_benefit, is_best, is_new, description, creator, create_time, update_time, updater, is_postage, deleted, mer_use, give_integral, cost, is_seckill, is_bargain, is_good, ficti, browse, code_path, is_sub, temp_id, spec_type, is_integral, integral, tenant_id) VALUES (30026, @shop_id, '吉林小串', @placeholder_img, @placeholder_img, '玉米粒', '玉米粒', '玉米粒', '', NULL, '9002', 6.00, 0.00, 6.00, 0.00, '把', 1, 0, 9999, 1, 0, 0, 0, 0, '<p>玉米粒</p>', '1', '2026-05-08 17:44:49', '2026-05-08 17:44:49', '1', 0, b'0', 0, NULL, 6.00, 0, NULL, 0, 100, 0, '', 0, 0, 1, 0, 0, @tenant_id);
INSERT INTO yshop_store_product_attr (id, product_id, attr_name, attr_values) VALUES (800050, 30026, '规格', '默认');
INSERT INTO yshop_store_product_attr (id, product_id, attr_name, attr_values) VALUES (800051, 30026, '辣度', '不辣,微辣,中辣,特辣');
INSERT INTO yshop_store_product_attr_result (id, product_id, result, change_time) VALUES (810025, 30026, '{"attr":[{"attrHidden":"","detail":["默认"],"detailValue":"","value":"规格"},{"attrHidden":"","detail":["不辣","微辣","中辣","特辣"],"detailValue":"","value":"辣度"}],"value":[{"barCode":"","brokerage":0.0,"brokerageTwo":0.0,"cost":6.0,"detail":{"规格":"默认","辣度":"不辣"},"integral":0,"otPrice":6.0,"pic":"","pinkPrice":0.0,"pinkStock":0,"price":6.0,"seckillPrice":0.0,"seckillStock":0,"sku":"","stock":9999,"value1":"默认","value2":"不辣","volume":0.0,"weight":0.0},{"barCode":"","brokerage":0.0,"brokerageTwo":0.0,"cost":6.0,"detail":{"规格":"默认","辣度":"微辣"},"integral":0,"otPrice":6.0,"pic":"","pinkPrice":0.0,"pinkStock":0,"price":6.0,"seckillPrice":0.0,"seckillStock":0,"sku":"","stock":9999,"value1":"默认","value2":"微辣","volume":0.0,"weight":0.0},{"barCode":"","brokerage":0.0,"brokerageTwo":0.0,"cost":6.0,"detail":{"规格":"默认","辣度":"中辣"},"integral":0,"otPrice":6.0,"pic":"","pinkPrice":0.0,"pinkStock":0,"price":6.0,"seckillPrice":0.0,"seckillStock":0,"sku":"","stock":9999,"value1":"默认","value2":"中辣","volume":0.0,"weight":0.0},{"barCode":"","brokerage":0.0,"brokerageTwo":0.0,"cost":6.0,"detail":{"规格":"默认","辣度":"特辣"},"integral":0,"otPrice":6.0,"pic":"","pinkPrice":0.0,"pinkStock":0,"price":6.0,"seckillPrice":0.0,"seckillStock":0,"sku":"","stock":9999,"value1":"默认","value2":"特辣","volume":0.0,"weight":0.0}]}', '2026-05-08 17:44:49');
INSERT INTO yshop_store_product_attr_value (id, product_id, sku, stock, sales, price, image, `unique`, cost, bar_code, ot_price, weight, volume, brokerage, brokerage_two, pink_price, pink_stock, seckill_price, seckill_stock, integral) VALUES (820100, 30026, '不辣,默认', 9999, 0, 6.00, @placeholder_img, '53a96dae6423aec1add3fc474e604ed2', 6.00, '', 6.00, 0.00, 0.00, 0.00, 0.00, 0.00, 0, 0.00, 0, 0);
INSERT INTO yshop_store_product_attr_value (id, product_id, sku, stock, sales, price, image, `unique`, cost, bar_code, ot_price, weight, volume, brokerage, brokerage_two, pink_price, pink_stock, seckill_price, seckill_stock, integral) VALUES (820101, 30026, '默认,微辣', 9999, 0, 6.00, @placeholder_img, 'ff262564eb0e685b0319527073daf10d', 6.00, '', 6.00, 0.00, 0.00, 0.00, 0.00, 0.00, 0, 0.00, 0, 0);
INSERT INTO yshop_store_product_attr_value (id, product_id, sku, stock, sales, price, image, `unique`, cost, bar_code, ot_price, weight, volume, brokerage, brokerage_two, pink_price, pink_stock, seckill_price, seckill_stock, integral) VALUES (820102, 30026, '默认,中辣', 9999, 0, 6.00, @placeholder_img, '2479a47ccd44a4d1917ccc9439d2c781', 6.00, '', 6.00, 0.00, 0.00, 0.00, 0.00, 0.00, 0, 0.00, 0, 0);
INSERT INTO yshop_store_product_attr_value (id, product_id, sku, stock, sales, price, image, `unique`, cost, bar_code, ot_price, weight, volume, brokerage, brokerage_two, pink_price, pink_stock, seckill_price, seckill_stock, integral) VALUES (820103, 30026, '默认,特辣', 9999, 0, 6.00, @placeholder_img, 'b0fdcea979024ba8fe67dd7aaf732232', 6.00, '', 6.00, 0.00, 0.00, 0.00, 0.00, 0.00, 0, 0.00, 0, 0);
INSERT INTO yshop_store_product (id, shop_id, shop_name, image, slider_image, store_name, store_info, keyword, bar_code, brand_id, cate_id, price, vip_price, ot_price, postage, unit_name, sort, sales, stock, is_show, is_hot, is_benefit, is_best, is_new, description, creator, create_time, update_time, updater, is_postage, deleted, mer_use, give_integral, cost, is_seckill, is_bargain, is_good, ficti, browse, code_path, is_sub, temp_id, spec_type, is_integral, integral, tenant_id) VALUES (30027, @shop_id, '吉林小串', @placeholder_img, @placeholder_img, '腊肠', '腊肠', '腊肠', '', NULL, '9002', 8.00, 0.00, 8.00, 0.00, '把', 2, 0, 9999, 1, 0, 0, 0, 0, '<p>腊肠</p>', '1', '2026-05-08 17:44:49', '2026-05-08 17:44:49', '1', 0, b'0', 0, NULL, 8.00, 0, NULL, 0, 100, 0, '', 0, 0, 1, 0, 0, @tenant_id);
INSERT INTO yshop_store_product_attr (id, product_id, attr_name, attr_values) VALUES (800052, 30027, '规格', '默认');
INSERT INTO yshop_store_product_attr (id, product_id, attr_name, attr_values) VALUES (800053, 30027, '辣度', '不辣,微辣,中辣,特辣');
INSERT INTO yshop_store_product_attr_result (id, product_id, result, change_time) VALUES (810026, 30027, '{"attr":[{"attrHidden":"","detail":["默认"],"detailValue":"","value":"规格"},{"attrHidden":"","detail":["不辣","微辣","中辣","特辣"],"detailValue":"","value":"辣度"}],"value":[{"barCode":"","brokerage":0.0,"brokerageTwo":0.0,"cost":8.0,"detail":{"规格":"默认","辣度":"不辣"},"integral":0,"otPrice":8.0,"pic":"","pinkPrice":0.0,"pinkStock":0,"price":8.0,"seckillPrice":0.0,"seckillStock":0,"sku":"","stock":9999,"value1":"默认","value2":"不辣","volume":0.0,"weight":0.0},{"barCode":"","brokerage":0.0,"brokerageTwo":0.0,"cost":8.0,"detail":{"规格":"默认","辣度":"微辣"},"integral":0,"otPrice":8.0,"pic":"","pinkPrice":0.0,"pinkStock":0,"price":8.0,"seckillPrice":0.0,"seckillStock":0,"sku":"","stock":9999,"value1":"默认","value2":"微辣","volume":0.0,"weight":0.0},{"barCode":"","brokerage":0.0,"brokerageTwo":0.0,"cost":8.0,"detail":{"规格":"默认","辣度":"中辣"},"integral":0,"otPrice":8.0,"pic":"","pinkPrice":0.0,"pinkStock":0,"price":8.0,"seckillPrice":0.0,"seckillStock":0,"sku":"","stock":9999,"value1":"默认","value2":"中辣","volume":0.0,"weight":0.0},{"barCode":"","brokerage":0.0,"brokerageTwo":0.0,"cost":8.0,"detail":{"规格":"默认","辣度":"特辣"},"integral":0,"otPrice":8.0,"pic":"","pinkPrice":0.0,"pinkStock":0,"price":8.0,"seckillPrice":0.0,"seckillStock":0,"sku":"","stock":9999,"value1":"默认","value2":"特辣","volume":0.0,"weight":0.0}]}', '2026-05-08 17:44:49');
INSERT INTO yshop_store_product_attr_value (id, product_id, sku, stock, sales, price, image, `unique`, cost, bar_code, ot_price, weight, volume, brokerage, brokerage_two, pink_price, pink_stock, seckill_price, seckill_stock, integral) VALUES (820104, 30027, '不辣,默认', 9999, 0, 8.00, @placeholder_img, 'c6d66a65b7ff5dc89cac7a01e660e7a5', 8.00, '', 8.00, 0.00, 0.00, 0.00, 0.00, 0.00, 0, 0.00, 0, 0);
INSERT INTO yshop_store_product_attr_value (id, product_id, sku, stock, sales, price, image, `unique`, cost, bar_code, ot_price, weight, volume, brokerage, brokerage_two, pink_price, pink_stock, seckill_price, seckill_stock, integral) VALUES (820105, 30027, '默认,微辣', 9999, 0, 8.00, @placeholder_img, '8b7ea0d407c0c0747361056ab477c718', 8.00, '', 8.00, 0.00, 0.00, 0.00, 0.00, 0.00, 0, 0.00, 0, 0);
INSERT INTO yshop_store_product_attr_value (id, product_id, sku, stock, sales, price, image, `unique`, cost, bar_code, ot_price, weight, volume, brokerage, brokerage_two, pink_price, pink_stock, seckill_price, seckill_stock, integral) VALUES (820106, 30027, '默认,中辣', 9999, 0, 8.00, @placeholder_img, '3ada271a49242328272bdc3edb019e91', 8.00, '', 8.00, 0.00, 0.00, 0.00, 0.00, 0.00, 0, 0.00, 0, 0);
INSERT INTO yshop_store_product_attr_value (id, product_id, sku, stock, sales, price, image, `unique`, cost, bar_code, ot_price, weight, volume, brokerage, brokerage_two, pink_price, pink_stock, seckill_price, seckill_stock, integral) VALUES (820107, 30027, '默认,特辣', 9999, 0, 8.00, @placeholder_img, '7851533eddff8ffe906903a725814408', 8.00, '', 8.00, 0.00, 0.00, 0.00, 0.00, 0.00, 0, 0.00, 0, 0);
INSERT INTO yshop_store_product (id, shop_id, shop_name, image, slider_image, store_name, store_info, keyword, bar_code, brand_id, cate_id, price, vip_price, ot_price, postage, unit_name, sort, sales, stock, is_show, is_hot, is_benefit, is_best, is_new, description, creator, create_time, update_time, updater, is_postage, deleted, mer_use, give_integral, cost, is_seckill, is_bargain, is_good, ficti, browse, code_path, is_sub, temp_id, spec_type, is_integral, integral, tenant_id) VALUES (30028, @shop_id, '吉林小串', @placeholder_img, @placeholder_img, '鸭肠', '鸭肠', '鸭肠', '', NULL, '9002', 10.00, 0.00, 10.00, 0.00, '把', 3, 0, 9999, 1, 0, 0, 0, 0, '<p>鸭肠</p>', '1', '2026-05-08 17:44:49', '2026-05-08 17:44:49', '1', 0, b'0', 0, NULL, 10.00, 0, NULL, 0, 100, 0, '', 0, 0, 1, 0, 0, @tenant_id);
INSERT INTO yshop_store_product_attr (id, product_id, attr_name, attr_values) VALUES (800054, 30028, '规格', '默认');
INSERT INTO yshop_store_product_attr (id, product_id, attr_name, attr_values) VALUES (800055, 30028, '辣度', '不辣,微辣,中辣,特辣');
INSERT INTO yshop_store_product_attr_result (id, product_id, result, change_time) VALUES (810027, 30028, '{"attr":[{"attrHidden":"","detail":["默认"],"detailValue":"","value":"规格"},{"attrHidden":"","detail":["不辣","微辣","中辣","特辣"],"detailValue":"","value":"辣度"}],"value":[{"barCode":"","brokerage":0.0,"brokerageTwo":0.0,"cost":10.0,"detail":{"规格":"默认","辣度":"不辣"},"integral":0,"otPrice":10.0,"pic":"","pinkPrice":0.0,"pinkStock":0,"price":10.0,"seckillPrice":0.0,"seckillStock":0,"sku":"","stock":9999,"value1":"默认","value2":"不辣","volume":0.0,"weight":0.0},{"barCode":"","brokerage":0.0,"brokerageTwo":0.0,"cost":10.0,"detail":{"规格":"默认","辣度":"微辣"},"integral":0,"otPrice":10.0,"pic":"","pinkPrice":0.0,"pinkStock":0,"price":10.0,"seckillPrice":0.0,"seckillStock":0,"sku":"","stock":9999,"value1":"默认","value2":"微辣","volume":0.0,"weight":0.0},{"barCode":"","brokerage":0.0,"brokerageTwo":0.0,"cost":10.0,"detail":{"规格":"默认","辣度":"中辣"},"integral":0,"otPrice":10.0,"pic":"","pinkPrice":0.0,"pinkStock":0,"price":10.0,"seckillPrice":0.0,"seckillStock":0,"sku":"","stock":9999,"value1":"默认","value2":"中辣","volume":0.0,"weight":0.0},{"barCode":"","brokerage":0.0,"brokerageTwo":0.0,"cost":10.0,"detail":{"规格":"默认","辣度":"特辣"},"integral":0,"otPrice":10.0,"pic":"","pinkPrice":0.0,"pinkStock":0,"price":10.0,"seckillPrice":0.0,"seckillStock":0,"sku":"","stock":9999,"value1":"默认","value2":"特辣","volume":0.0,"weight":0.0}]}', '2026-05-08 17:44:49');
INSERT INTO yshop_store_product_attr_value (id, product_id, sku, stock, sales, price, image, `unique`, cost, bar_code, ot_price, weight, volume, brokerage, brokerage_two, pink_price, pink_stock, seckill_price, seckill_stock, integral) VALUES (820108, 30028, '不辣,默认', 9999, 0, 10.00, @placeholder_img, '09cd69f5ee165ab234c75a154ac3225b', 10.00, '', 10.00, 0.00, 0.00, 0.00, 0.00, 0.00, 0, 0.00, 0, 0);
INSERT INTO yshop_store_product_attr_value (id, product_id, sku, stock, sales, price, image, `unique`, cost, bar_code, ot_price, weight, volume, brokerage, brokerage_two, pink_price, pink_stock, seckill_price, seckill_stock, integral) VALUES (820109, 30028, '默认,微辣', 9999, 0, 10.00, @placeholder_img, 'a88a77e5a3df3bfe8e542fa04bdeb676', 10.00, '', 10.00, 0.00, 0.00, 0.00, 0.00, 0.00, 0, 0.00, 0, 0);
INSERT INTO yshop_store_product_attr_value (id, product_id, sku, stock, sales, price, image, `unique`, cost, bar_code, ot_price, weight, volume, brokerage, brokerage_two, pink_price, pink_stock, seckill_price, seckill_stock, integral) VALUES (820110, 30028, '默认,中辣', 9999, 0, 10.00, @placeholder_img, '1897b9a336f5d825b15049b3b753fc67', 10.00, '', 10.00, 0.00, 0.00, 0.00, 0.00, 0.00, 0, 0.00, 0, 0);
INSERT INTO yshop_store_product_attr_value (id, product_id, sku, stock, sales, price, image, `unique`, cost, bar_code, ot_price, weight, volume, brokerage, brokerage_two, pink_price, pink_stock, seckill_price, seckill_stock, integral) VALUES (820111, 30028, '默认,特辣', 9999, 0, 10.00, @placeholder_img, 'c28f1052fde5e260969d16a3a6da44f2', 10.00, '', 10.00, 0.00, 0.00, 0.00, 0.00, 0.00, 0, 0.00, 0, 0);
INSERT INTO yshop_store_product (id, shop_id, shop_name, image, slider_image, store_name, store_info, keyword, bar_code, brand_id, cate_id, price, vip_price, ot_price, postage, unit_name, sort, sales, stock, is_show, is_hot, is_benefit, is_best, is_new, description, creator, create_time, update_time, updater, is_postage, deleted, mer_use, give_integral, cost, is_seckill, is_bargain, is_good, ficti, browse, code_path, is_sub, temp_id, spec_type, is_integral, integral, tenant_id) VALUES (30029, @shop_id, '吉林小串', @placeholder_img, @placeholder_img, '小肉串', '小肉串', '小肉串', '', NULL, '9002', 10.00, 0.00, 10.00, 0.00, '把', 4, 0, 9999, 1, 0, 0, 0, 0, '<p>小肉串</p>', '1', '2026-05-08 17:44:49', '2026-05-08 17:44:49', '1', 0, b'0', 0, NULL, 10.00, 0, NULL, 0, 100, 0, '', 0, 0, 1, 0, 0, @tenant_id);
INSERT INTO yshop_store_product_attr (id, product_id, attr_name, attr_values) VALUES (800056, 30029, '规格', '默认');
INSERT INTO yshop_store_product_attr (id, product_id, attr_name, attr_values) VALUES (800057, 30029, '辣度', '不辣,微辣,中辣,特辣');
INSERT INTO yshop_store_product_attr_result (id, product_id, result, change_time) VALUES (810028, 30029, '{"attr":[{"attrHidden":"","detail":["默认"],"detailValue":"","value":"规格"},{"attrHidden":"","detail":["不辣","微辣","中辣","特辣"],"detailValue":"","value":"辣度"}],"value":[{"barCode":"","brokerage":0.0,"brokerageTwo":0.0,"cost":10.0,"detail":{"规格":"默认","辣度":"不辣"},"integral":0,"otPrice":10.0,"pic":"","pinkPrice":0.0,"pinkStock":0,"price":10.0,"seckillPrice":0.0,"seckillStock":0,"sku":"","stock":9999,"value1":"默认","value2":"不辣","volume":0.0,"weight":0.0},{"barCode":"","brokerage":0.0,"brokerageTwo":0.0,"cost":10.0,"detail":{"规格":"默认","辣度":"微辣"},"integral":0,"otPrice":10.0,"pic":"","pinkPrice":0.0,"pinkStock":0,"price":10.0,"seckillPrice":0.0,"seckillStock":0,"sku":"","stock":9999,"value1":"默认","value2":"微辣","volume":0.0,"weight":0.0},{"barCode":"","brokerage":0.0,"brokerageTwo":0.0,"cost":10.0,"detail":{"规格":"默认","辣度":"中辣"},"integral":0,"otPrice":10.0,"pic":"","pinkPrice":0.0,"pinkStock":0,"price":10.0,"seckillPrice":0.0,"seckillStock":0,"sku":"","stock":9999,"value1":"默认","value2":"中辣","volume":0.0,"weight":0.0},{"barCode":"","brokerage":0.0,"brokerageTwo":0.0,"cost":10.0,"detail":{"规格":"默认","辣度":"特辣"},"integral":0,"otPrice":10.0,"pic":"","pinkPrice":0.0,"pinkStock":0,"price":10.0,"seckillPrice":0.0,"seckillStock":0,"sku":"","stock":9999,"value1":"默认","value2":"特辣","volume":0.0,"weight":0.0}]}', '2026-05-08 17:44:49');
INSERT INTO yshop_store_product_attr_value (id, product_id, sku, stock, sales, price, image, `unique`, cost, bar_code, ot_price, weight, volume, brokerage, brokerage_two, pink_price, pink_stock, seckill_price, seckill_stock, integral) VALUES (820112, 30029, '不辣,默认', 9999, 0, 10.00, @placeholder_img, '2d56b328535a1fd0bab53186d1c56286', 10.00, '', 10.00, 0.00, 0.00, 0.00, 0.00, 0.00, 0, 0.00, 0, 0);
INSERT INTO yshop_store_product_attr_value (id, product_id, sku, stock, sales, price, image, `unique`, cost, bar_code, ot_price, weight, volume, brokerage, brokerage_two, pink_price, pink_stock, seckill_price, seckill_stock, integral) VALUES (820113, 30029, '默认,微辣', 9999, 0, 10.00, @placeholder_img, '64d273e584b12a0bae88fa4d71f6ad0e', 10.00, '', 10.00, 0.00, 0.00, 0.00, 0.00, 0.00, 0, 0.00, 0, 0);
INSERT INTO yshop_store_product_attr_value (id, product_id, sku, stock, sales, price, image, `unique`, cost, bar_code, ot_price, weight, volume, brokerage, brokerage_two, pink_price, pink_stock, seckill_price, seckill_stock, integral) VALUES (820114, 30029, '默认,中辣', 9999, 0, 10.00, @placeholder_img, '7564df4be66c65e123bf929cd9f25d3a', 10.00, '', 10.00, 0.00, 0.00, 0.00, 0.00, 0.00, 0, 0.00, 0, 0);
INSERT INTO yshop_store_product_attr_value (id, product_id, sku, stock, sales, price, image, `unique`, cost, bar_code, ot_price, weight, volume, brokerage, brokerage_two, pink_price, pink_stock, seckill_price, seckill_stock, integral) VALUES (820115, 30029, '默认,特辣', 9999, 0, 10.00, @placeholder_img, '6b9aa1b91e8871775d6b3253c3334010', 10.00, '', 10.00, 0.00, 0.00, 0.00, 0.00, 0.00, 0, 0.00, 0, 0);
INSERT INTO yshop_store_product (id, shop_id, shop_name, image, slider_image, store_name, store_info, keyword, bar_code, brand_id, cate_id, price, vip_price, ot_price, postage, unit_name, sort, sales, stock, is_show, is_hot, is_benefit, is_best, is_new, description, creator, create_time, update_time, updater, is_postage, deleted, mer_use, give_integral, cost, is_seckill, is_bargain, is_good, ficti, browse, code_path, is_sub, temp_id, spec_type, is_integral, integral, tenant_id) VALUES (30030, @shop_id, '吉林小串', @placeholder_img, @placeholder_img, '牛油', '牛油', '牛油', '', NULL, '9002', 10.00, 0.00, 10.00, 0.00, '把', 5, 0, 9999, 1, 0, 0, 0, 0, '<p>牛油</p>', '1', '2026-05-08 17:44:49', '2026-05-08 17:44:49', '1', 0, b'0', 0, NULL, 10.00, 0, NULL, 0, 100, 0, '', 0, 0, 1, 0, 0, @tenant_id);
INSERT INTO yshop_store_product_attr (id, product_id, attr_name, attr_values) VALUES (800058, 30030, '规格', '默认');
INSERT INTO yshop_store_product_attr (id, product_id, attr_name, attr_values) VALUES (800059, 30030, '辣度', '不辣,微辣,中辣,特辣');
INSERT INTO yshop_store_product_attr_result (id, product_id, result, change_time) VALUES (810029, 30030, '{"attr":[{"attrHidden":"","detail":["默认"],"detailValue":"","value":"规格"},{"attrHidden":"","detail":["不辣","微辣","中辣","特辣"],"detailValue":"","value":"辣度"}],"value":[{"barCode":"","brokerage":0.0,"brokerageTwo":0.0,"cost":10.0,"detail":{"规格":"默认","辣度":"不辣"},"integral":0,"otPrice":10.0,"pic":"","pinkPrice":0.0,"pinkStock":0,"price":10.0,"seckillPrice":0.0,"seckillStock":0,"sku":"","stock":9999,"value1":"默认","value2":"不辣","volume":0.0,"weight":0.0},{"barCode":"","brokerage":0.0,"brokerageTwo":0.0,"cost":10.0,"detail":{"规格":"默认","辣度":"微辣"},"integral":0,"otPrice":10.0,"pic":"","pinkPrice":0.0,"pinkStock":0,"price":10.0,"seckillPrice":0.0,"seckillStock":0,"sku":"","stock":9999,"value1":"默认","value2":"微辣","volume":0.0,"weight":0.0},{"barCode":"","brokerage":0.0,"brokerageTwo":0.0,"cost":10.0,"detail":{"规格":"默认","辣度":"中辣"},"integral":0,"otPrice":10.0,"pic":"","pinkPrice":0.0,"pinkStock":0,"price":10.0,"seckillPrice":0.0,"seckillStock":0,"sku":"","stock":9999,"value1":"默认","value2":"中辣","volume":0.0,"weight":0.0},{"barCode":"","brokerage":0.0,"brokerageTwo":0.0,"cost":10.0,"detail":{"规格":"默认","辣度":"特辣"},"integral":0,"otPrice":10.0,"pic":"","pinkPrice":0.0,"pinkStock":0,"price":10.0,"seckillPrice":0.0,"seckillStock":0,"sku":"","stock":9999,"value1":"默认","value2":"特辣","volume":0.0,"weight":0.0}]}', '2026-05-08 17:44:49');
INSERT INTO yshop_store_product_attr_value (id, product_id, sku, stock, sales, price, image, `unique`, cost, bar_code, ot_price, weight, volume, brokerage, brokerage_two, pink_price, pink_stock, seckill_price, seckill_stock, integral) VALUES (820116, 30030, '不辣,默认', 9999, 0, 10.00, @placeholder_img, '072e530bdd33ea9e868b232806f6ed64', 10.00, '', 10.00, 0.00, 0.00, 0.00, 0.00, 0.00, 0, 0.00, 0, 0);
INSERT INTO yshop_store_product_attr_value (id, product_id, sku, stock, sales, price, image, `unique`, cost, bar_code, ot_price, weight, volume, brokerage, brokerage_two, pink_price, pink_stock, seckill_price, seckill_stock, integral) VALUES (820117, 30030, '默认,微辣', 9999, 0, 10.00, @placeholder_img, '8c0cb8e7f9ae8efc65aa018d9637ec07', 10.00, '', 10.00, 0.00, 0.00, 0.00, 0.00, 0.00, 0, 0.00, 0, 0);
INSERT INTO yshop_store_product_attr_value (id, product_id, sku, stock, sales, price, image, `unique`, cost, bar_code, ot_price, weight, volume, brokerage, brokerage_two, pink_price, pink_stock, seckill_price, seckill_stock, integral) VALUES (820118, 30030, '默认,中辣', 9999, 0, 10.00, @placeholder_img, '7a044c9e123061780253ec8616d44508', 10.00, '', 10.00, 0.00, 0.00, 0.00, 0.00, 0.00, 0, 0.00, 0, 0);
INSERT INTO yshop_store_product_attr_value (id, product_id, sku, stock, sales, price, image, `unique`, cost, bar_code, ot_price, weight, volume, brokerage, brokerage_two, pink_price, pink_stock, seckill_price, seckill_stock, integral) VALUES (820119, 30030, '默认,特辣', 9999, 0, 10.00, @placeholder_img, 'bd56d59b67ffea58eaa1d7fce36cb804', 10.00, '', 10.00, 0.00, 0.00, 0.00, 0.00, 0.00, 0, 0.00, 0, 0);
INSERT INTO yshop_store_product (id, shop_id, shop_name, image, slider_image, store_name, store_info, keyword, bar_code, brand_id, cate_id, price, vip_price, ot_price, postage, unit_name, sort, sales, stock, is_show, is_hot, is_benefit, is_best, is_new, description, creator, create_time, update_time, updater, is_postage, deleted, mer_use, give_integral, cost, is_seckill, is_bargain, is_good, ficti, browse, code_path, is_sub, temp_id, spec_type, is_integral, integral, tenant_id) VALUES (30031, @shop_id, '吉林小串', @placeholder_img, @placeholder_img, '牛肚', '牛肚', '牛肚', '', NULL, '9002', 10.00, 0.00, 10.00, 0.00, '把', 6, 0, 9999, 1, 0, 0, 0, 0, '<p>牛肚</p>', '1', '2026-05-08 17:44:49', '2026-05-08 17:44:49', '1', 0, b'0', 0, NULL, 10.00, 0, NULL, 0, 100, 0, '', 0, 0, 1, 0, 0, @tenant_id);
INSERT INTO yshop_store_product_attr (id, product_id, attr_name, attr_values) VALUES (800060, 30031, '规格', '默认');
INSERT INTO yshop_store_product_attr (id, product_id, attr_name, attr_values) VALUES (800061, 30031, '辣度', '不辣,微辣,中辣,特辣');
INSERT INTO yshop_store_product_attr_result (id, product_id, result, change_time) VALUES (810030, 30031, '{"attr":[{"attrHidden":"","detail":["默认"],"detailValue":"","value":"规格"},{"attrHidden":"","detail":["不辣","微辣","中辣","特辣"],"detailValue":"","value":"辣度"}],"value":[{"barCode":"","brokerage":0.0,"brokerageTwo":0.0,"cost":10.0,"detail":{"规格":"默认","辣度":"不辣"},"integral":0,"otPrice":10.0,"pic":"","pinkPrice":0.0,"pinkStock":0,"price":10.0,"seckillPrice":0.0,"seckillStock":0,"sku":"","stock":9999,"value1":"默认","value2":"不辣","volume":0.0,"weight":0.0},{"barCode":"","brokerage":0.0,"brokerageTwo":0.0,"cost":10.0,"detail":{"规格":"默认","辣度":"微辣"},"integral":0,"otPrice":10.0,"pic":"","pinkPrice":0.0,"pinkStock":0,"price":10.0,"seckillPrice":0.0,"seckillStock":0,"sku":"","stock":9999,"value1":"默认","value2":"微辣","volume":0.0,"weight":0.0},{"barCode":"","brokerage":0.0,"brokerageTwo":0.0,"cost":10.0,"detail":{"规格":"默认","辣度":"中辣"},"integral":0,"otPrice":10.0,"pic":"","pinkPrice":0.0,"pinkStock":0,"price":10.0,"seckillPrice":0.0,"seckillStock":0,"sku":"","stock":9999,"value1":"默认","value2":"中辣","volume":0.0,"weight":0.0},{"barCode":"","brokerage":0.0,"brokerageTwo":0.0,"cost":10.0,"detail":{"规格":"默认","辣度":"特辣"},"integral":0,"otPrice":10.0,"pic":"","pinkPrice":0.0,"pinkStock":0,"price":10.0,"seckillPrice":0.0,"seckillStock":0,"sku":"","stock":9999,"value1":"默认","value2":"特辣","volume":0.0,"weight":0.0}]}', '2026-05-08 17:44:49');
INSERT INTO yshop_store_product_attr_value (id, product_id, sku, stock, sales, price, image, `unique`, cost, bar_code, ot_price, weight, volume, brokerage, brokerage_two, pink_price, pink_stock, seckill_price, seckill_stock, integral) VALUES (820120, 30031, '不辣,默认', 9999, 0, 10.00, @placeholder_img, '5ef87af8dba03102daf89e6b701a2a5c', 10.00, '', 10.00, 0.00, 0.00, 0.00, 0.00, 0.00, 0, 0.00, 0, 0);
INSERT INTO yshop_store_product_attr_value (id, product_id, sku, stock, sales, price, image, `unique`, cost, bar_code, ot_price, weight, volume, brokerage, brokerage_two, pink_price, pink_stock, seckill_price, seckill_stock, integral) VALUES (820121, 30031, '默认,微辣', 9999, 0, 10.00, @placeholder_img, 'd8b00a400fb4047d231b7cab2acc1478', 10.00, '', 10.00, 0.00, 0.00, 0.00, 0.00, 0.00, 0, 0.00, 0, 0);
INSERT INTO yshop_store_product_attr_value (id, product_id, sku, stock, sales, price, image, `unique`, cost, bar_code, ot_price, weight, volume, brokerage, brokerage_two, pink_price, pink_stock, seckill_price, seckill_stock, integral) VALUES (820122, 30031, '默认,中辣', 9999, 0, 10.00, @placeholder_img, '25c1936756be7efe02cc44339af85e46', 10.00, '', 10.00, 0.00, 0.00, 0.00, 0.00, 0.00, 0, 0.00, 0, 0);
INSERT INTO yshop_store_product_attr_value (id, product_id, sku, stock, sales, price, image, `unique`, cost, bar_code, ot_price, weight, volume, brokerage, brokerage_two, pink_price, pink_stock, seckill_price, seckill_stock, integral) VALUES (820123, 30031, '默认,特辣', 9999, 0, 10.00, @placeholder_img, 'bd3fdd809d4d537b73d6ab570f36a7a0', 10.00, '', 10.00, 0.00, 0.00, 0.00, 0.00, 0.00, 0, 0.00, 0, 0);
INSERT INTO yshop_store_product (id, shop_id, shop_name, image, slider_image, store_name, store_info, keyword, bar_code, brand_id, cate_id, price, vip_price, ot_price, postage, unit_name, sort, sales, stock, is_show, is_hot, is_benefit, is_best, is_new, description, creator, create_time, update_time, updater, is_postage, deleted, mer_use, give_integral, cost, is_seckill, is_bargain, is_good, ficti, browse, code_path, is_sub, temp_id, spec_type, is_integral, integral, tenant_id) VALUES (30032, @shop_id, '吉林小串', @placeholder_img, @placeholder_img, '鸡肉干豆腐', '鸡肉干豆腐', '鸡肉干豆腐', '', NULL, '9002', 8.00, 0.00, 8.00, 0.00, '把', 7, 0, 9999, 1, 0, 0, 0, 0, '<p>鸡肉干豆腐</p>', '1', '2026-05-08 17:44:49', '2026-05-08 17:44:49', '1', 0, b'0', 0, NULL, 8.00, 0, NULL, 0, 100, 0, '', 0, 0, 1, 0, 0, @tenant_id);
INSERT INTO yshop_store_product_attr (id, product_id, attr_name, attr_values) VALUES (800062, 30032, '规格', '默认');
INSERT INTO yshop_store_product_attr (id, product_id, attr_name, attr_values) VALUES (800063, 30032, '辣度', '不辣,微辣,中辣,特辣');
INSERT INTO yshop_store_product_attr_result (id, product_id, result, change_time) VALUES (810031, 30032, '{"attr":[{"attrHidden":"","detail":["默认"],"detailValue":"","value":"规格"},{"attrHidden":"","detail":["不辣","微辣","中辣","特辣"],"detailValue":"","value":"辣度"}],"value":[{"barCode":"","brokerage":0.0,"brokerageTwo":0.0,"cost":8.0,"detail":{"规格":"默认","辣度":"不辣"},"integral":0,"otPrice":8.0,"pic":"","pinkPrice":0.0,"pinkStock":0,"price":8.0,"seckillPrice":0.0,"seckillStock":0,"sku":"","stock":9999,"value1":"默认","value2":"不辣","volume":0.0,"weight":0.0},{"barCode":"","brokerage":0.0,"brokerageTwo":0.0,"cost":8.0,"detail":{"规格":"默认","辣度":"微辣"},"integral":0,"otPrice":8.0,"pic":"","pinkPrice":0.0,"pinkStock":0,"price":8.0,"seckillPrice":0.0,"seckillStock":0,"sku":"","stock":9999,"value1":"默认","value2":"微辣","volume":0.0,"weight":0.0},{"barCode":"","brokerage":0.0,"brokerageTwo":0.0,"cost":8.0,"detail":{"规格":"默认","辣度":"中辣"},"integral":0,"otPrice":8.0,"pic":"","pinkPrice":0.0,"pinkStock":0,"price":8.0,"seckillPrice":0.0,"seckillStock":0,"sku":"","stock":9999,"value1":"默认","value2":"中辣","volume":0.0,"weight":0.0},{"barCode":"","brokerage":0.0,"brokerageTwo":0.0,"cost":8.0,"detail":{"规格":"默认","辣度":"特辣"},"integral":0,"otPrice":8.0,"pic":"","pinkPrice":0.0,"pinkStock":0,"price":8.0,"seckillPrice":0.0,"seckillStock":0,"sku":"","stock":9999,"value1":"默认","value2":"特辣","volume":0.0,"weight":0.0}]}', '2026-05-08 17:44:49');
INSERT INTO yshop_store_product_attr_value (id, product_id, sku, stock, sales, price, image, `unique`, cost, bar_code, ot_price, weight, volume, brokerage, brokerage_two, pink_price, pink_stock, seckill_price, seckill_stock, integral) VALUES (820124, 30032, '不辣,默认', 9999, 0, 8.00, @placeholder_img, '0f687a3263b86d6da31b89bac09a9d1f', 8.00, '', 8.00, 0.00, 0.00, 0.00, 0.00, 0.00, 0, 0.00, 0, 0);
INSERT INTO yshop_store_product_attr_value (id, product_id, sku, stock, sales, price, image, `unique`, cost, bar_code, ot_price, weight, volume, brokerage, brokerage_two, pink_price, pink_stock, seckill_price, seckill_stock, integral) VALUES (820125, 30032, '默认,微辣', 9999, 0, 8.00, @placeholder_img, '5ffb9da6100d8340d0e1cb0d31deb603', 8.00, '', 8.00, 0.00, 0.00, 0.00, 0.00, 0.00, 0, 0.00, 0, 0);
INSERT INTO yshop_store_product_attr_value (id, product_id, sku, stock, sales, price, image, `unique`, cost, bar_code, ot_price, weight, volume, brokerage, brokerage_two, pink_price, pink_stock, seckill_price, seckill_stock, integral) VALUES (820126, 30032, '默认,中辣', 9999, 0, 8.00, @placeholder_img, '5a11849b5dc7a4b19d63fd881b9d6ec8', 8.00, '', 8.00, 0.00, 0.00, 0.00, 0.00, 0.00, 0, 0.00, 0, 0);
INSERT INTO yshop_store_product_attr_value (id, product_id, sku, stock, sales, price, image, `unique`, cost, bar_code, ot_price, weight, volume, brokerage, brokerage_two, pink_price, pink_stock, seckill_price, seckill_stock, integral) VALUES (820127, 30032, '默认,特辣', 9999, 0, 8.00, @placeholder_img, 'fc7cf93208396c963109a50bdc57d16d', 8.00, '', 8.00, 0.00, 0.00, 0.00, 0.00, 0.00, 0, 0.00, 0, 0);
INSERT INTO yshop_store_product (id, shop_id, shop_name, image, slider_image, store_name, store_info, keyword, bar_code, brand_id, cate_id, price, vip_price, ot_price, postage, unit_name, sort, sales, stock, is_show, is_hot, is_benefit, is_best, is_new, description, creator, create_time, update_time, updater, is_postage, deleted, mer_use, give_integral, cost, is_seckill, is_bargain, is_good, ficti, browse, code_path, is_sub, temp_id, spec_type, is_integral, integral, tenant_id) VALUES (30033, @shop_id, '吉林小串', @placeholder_img, @placeholder_img, '鱿鱼', '鱿鱼', '鱿鱼', '', NULL, '9003', 8.00, 0.00, 8.00, 0.00, '串', 1, 0, 9999, 1, 0, 0, 0, 0, '<p>鱿鱼</p>', '1', '2026-05-08 17:44:49', '2026-05-08 17:44:49', '1', 0, b'0', 0, NULL, 8.00, 0, NULL, 0, 100, 0, '', 0, 0, 1, 0, 0, @tenant_id);
INSERT INTO yshop_store_product_attr (id, product_id, attr_name, attr_values) VALUES (800064, 30033, '规格', '默认');
INSERT INTO yshop_store_product_attr (id, product_id, attr_name, attr_values) VALUES (800065, 30033, '辣度', '不辣,微辣,中辣,特辣');
INSERT INTO yshop_store_product_attr_result (id, product_id, result, change_time) VALUES (810032, 30033, '{"attr":[{"attrHidden":"","detail":["默认"],"detailValue":"","value":"规格"},{"attrHidden":"","detail":["不辣","微辣","中辣","特辣"],"detailValue":"","value":"辣度"}],"value":[{"barCode":"","brokerage":0.0,"brokerageTwo":0.0,"cost":8.0,"detail":{"规格":"默认","辣度":"不辣"},"integral":0,"otPrice":8.0,"pic":"","pinkPrice":0.0,"pinkStock":0,"price":8.0,"seckillPrice":0.0,"seckillStock":0,"sku":"","stock":9999,"value1":"默认","value2":"不辣","volume":0.0,"weight":0.0},{"barCode":"","brokerage":0.0,"brokerageTwo":0.0,"cost":8.0,"detail":{"规格":"默认","辣度":"微辣"},"integral":0,"otPrice":8.0,"pic":"","pinkPrice":0.0,"pinkStock":0,"price":8.0,"seckillPrice":0.0,"seckillStock":0,"sku":"","stock":9999,"value1":"默认","value2":"微辣","volume":0.0,"weight":0.0},{"barCode":"","brokerage":0.0,"brokerageTwo":0.0,"cost":8.0,"detail":{"规格":"默认","辣度":"中辣"},"integral":0,"otPrice":8.0,"pic":"","pinkPrice":0.0,"pinkStock":0,"price":8.0,"seckillPrice":0.0,"seckillStock":0,"sku":"","stock":9999,"value1":"默认","value2":"中辣","volume":0.0,"weight":0.0},{"barCode":"","brokerage":0.0,"brokerageTwo":0.0,"cost":8.0,"detail":{"规格":"默认","辣度":"特辣"},"integral":0,"otPrice":8.0,"pic":"","pinkPrice":0.0,"pinkStock":0,"price":8.0,"seckillPrice":0.0,"seckillStock":0,"sku":"","stock":9999,"value1":"默认","value2":"特辣","volume":0.0,"weight":0.0}]}', '2026-05-08 17:44:49');
INSERT INTO yshop_store_product_attr_value (id, product_id, sku, stock, sales, price, image, `unique`, cost, bar_code, ot_price, weight, volume, brokerage, brokerage_two, pink_price, pink_stock, seckill_price, seckill_stock, integral) VALUES (820128, 30033, '不辣,默认', 9999, 0, 8.00, @placeholder_img, 'a2529aaf67ea9e684563fad9fb657bc8', 8.00, '', 8.00, 0.00, 0.00, 0.00, 0.00, 0.00, 0, 0.00, 0, 0);
INSERT INTO yshop_store_product_attr_value (id, product_id, sku, stock, sales, price, image, `unique`, cost, bar_code, ot_price, weight, volume, brokerage, brokerage_two, pink_price, pink_stock, seckill_price, seckill_stock, integral) VALUES (820129, 30033, '默认,微辣', 9999, 0, 8.00, @placeholder_img, '4bc8a6ae08d94bad449d0aed0bc19fa3', 8.00, '', 8.00, 0.00, 0.00, 0.00, 0.00, 0.00, 0, 0.00, 0, 0);
INSERT INTO yshop_store_product_attr_value (id, product_id, sku, stock, sales, price, image, `unique`, cost, bar_code, ot_price, weight, volume, brokerage, brokerage_two, pink_price, pink_stock, seckill_price, seckill_stock, integral) VALUES (820130, 30033, '默认,中辣', 9999, 0, 8.00, @placeholder_img, 'a52d4806c0d5964b5de7431536b87e2c', 8.00, '', 8.00, 0.00, 0.00, 0.00, 0.00, 0.00, 0, 0.00, 0, 0);
INSERT INTO yshop_store_product_attr_value (id, product_id, sku, stock, sales, price, image, `unique`, cost, bar_code, ot_price, weight, volume, brokerage, brokerage_two, pink_price, pink_stock, seckill_price, seckill_stock, integral) VALUES (820131, 30033, '默认,特辣', 9999, 0, 8.00, @placeholder_img, 'd26a0157dd2f1c33f53f5341773b3168', 8.00, '', 8.00, 0.00, 0.00, 0.00, 0.00, 0.00, 0, 0.00, 0, 0);
INSERT INTO yshop_store_product (id, shop_id, shop_name, image, slider_image, store_name, store_info, keyword, bar_code, brand_id, cate_id, price, vip_price, ot_price, postage, unit_name, sort, sales, stock, is_show, is_hot, is_benefit, is_best, is_new, description, creator, create_time, update_time, updater, is_postage, deleted, mer_use, give_integral, cost, is_seckill, is_bargain, is_good, ficti, browse, code_path, is_sub, temp_id, spec_type, is_integral, integral, tenant_id) VALUES (30034, @shop_id, '吉林小串', @placeholder_img, @placeholder_img, '秋刀鱼', '秋刀鱼', '秋刀鱼', '', NULL, '9003', 10.00, 0.00, 10.00, 0.00, '串', 2, 0, 9999, 1, 0, 0, 0, 0, '<p>秋刀鱼</p>', '1', '2026-05-08 17:44:49', '2026-05-08 17:44:49', '1', 0, b'0', 0, NULL, 10.00, 0, NULL, 0, 100, 0, '', 0, 0, 1, 0, 0, @tenant_id);
INSERT INTO yshop_store_product_attr (id, product_id, attr_name, attr_values) VALUES (800066, 30034, '规格', '默认');
INSERT INTO yshop_store_product_attr (id, product_id, attr_name, attr_values) VALUES (800067, 30034, '辣度', '不辣,微辣,中辣,特辣');
INSERT INTO yshop_store_product_attr_result (id, product_id, result, change_time) VALUES (810033, 30034, '{"attr":[{"attrHidden":"","detail":["默认"],"detailValue":"","value":"规格"},{"attrHidden":"","detail":["不辣","微辣","中辣","特辣"],"detailValue":"","value":"辣度"}],"value":[{"barCode":"","brokerage":0.0,"brokerageTwo":0.0,"cost":10.0,"detail":{"规格":"默认","辣度":"不辣"},"integral":0,"otPrice":10.0,"pic":"","pinkPrice":0.0,"pinkStock":0,"price":10.0,"seckillPrice":0.0,"seckillStock":0,"sku":"","stock":9999,"value1":"默认","value2":"不辣","volume":0.0,"weight":0.0},{"barCode":"","brokerage":0.0,"brokerageTwo":0.0,"cost":10.0,"detail":{"规格":"默认","辣度":"微辣"},"integral":0,"otPrice":10.0,"pic":"","pinkPrice":0.0,"pinkStock":0,"price":10.0,"seckillPrice":0.0,"seckillStock":0,"sku":"","stock":9999,"value1":"默认","value2":"微辣","volume":0.0,"weight":0.0},{"barCode":"","brokerage":0.0,"brokerageTwo":0.0,"cost":10.0,"detail":{"规格":"默认","辣度":"中辣"},"integral":0,"otPrice":10.0,"pic":"","pinkPrice":0.0,"pinkStock":0,"price":10.0,"seckillPrice":0.0,"seckillStock":0,"sku":"","stock":9999,"value1":"默认","value2":"中辣","volume":0.0,"weight":0.0},{"barCode":"","brokerage":0.0,"brokerageTwo":0.0,"cost":10.0,"detail":{"规格":"默认","辣度":"特辣"},"integral":0,"otPrice":10.0,"pic":"","pinkPrice":0.0,"pinkStock":0,"price":10.0,"seckillPrice":0.0,"seckillStock":0,"sku":"","stock":9999,"value1":"默认","value2":"特辣","volume":0.0,"weight":0.0}]}', '2026-05-08 17:44:49');
INSERT INTO yshop_store_product_attr_value (id, product_id, sku, stock, sales, price, image, `unique`, cost, bar_code, ot_price, weight, volume, brokerage, brokerage_two, pink_price, pink_stock, seckill_price, seckill_stock, integral) VALUES (820132, 30034, '不辣,默认', 9999, 0, 10.00, @placeholder_img, 'ddc8890c036df848758d93cb379e2e43', 10.00, '', 10.00, 0.00, 0.00, 0.00, 0.00, 0.00, 0, 0.00, 0, 0);
INSERT INTO yshop_store_product_attr_value (id, product_id, sku, stock, sales, price, image, `unique`, cost, bar_code, ot_price, weight, volume, brokerage, brokerage_two, pink_price, pink_stock, seckill_price, seckill_stock, integral) VALUES (820133, 30034, '默认,微辣', 9999, 0, 10.00, @placeholder_img, '27ab70c101ad014392667dbee61487c3', 10.00, '', 10.00, 0.00, 0.00, 0.00, 0.00, 0.00, 0, 0.00, 0, 0);
INSERT INTO yshop_store_product_attr_value (id, product_id, sku, stock, sales, price, image, `unique`, cost, bar_code, ot_price, weight, volume, brokerage, brokerage_two, pink_price, pink_stock, seckill_price, seckill_stock, integral) VALUES (820134, 30034, '默认,中辣', 9999, 0, 10.00, @placeholder_img, '84842cc2884c28237b8483b3ecb940c2', 10.00, '', 10.00, 0.00, 0.00, 0.00, 0.00, 0.00, 0, 0.00, 0, 0);
INSERT INTO yshop_store_product_attr_value (id, product_id, sku, stock, sales, price, image, `unique`, cost, bar_code, ot_price, weight, volume, brokerage, brokerage_two, pink_price, pink_stock, seckill_price, seckill_stock, integral) VALUES (820135, 30034, '默认,特辣', 9999, 0, 10.00, @placeholder_img, 'd0a2cbfa2ce2b73944d7dc540adbd970', 10.00, '', 10.00, 0.00, 0.00, 0.00, 0.00, 0.00, 0, 0.00, 0, 0);
INSERT INTO yshop_store_product (id, shop_id, shop_name, image, slider_image, store_name, store_info, keyword, bar_code, brand_id, cate_id, price, vip_price, ot_price, postage, unit_name, sort, sales, stock, is_show, is_hot, is_benefit, is_best, is_new, description, creator, create_time, update_time, updater, is_postage, deleted, mer_use, give_integral, cost, is_seckill, is_bargain, is_good, ficti, browse, code_path, is_sub, temp_id, spec_type, is_integral, integral, tenant_id) VALUES (30035, @shop_id, '吉林小串', @placeholder_img, @placeholder_img, '鱿鱼须', '鱿鱼须', '鱿鱼须', '', NULL, '9003', 5.00, 0.00, 5.00, 0.00, '串', 3, 0, 9999, 1, 0, 0, 0, 0, '<p>鱿鱼须</p>', '1', '2026-05-08 17:44:49', '2026-05-08 17:44:49', '1', 0, b'0', 0, NULL, 5.00, 0, NULL, 0, 100, 0, '', 0, 0, 1, 0, 0, @tenant_id);
INSERT INTO yshop_store_product_attr (id, product_id, attr_name, attr_values) VALUES (800068, 30035, '规格', '默认');
INSERT INTO yshop_store_product_attr (id, product_id, attr_name, attr_values) VALUES (800069, 30035, '辣度', '不辣,微辣,中辣,特辣');
INSERT INTO yshop_store_product_attr_result (id, product_id, result, change_time) VALUES (810034, 30035, '{"attr":[{"attrHidden":"","detail":["默认"],"detailValue":"","value":"规格"},{"attrHidden":"","detail":["不辣","微辣","中辣","特辣"],"detailValue":"","value":"辣度"}],"value":[{"barCode":"","brokerage":0.0,"brokerageTwo":0.0,"cost":5.0,"detail":{"规格":"默认","辣度":"不辣"},"integral":0,"otPrice":5.0,"pic":"","pinkPrice":0.0,"pinkStock":0,"price":5.0,"seckillPrice":0.0,"seckillStock":0,"sku":"","stock":9999,"value1":"默认","value2":"不辣","volume":0.0,"weight":0.0},{"barCode":"","brokerage":0.0,"brokerageTwo":0.0,"cost":5.0,"detail":{"规格":"默认","辣度":"微辣"},"integral":0,"otPrice":5.0,"pic":"","pinkPrice":0.0,"pinkStock":0,"price":5.0,"seckillPrice":0.0,"seckillStock":0,"sku":"","stock":9999,"value1":"默认","value2":"微辣","volume":0.0,"weight":0.0},{"barCode":"","brokerage":0.0,"brokerageTwo":0.0,"cost":5.0,"detail":{"规格":"默认","辣度":"中辣"},"integral":0,"otPrice":5.0,"pic":"","pinkPrice":0.0,"pinkStock":0,"price":5.0,"seckillPrice":0.0,"seckillStock":0,"sku":"","stock":9999,"value1":"默认","value2":"中辣","volume":0.0,"weight":0.0},{"barCode":"","brokerage":0.0,"brokerageTwo":0.0,"cost":5.0,"detail":{"规格":"默认","辣度":"特辣"},"integral":0,"otPrice":5.0,"pic":"","pinkPrice":0.0,"pinkStock":0,"price":5.0,"seckillPrice":0.0,"seckillStock":0,"sku":"","stock":9999,"value1":"默认","value2":"特辣","volume":0.0,"weight":0.0}]}', '2026-05-08 17:44:49');
INSERT INTO yshop_store_product_attr_value (id, product_id, sku, stock, sales, price, image, `unique`, cost, bar_code, ot_price, weight, volume, brokerage, brokerage_two, pink_price, pink_stock, seckill_price, seckill_stock, integral) VALUES (820136, 30035, '不辣,默认', 9999, 0, 5.00, @placeholder_img, '1be7c15f2fe08925113fbf8e8a00eec4', 5.00, '', 5.00, 0.00, 0.00, 0.00, 0.00, 0.00, 0, 0.00, 0, 0);
INSERT INTO yshop_store_product_attr_value (id, product_id, sku, stock, sales, price, image, `unique`, cost, bar_code, ot_price, weight, volume, brokerage, brokerage_two, pink_price, pink_stock, seckill_price, seckill_stock, integral) VALUES (820137, 30035, '默认,微辣', 9999, 0, 5.00, @placeholder_img, 'f704d5c7f770212c4c07e444a9bc5301', 5.00, '', 5.00, 0.00, 0.00, 0.00, 0.00, 0.00, 0, 0.00, 0, 0);
INSERT INTO yshop_store_product_attr_value (id, product_id, sku, stock, sales, price, image, `unique`, cost, bar_code, ot_price, weight, volume, brokerage, brokerage_two, pink_price, pink_stock, seckill_price, seckill_stock, integral) VALUES (820138, 30035, '默认,中辣', 9999, 0, 5.00, @placeholder_img, '26c83526176443d9e18dcb3ef4e6a1b2', 5.00, '', 5.00, 0.00, 0.00, 0.00, 0.00, 0.00, 0, 0.00, 0, 0);
INSERT INTO yshop_store_product_attr_value (id, product_id, sku, stock, sales, price, image, `unique`, cost, bar_code, ot_price, weight, volume, brokerage, brokerage_two, pink_price, pink_stock, seckill_price, seckill_stock, integral) VALUES (820139, 30035, '默认,特辣', 9999, 0, 5.00, @placeholder_img, 'a800de543fd24af802176eaae49a7e9a', 5.00, '', 5.00, 0.00, 0.00, 0.00, 0.00, 0.00, 0, 0.00, 0, 0);
INSERT INTO yshop_store_product (id, shop_id, shop_name, image, slider_image, store_name, store_info, keyword, bar_code, brand_id, cate_id, price, vip_price, ot_price, postage, unit_name, sort, sales, stock, is_show, is_hot, is_benefit, is_best, is_new, description, creator, create_time, update_time, updater, is_postage, deleted, mer_use, give_integral, cost, is_seckill, is_bargain, is_good, ficti, browse, code_path, is_sub, temp_id, spec_type, is_integral, integral, tenant_id) VALUES (30036, @shop_id, '吉林小串', @placeholder_img, @placeholder_img, '酱烤明太鱼', '酱烤明太鱼', '酱烤明太鱼', '', NULL, '9003', 15.00, 0.00, 15.00, 0.00, '条', 4, 0, 9999, 1, 0, 0, 0, 0, '<p>酱烤明太鱼</p>', '1', '2026-05-08 17:44:49', '2026-05-08 17:44:49', '1', 0, b'0', 0, NULL, 15.00, 0, NULL, 0, 100, 0, '', 0, 0, 1, 0, 0, @tenant_id);
INSERT INTO yshop_store_product_attr (id, product_id, attr_name, attr_values) VALUES (800070, 30036, '规格', '默认');
INSERT INTO yshop_store_product_attr (id, product_id, attr_name, attr_values) VALUES (800071, 30036, '辣度', '不辣,微辣,中辣,特辣');
INSERT INTO yshop_store_product_attr_result (id, product_id, result, change_time) VALUES (810035, 30036, '{"attr":[{"attrHidden":"","detail":["默认"],"detailValue":"","value":"规格"},{"attrHidden":"","detail":["不辣","微辣","中辣","特辣"],"detailValue":"","value":"辣度"}],"value":[{"barCode":"","brokerage":0.0,"brokerageTwo":0.0,"cost":15.0,"detail":{"规格":"默认","辣度":"不辣"},"integral":0,"otPrice":15.0,"pic":"","pinkPrice":0.0,"pinkStock":0,"price":15.0,"seckillPrice":0.0,"seckillStock":0,"sku":"","stock":9999,"value1":"默认","value2":"不辣","volume":0.0,"weight":0.0},{"barCode":"","brokerage":0.0,"brokerageTwo":0.0,"cost":15.0,"detail":{"规格":"默认","辣度":"微辣"},"integral":0,"otPrice":15.0,"pic":"","pinkPrice":0.0,"pinkStock":0,"price":15.0,"seckillPrice":0.0,"seckillStock":0,"sku":"","stock":9999,"value1":"默认","value2":"微辣","volume":0.0,"weight":0.0},{"barCode":"","brokerage":0.0,"brokerageTwo":0.0,"cost":15.0,"detail":{"规格":"默认","辣度":"中辣"},"integral":0,"otPrice":15.0,"pic":"","pinkPrice":0.0,"pinkStock":0,"price":15.0,"seckillPrice":0.0,"seckillStock":0,"sku":"","stock":9999,"value1":"默认","value2":"中辣","volume":0.0,"weight":0.0},{"barCode":"","brokerage":0.0,"brokerageTwo":0.0,"cost":15.0,"detail":{"规格":"默认","辣度":"特辣"},"integral":0,"otPrice":15.0,"pic":"","pinkPrice":0.0,"pinkStock":0,"price":15.0,"seckillPrice":0.0,"seckillStock":0,"sku":"","stock":9999,"value1":"默认","value2":"特辣","volume":0.0,"weight":0.0}]}', '2026-05-08 17:44:49');
INSERT INTO yshop_store_product_attr_value (id, product_id, sku, stock, sales, price, image, `unique`, cost, bar_code, ot_price, weight, volume, brokerage, brokerage_two, pink_price, pink_stock, seckill_price, seckill_stock, integral) VALUES (820140, 30036, '不辣,默认', 9999, 0, 15.00, @placeholder_img, 'fcce4249cc6a90499d8767a4c5311a47', 15.00, '', 15.00, 0.00, 0.00, 0.00, 0.00, 0.00, 0, 0.00, 0, 0);
INSERT INTO yshop_store_product_attr_value (id, product_id, sku, stock, sales, price, image, `unique`, cost, bar_code, ot_price, weight, volume, brokerage, brokerage_two, pink_price, pink_stock, seckill_price, seckill_stock, integral) VALUES (820141, 30036, '默认,微辣', 9999, 0, 15.00, @placeholder_img, '0285be42ff9760a7a410e1cf6b2a8a7e', 15.00, '', 15.00, 0.00, 0.00, 0.00, 0.00, 0.00, 0, 0.00, 0, 0);
INSERT INTO yshop_store_product_attr_value (id, product_id, sku, stock, sales, price, image, `unique`, cost, bar_code, ot_price, weight, volume, brokerage, brokerage_two, pink_price, pink_stock, seckill_price, seckill_stock, integral) VALUES (820142, 30036, '默认,中辣', 9999, 0, 15.00, @placeholder_img, '51b2416d08ddf21438414f43965852be', 15.00, '', 15.00, 0.00, 0.00, 0.00, 0.00, 0.00, 0, 0.00, 0, 0);
INSERT INTO yshop_store_product_attr_value (id, product_id, sku, stock, sales, price, image, `unique`, cost, bar_code, ot_price, weight, volume, brokerage, brokerage_two, pink_price, pink_stock, seckill_price, seckill_stock, integral) VALUES (820143, 30036, '默认,特辣', 9999, 0, 15.00, @placeholder_img, 'f97ecdaf18d9d948f9909acde71bb99d', 15.00, '', 15.00, 0.00, 0.00, 0.00, 0.00, 0.00, 0, 0.00, 0, 0);
INSERT INTO yshop_store_product (id, shop_id, shop_name, image, slider_image, store_name, store_info, keyword, bar_code, brand_id, cate_id, price, vip_price, ot_price, postage, unit_name, sort, sales, stock, is_show, is_hot, is_benefit, is_best, is_new, description, creator, create_time, update_time, updater, is_postage, deleted, mer_use, give_integral, cost, is_seckill, is_bargain, is_good, ficti, browse, code_path, is_sub, temp_id, spec_type, is_integral, integral, tenant_id) VALUES (30037, @shop_id, '吉林小串', @placeholder_img, @placeholder_img, '火山石烤肠', '火山石烤肠', '火山石烤肠', '', NULL, '9004', 5.00, 0.00, 5.00, 0.00, '串', 1, 0, 9999, 1, 0, 0, 0, 0, '<p>火山石烤肠</p>', '1', '2026-05-08 17:44:49', '2026-05-08 17:44:49', '1', 0, b'0', 0, NULL, 5.00, 0, NULL, 0, 100, 0, '', 0, 0, 1, 0, 0, @tenant_id);
INSERT INTO yshop_store_product_attr (id, product_id, attr_name, attr_values) VALUES (800072, 30037, '规格', '默认');
INSERT INTO yshop_store_product_attr (id, product_id, attr_name, attr_values) VALUES (800073, 30037, '辣度', '不辣,微辣,中辣,特辣');
INSERT INTO yshop_store_product_attr_result (id, product_id, result, change_time) VALUES (810036, 30037, '{"attr":[{"attrHidden":"","detail":["默认"],"detailValue":"","value":"规格"},{"attrHidden":"","detail":["不辣","微辣","中辣","特辣"],"detailValue":"","value":"辣度"}],"value":[{"barCode":"","brokerage":0.0,"brokerageTwo":0.0,"cost":5.0,"detail":{"规格":"默认","辣度":"不辣"},"integral":0,"otPrice":5.0,"pic":"","pinkPrice":0.0,"pinkStock":0,"price":5.0,"seckillPrice":0.0,"seckillStock":0,"sku":"","stock":9999,"value1":"默认","value2":"不辣","volume":0.0,"weight":0.0},{"barCode":"","brokerage":0.0,"brokerageTwo":0.0,"cost":5.0,"detail":{"规格":"默认","辣度":"微辣"},"integral":0,"otPrice":5.0,"pic":"","pinkPrice":0.0,"pinkStock":0,"price":5.0,"seckillPrice":0.0,"seckillStock":0,"sku":"","stock":9999,"value1":"默认","value2":"微辣","volume":0.0,"weight":0.0},{"barCode":"","brokerage":0.0,"brokerageTwo":0.0,"cost":5.0,"detail":{"规格":"默认","辣度":"中辣"},"integral":0,"otPrice":5.0,"pic":"","pinkPrice":0.0,"pinkStock":0,"price":5.0,"seckillPrice":0.0,"seckillStock":0,"sku":"","stock":9999,"value1":"默认","value2":"中辣","volume":0.0,"weight":0.0},{"barCode":"","brokerage":0.0,"brokerageTwo":0.0,"cost":5.0,"detail":{"规格":"默认","辣度":"特辣"},"integral":0,"otPrice":5.0,"pic":"","pinkPrice":0.0,"pinkStock":0,"price":5.0,"seckillPrice":0.0,"seckillStock":0,"sku":"","stock":9999,"value1":"默认","value2":"特辣","volume":0.0,"weight":0.0}]}', '2026-05-08 17:44:49');
INSERT INTO yshop_store_product_attr_value (id, product_id, sku, stock, sales, price, image, `unique`, cost, bar_code, ot_price, weight, volume, brokerage, brokerage_two, pink_price, pink_stock, seckill_price, seckill_stock, integral) VALUES (820144, 30037, '不辣,默认', 9999, 0, 5.00, @placeholder_img, '4b7e21cb23984ab7ae47b193d22b6ebf', 5.00, '', 5.00, 0.00, 0.00, 0.00, 0.00, 0.00, 0, 0.00, 0, 0);
INSERT INTO yshop_store_product_attr_value (id, product_id, sku, stock, sales, price, image, `unique`, cost, bar_code, ot_price, weight, volume, brokerage, brokerage_two, pink_price, pink_stock, seckill_price, seckill_stock, integral) VALUES (820145, 30037, '默认,微辣', 9999, 0, 5.00, @placeholder_img, 'd6b39d342a3c60b0ad5c64c658cfa36a', 5.00, '', 5.00, 0.00, 0.00, 0.00, 0.00, 0.00, 0, 0.00, 0, 0);
INSERT INTO yshop_store_product_attr_value (id, product_id, sku, stock, sales, price, image, `unique`, cost, bar_code, ot_price, weight, volume, brokerage, brokerage_two, pink_price, pink_stock, seckill_price, seckill_stock, integral) VALUES (820146, 30037, '默认,中辣', 9999, 0, 5.00, @placeholder_img, 'fb69519b64c78a61de8e76ff4739535f', 5.00, '', 5.00, 0.00, 0.00, 0.00, 0.00, 0.00, 0, 0.00, 0, 0);
INSERT INTO yshop_store_product_attr_value (id, product_id, sku, stock, sales, price, image, `unique`, cost, bar_code, ot_price, weight, volume, brokerage, brokerage_two, pink_price, pink_stock, seckill_price, seckill_stock, integral) VALUES (820147, 30037, '默认,特辣', 9999, 0, 5.00, @placeholder_img, '9a37ef9102fc79d7432611422f05b9ab', 5.00, '', 5.00, 0.00, 0.00, 0.00, 0.00, 0.00, 0, 0.00, 0, 0);
INSERT INTO yshop_store_product (id, shop_id, shop_name, image, slider_image, store_name, store_info, keyword, bar_code, brand_id, cate_id, price, vip_price, ot_price, postage, unit_name, sort, sales, stock, is_show, is_hot, is_benefit, is_best, is_new, description, creator, create_time, update_time, updater, is_postage, deleted, mer_use, give_integral, cost, is_seckill, is_bargain, is_good, ficti, browse, code_path, is_sub, temp_id, spec_type, is_integral, integral, tenant_id) VALUES (30038, @shop_id, '吉林小串', @placeholder_img, @placeholder_img, '淀粉肠', '淀粉肠', '淀粉肠', '', NULL, '9004', 2.00, 0.00, 2.00, 0.00, '串', 2, 0, 9999, 1, 0, 0, 0, 0, '<p>淀粉肠</p>', '1', '2026-05-08 17:44:49', '2026-05-08 17:44:49', '1', 0, b'0', 0, NULL, 2.00, 0, NULL, 0, 100, 0, '', 0, 0, 1, 0, 0, @tenant_id);
INSERT INTO yshop_store_product_attr (id, product_id, attr_name, attr_values) VALUES (800074, 30038, '规格', '默认');
INSERT INTO yshop_store_product_attr (id, product_id, attr_name, attr_values) VALUES (800075, 30038, '辣度', '不辣,微辣,中辣,特辣');
INSERT INTO yshop_store_product_attr_result (id, product_id, result, change_time) VALUES (810037, 30038, '{"attr":[{"attrHidden":"","detail":["默认"],"detailValue":"","value":"规格"},{"attrHidden":"","detail":["不辣","微辣","中辣","特辣"],"detailValue":"","value":"辣度"}],"value":[{"barCode":"","brokerage":0.0,"brokerageTwo":0.0,"cost":2.0,"detail":{"规格":"默认","辣度":"不辣"},"integral":0,"otPrice":2.0,"pic":"","pinkPrice":0.0,"pinkStock":0,"price":2.0,"seckillPrice":0.0,"seckillStock":0,"sku":"","stock":9999,"value1":"默认","value2":"不辣","volume":0.0,"weight":0.0},{"barCode":"","brokerage":0.0,"brokerageTwo":0.0,"cost":2.0,"detail":{"规格":"默认","辣度":"微辣"},"integral":0,"otPrice":2.0,"pic":"","pinkPrice":0.0,"pinkStock":0,"price":2.0,"seckillPrice":0.0,"seckillStock":0,"sku":"","stock":9999,"value1":"默认","value2":"微辣","volume":0.0,"weight":0.0},{"barCode":"","brokerage":0.0,"brokerageTwo":0.0,"cost":2.0,"detail":{"规格":"默认","辣度":"中辣"},"integral":0,"otPrice":2.0,"pic":"","pinkPrice":0.0,"pinkStock":0,"price":2.0,"seckillPrice":0.0,"seckillStock":0,"sku":"","stock":9999,"value1":"默认","value2":"中辣","volume":0.0,"weight":0.0},{"barCode":"","brokerage":0.0,"brokerageTwo":0.0,"cost":2.0,"detail":{"规格":"默认","辣度":"特辣"},"integral":0,"otPrice":2.0,"pic":"","pinkPrice":0.0,"pinkStock":0,"price":2.0,"seckillPrice":0.0,"seckillStock":0,"sku":"","stock":9999,"value1":"默认","value2":"特辣","volume":0.0,"weight":0.0}]}', '2026-05-08 17:44:49');
INSERT INTO yshop_store_product_attr_value (id, product_id, sku, stock, sales, price, image, `unique`, cost, bar_code, ot_price, weight, volume, brokerage, brokerage_two, pink_price, pink_stock, seckill_price, seckill_stock, integral) VALUES (820148, 30038, '不辣,默认', 9999, 0, 2.00, @placeholder_img, '3b790743650f379a73fccafb20025eae', 2.00, '', 2.00, 0.00, 0.00, 0.00, 0.00, 0.00, 0, 0.00, 0, 0);
INSERT INTO yshop_store_product_attr_value (id, product_id, sku, stock, sales, price, image, `unique`, cost, bar_code, ot_price, weight, volume, brokerage, brokerage_two, pink_price, pink_stock, seckill_price, seckill_stock, integral) VALUES (820149, 30038, '默认,微辣', 9999, 0, 2.00, @placeholder_img, '8a0ed956e0c09b7a39bc075a4a63a3a0', 2.00, '', 2.00, 0.00, 0.00, 0.00, 0.00, 0.00, 0, 0.00, 0, 0);
INSERT INTO yshop_store_product_attr_value (id, product_id, sku, stock, sales, price, image, `unique`, cost, bar_code, ot_price, weight, volume, brokerage, brokerage_two, pink_price, pink_stock, seckill_price, seckill_stock, integral) VALUES (820150, 30038, '默认,中辣', 9999, 0, 2.00, @placeholder_img, '1bf6936056c9c5c7bdddf47094f6d69a', 2.00, '', 2.00, 0.00, 0.00, 0.00, 0.00, 0.00, 0, 0.00, 0, 0);
INSERT INTO yshop_store_product_attr_value (id, product_id, sku, stock, sales, price, image, `unique`, cost, bar_code, ot_price, weight, volume, brokerage, brokerage_two, pink_price, pink_stock, seckill_price, seckill_stock, integral) VALUES (820151, 30038, '默认,特辣', 9999, 0, 2.00, @placeholder_img, '50faf0792cdf5aae097b393574414eec', 2.00, '', 2.00, 0.00, 0.00, 0.00, 0.00, 0.00, 0, 0.00, 0, 0);
INSERT INTO yshop_store_product (id, shop_id, shop_name, image, slider_image, store_name, store_info, keyword, bar_code, brand_id, cate_id, price, vip_price, ot_price, postage, unit_name, sort, sales, stock, is_show, is_hot, is_benefit, is_best, is_new, description, creator, create_time, update_time, updater, is_postage, deleted, mer_use, give_integral, cost, is_seckill, is_bargain, is_good, ficti, browse, code_path, is_sub, temp_id, spec_type, is_integral, integral, tenant_id) VALUES (30039, @shop_id, '吉林小串', @placeholder_img, @placeholder_img, '小饼', '小饼', '小饼', '', NULL, '9005', 2.00, 0.00, 2.00, 0.00, '串', 1, 0, 9999, 1, 0, 0, 0, 0, '<p>小饼</p>', '1', '2026-05-08 17:44:49', '2026-05-08 17:44:49', '1', 0, b'0', 0, NULL, 2.00, 0, NULL, 0, 100, 0, '', 0, 0, 1, 0, 0, @tenant_id);
INSERT INTO yshop_store_product_attr (id, product_id, attr_name, attr_values) VALUES (800076, 30039, '规格', '默认');
INSERT INTO yshop_store_product_attr (id, product_id, attr_name, attr_values) VALUES (800077, 30039, '辣度', '不辣,微辣,中辣,特辣');
INSERT INTO yshop_store_product_attr_result (id, product_id, result, change_time) VALUES (810038, 30039, '{"attr":[{"attrHidden":"","detail":["默认"],"detailValue":"","value":"规格"},{"attrHidden":"","detail":["不辣","微辣","中辣","特辣"],"detailValue":"","value":"辣度"}],"value":[{"barCode":"","brokerage":0.0,"brokerageTwo":0.0,"cost":2.0,"detail":{"规格":"默认","辣度":"不辣"},"integral":0,"otPrice":2.0,"pic":"","pinkPrice":0.0,"pinkStock":0,"price":2.0,"seckillPrice":0.0,"seckillStock":0,"sku":"","stock":9999,"value1":"默认","value2":"不辣","volume":0.0,"weight":0.0},{"barCode":"","brokerage":0.0,"brokerageTwo":0.0,"cost":2.0,"detail":{"规格":"默认","辣度":"微辣"},"integral":0,"otPrice":2.0,"pic":"","pinkPrice":0.0,"pinkStock":0,"price":2.0,"seckillPrice":0.0,"seckillStock":0,"sku":"","stock":9999,"value1":"默认","value2":"微辣","volume":0.0,"weight":0.0},{"barCode":"","brokerage":0.0,"brokerageTwo":0.0,"cost":2.0,"detail":{"规格":"默认","辣度":"中辣"},"integral":0,"otPrice":2.0,"pic":"","pinkPrice":0.0,"pinkStock":0,"price":2.0,"seckillPrice":0.0,"seckillStock":0,"sku":"","stock":9999,"value1":"默认","value2":"中辣","volume":0.0,"weight":0.0},{"barCode":"","brokerage":0.0,"brokerageTwo":0.0,"cost":2.0,"detail":{"规格":"默认","辣度":"特辣"},"integral":0,"otPrice":2.0,"pic":"","pinkPrice":0.0,"pinkStock":0,"price":2.0,"seckillPrice":0.0,"seckillStock":0,"sku":"","stock":9999,"value1":"默认","value2":"特辣","volume":0.0,"weight":0.0}]}', '2026-05-08 17:44:49');
INSERT INTO yshop_store_product_attr_value (id, product_id, sku, stock, sales, price, image, `unique`, cost, bar_code, ot_price, weight, volume, brokerage, brokerage_two, pink_price, pink_stock, seckill_price, seckill_stock, integral) VALUES (820152, 30039, '不辣,默认', 9999, 0, 2.00, @placeholder_img, 'e66186c7df86857f0027e635a61d8dcb', 2.00, '', 2.00, 0.00, 0.00, 0.00, 0.00, 0.00, 0, 0.00, 0, 0);
INSERT INTO yshop_store_product_attr_value (id, product_id, sku, stock, sales, price, image, `unique`, cost, bar_code, ot_price, weight, volume, brokerage, brokerage_two, pink_price, pink_stock, seckill_price, seckill_stock, integral) VALUES (820153, 30039, '默认,微辣', 9999, 0, 2.00, @placeholder_img, 'fba39e3202979812629349c77c8037d5', 2.00, '', 2.00, 0.00, 0.00, 0.00, 0.00, 0.00, 0, 0.00, 0, 0);
INSERT INTO yshop_store_product_attr_value (id, product_id, sku, stock, sales, price, image, `unique`, cost, bar_code, ot_price, weight, volume, brokerage, brokerage_two, pink_price, pink_stock, seckill_price, seckill_stock, integral) VALUES (820154, 30039, '默认,中辣', 9999, 0, 2.00, @placeholder_img, '3f4684f40dbef7895a434a93f0502254', 2.00, '', 2.00, 0.00, 0.00, 0.00, 0.00, 0.00, 0, 0.00, 0, 0);
INSERT INTO yshop_store_product_attr_value (id, product_id, sku, stock, sales, price, image, `unique`, cost, bar_code, ot_price, weight, volume, brokerage, brokerage_two, pink_price, pink_stock, seckill_price, seckill_stock, integral) VALUES (820155, 30039, '默认,特辣', 9999, 0, 2.00, @placeholder_img, '4046d9763c6afd8353bae7d5de5e302f', 2.00, '', 2.00, 0.00, 0.00, 0.00, 0.00, 0.00, 0, 0.00, 0, 0);
INSERT INTO yshop_store_product (id, shop_id, shop_name, image, slider_image, store_name, store_info, keyword, bar_code, brand_id, cate_id, price, vip_price, ot_price, postage, unit_name, sort, sales, stock, is_show, is_hot, is_benefit, is_best, is_new, description, creator, create_time, update_time, updater, is_postage, deleted, mer_use, give_integral, cost, is_seckill, is_bargain, is_good, ficti, browse, code_path, is_sub, temp_id, spec_type, is_integral, integral, tenant_id) VALUES (30040, @shop_id, '吉林小串', @placeholder_img, @placeholder_img, '包浆豆腐', '包浆豆腐', '包浆豆腐', '', NULL, '9005', 2.00, 0.00, 2.00, 0.00, '串', 2, 0, 9999, 1, 0, 0, 0, 0, '<p>包浆豆腐</p>', '1', '2026-05-08 17:44:49', '2026-05-08 17:44:49', '1', 0, b'0', 0, NULL, 2.00, 0, NULL, 0, 100, 0, '', 0, 0, 1, 0, 0, @tenant_id);
INSERT INTO yshop_store_product_attr (id, product_id, attr_name, attr_values) VALUES (800078, 30040, '规格', '默认');
INSERT INTO yshop_store_product_attr (id, product_id, attr_name, attr_values) VALUES (800079, 30040, '辣度', '不辣,微辣,中辣,特辣');
INSERT INTO yshop_store_product_attr_result (id, product_id, result, change_time) VALUES (810039, 30040, '{"attr":[{"attrHidden":"","detail":["默认"],"detailValue":"","value":"规格"},{"attrHidden":"","detail":["不辣","微辣","中辣","特辣"],"detailValue":"","value":"辣度"}],"value":[{"barCode":"","brokerage":0.0,"brokerageTwo":0.0,"cost":2.0,"detail":{"规格":"默认","辣度":"不辣"},"integral":0,"otPrice":2.0,"pic":"","pinkPrice":0.0,"pinkStock":0,"price":2.0,"seckillPrice":0.0,"seckillStock":0,"sku":"","stock":9999,"value1":"默认","value2":"不辣","volume":0.0,"weight":0.0},{"barCode":"","brokerage":0.0,"brokerageTwo":0.0,"cost":2.0,"detail":{"规格":"默认","辣度":"微辣"},"integral":0,"otPrice":2.0,"pic":"","pinkPrice":0.0,"pinkStock":0,"price":2.0,"seckillPrice":0.0,"seckillStock":0,"sku":"","stock":9999,"value1":"默认","value2":"微辣","volume":0.0,"weight":0.0},{"barCode":"","brokerage":0.0,"brokerageTwo":0.0,"cost":2.0,"detail":{"规格":"默认","辣度":"中辣"},"integral":0,"otPrice":2.0,"pic":"","pinkPrice":0.0,"pinkStock":0,"price":2.0,"seckillPrice":0.0,"seckillStock":0,"sku":"","stock":9999,"value1":"默认","value2":"中辣","volume":0.0,"weight":0.0},{"barCode":"","brokerage":0.0,"brokerageTwo":0.0,"cost":2.0,"detail":{"规格":"默认","辣度":"特辣"},"integral":0,"otPrice":2.0,"pic":"","pinkPrice":0.0,"pinkStock":0,"price":2.0,"seckillPrice":0.0,"seckillStock":0,"sku":"","stock":9999,"value1":"默认","value2":"特辣","volume":0.0,"weight":0.0}]}', '2026-05-08 17:44:49');
INSERT INTO yshop_store_product_attr_value (id, product_id, sku, stock, sales, price, image, `unique`, cost, bar_code, ot_price, weight, volume, brokerage, brokerage_two, pink_price, pink_stock, seckill_price, seckill_stock, integral) VALUES (820156, 30040, '不辣,默认', 9999, 0, 2.00, @placeholder_img, 'fabb9746415d913705f6af03251d44c9', 2.00, '', 2.00, 0.00, 0.00, 0.00, 0.00, 0.00, 0, 0.00, 0, 0);
INSERT INTO yshop_store_product_attr_value (id, product_id, sku, stock, sales, price, image, `unique`, cost, bar_code, ot_price, weight, volume, brokerage, brokerage_two, pink_price, pink_stock, seckill_price, seckill_stock, integral) VALUES (820157, 30040, '默认,微辣', 9999, 0, 2.00, @placeholder_img, '425f26751c8606eeb8194638b206df2f', 2.00, '', 2.00, 0.00, 0.00, 0.00, 0.00, 0.00, 0, 0.00, 0, 0);
INSERT INTO yshop_store_product_attr_value (id, product_id, sku, stock, sales, price, image, `unique`, cost, bar_code, ot_price, weight, volume, brokerage, brokerage_two, pink_price, pink_stock, seckill_price, seckill_stock, integral) VALUES (820158, 30040, '默认,中辣', 9999, 0, 2.00, @placeholder_img, '7e794eaf212850a1bfceb144fe816f42', 2.00, '', 2.00, 0.00, 0.00, 0.00, 0.00, 0.00, 0, 0.00, 0, 0);
INSERT INTO yshop_store_product_attr_value (id, product_id, sku, stock, sales, price, image, `unique`, cost, bar_code, ot_price, weight, volume, brokerage, brokerage_two, pink_price, pink_stock, seckill_price, seckill_stock, integral) VALUES (820159, 30040, '默认,特辣', 9999, 0, 2.00, @placeholder_img, '42e9d3b79bc633df486e8469d3447ba0', 2.00, '', 2.00, 0.00, 0.00, 0.00, 0.00, 0.00, 0, 0.00, 0, 0);
INSERT INTO yshop_store_product (id, shop_id, shop_name, image, slider_image, store_name, store_info, keyword, bar_code, brand_id, cate_id, price, vip_price, ot_price, postage, unit_name, sort, sales, stock, is_show, is_hot, is_benefit, is_best, is_new, description, creator, create_time, update_time, updater, is_postage, deleted, mer_use, give_integral, cost, is_seckill, is_bargain, is_good, ficti, browse, code_path, is_sub, temp_id, spec_type, is_integral, integral, tenant_id) VALUES (30041, @shop_id, '吉林小串', @placeholder_img, @placeholder_img, '年糕', '年糕', '年糕', '', NULL, '9005', 2.00, 0.00, 2.00, 0.00, '串', 3, 0, 9999, 1, 0, 0, 0, 0, '<p>年糕</p>', '1', '2026-05-08 17:44:49', '2026-05-08 17:44:49', '1', 0, b'0', 0, NULL, 2.00, 0, NULL, 0, 100, 0, '', 0, 0, 1, 0, 0, @tenant_id);
INSERT INTO yshop_store_product_attr (id, product_id, attr_name, attr_values) VALUES (800080, 30041, '规格', '默认');
INSERT INTO yshop_store_product_attr (id, product_id, attr_name, attr_values) VALUES (800081, 30041, '辣度', '不辣,微辣,中辣,特辣');
INSERT INTO yshop_store_product_attr_result (id, product_id, result, change_time) VALUES (810040, 30041, '{"attr":[{"attrHidden":"","detail":["默认"],"detailValue":"","value":"规格"},{"attrHidden":"","detail":["不辣","微辣","中辣","特辣"],"detailValue":"","value":"辣度"}],"value":[{"barCode":"","brokerage":0.0,"brokerageTwo":0.0,"cost":2.0,"detail":{"规格":"默认","辣度":"不辣"},"integral":0,"otPrice":2.0,"pic":"","pinkPrice":0.0,"pinkStock":0,"price":2.0,"seckillPrice":0.0,"seckillStock":0,"sku":"","stock":9999,"value1":"默认","value2":"不辣","volume":0.0,"weight":0.0},{"barCode":"","brokerage":0.0,"brokerageTwo":0.0,"cost":2.0,"detail":{"规格":"默认","辣度":"微辣"},"integral":0,"otPrice":2.0,"pic":"","pinkPrice":0.0,"pinkStock":0,"price":2.0,"seckillPrice":0.0,"seckillStock":0,"sku":"","stock":9999,"value1":"默认","value2":"微辣","volume":0.0,"weight":0.0},{"barCode":"","brokerage":0.0,"brokerageTwo":0.0,"cost":2.0,"detail":{"规格":"默认","辣度":"中辣"},"integral":0,"otPrice":2.0,"pic":"","pinkPrice":0.0,"pinkStock":0,"price":2.0,"seckillPrice":0.0,"seckillStock":0,"sku":"","stock":9999,"value1":"默认","value2":"中辣","volume":0.0,"weight":0.0},{"barCode":"","brokerage":0.0,"brokerageTwo":0.0,"cost":2.0,"detail":{"规格":"默认","辣度":"特辣"},"integral":0,"otPrice":2.0,"pic":"","pinkPrice":0.0,"pinkStock":0,"price":2.0,"seckillPrice":0.0,"seckillStock":0,"sku":"","stock":9999,"value1":"默认","value2":"特辣","volume":0.0,"weight":0.0}]}', '2026-05-08 17:44:49');
INSERT INTO yshop_store_product_attr_value (id, product_id, sku, stock, sales, price, image, `unique`, cost, bar_code, ot_price, weight, volume, brokerage, brokerage_two, pink_price, pink_stock, seckill_price, seckill_stock, integral) VALUES (820160, 30041, '不辣,默认', 9999, 0, 2.00, @placeholder_img, 'd4187d38663d7fa1d0dcf0ba34969544', 2.00, '', 2.00, 0.00, 0.00, 0.00, 0.00, 0.00, 0, 0.00, 0, 0);
INSERT INTO yshop_store_product_attr_value (id, product_id, sku, stock, sales, price, image, `unique`, cost, bar_code, ot_price, weight, volume, brokerage, brokerage_two, pink_price, pink_stock, seckill_price, seckill_stock, integral) VALUES (820161, 30041, '默认,微辣', 9999, 0, 2.00, @placeholder_img, '80a5d5ee7633c66224f881c4c4f17188', 2.00, '', 2.00, 0.00, 0.00, 0.00, 0.00, 0.00, 0, 0.00, 0, 0);
INSERT INTO yshop_store_product_attr_value (id, product_id, sku, stock, sales, price, image, `unique`, cost, bar_code, ot_price, weight, volume, brokerage, brokerage_two, pink_price, pink_stock, seckill_price, seckill_stock, integral) VALUES (820162, 30041, '默认,中辣', 9999, 0, 2.00, @placeholder_img, 'e843005a194ad1a65a40d4ee80858ff7', 2.00, '', 2.00, 0.00, 0.00, 0.00, 0.00, 0.00, 0, 0.00, 0, 0);
INSERT INTO yshop_store_product_attr_value (id, product_id, sku, stock, sales, price, image, `unique`, cost, bar_code, ot_price, weight, volume, brokerage, brokerage_two, pink_price, pink_stock, seckill_price, seckill_stock, integral) VALUES (820163, 30041, '默认,特辣', 9999, 0, 2.00, @placeholder_img, '2b5bb4723382b2adabe43e9346771429', 2.00, '', 2.00, 0.00, 0.00, 0.00, 0.00, 0.00, 0, 0.00, 0, 0);
INSERT INTO yshop_store_product (id, shop_id, shop_name, image, slider_image, store_name, store_info, keyword, bar_code, brand_id, cate_id, price, vip_price, ot_price, postage, unit_name, sort, sales, stock, is_show, is_hot, is_benefit, is_best, is_new, description, creator, create_time, update_time, updater, is_postage, deleted, mer_use, give_integral, cost, is_seckill, is_bargain, is_good, ficti, browse, code_path, is_sub, temp_id, spec_type, is_integral, integral, tenant_id) VALUES (30042, @shop_id, '吉林小串', @placeholder_img, @placeholder_img, '辣椒', '辣椒', '辣椒', '', NULL, '9005', 3.00, 0.00, 3.00, 0.00, '串', 4, 0, 9999, 1, 0, 0, 0, 0, '<p>辣椒</p>', '1', '2026-05-08 17:44:49', '2026-05-08 17:44:49', '1', 0, b'0', 0, NULL, 3.00, 0, NULL, 0, 100, 0, '', 0, 0, 1, 0, 0, @tenant_id);
INSERT INTO yshop_store_product_attr (id, product_id, attr_name, attr_values) VALUES (800082, 30042, '规格', '默认');
INSERT INTO yshop_store_product_attr (id, product_id, attr_name, attr_values) VALUES (800083, 30042, '辣度', '不辣,微辣,中辣,特辣');
INSERT INTO yshop_store_product_attr_result (id, product_id, result, change_time) VALUES (810041, 30042, '{"attr":[{"attrHidden":"","detail":["默认"],"detailValue":"","value":"规格"},{"attrHidden":"","detail":["不辣","微辣","中辣","特辣"],"detailValue":"","value":"辣度"}],"value":[{"barCode":"","brokerage":0.0,"brokerageTwo":0.0,"cost":3.0,"detail":{"规格":"默认","辣度":"不辣"},"integral":0,"otPrice":3.0,"pic":"","pinkPrice":0.0,"pinkStock":0,"price":3.0,"seckillPrice":0.0,"seckillStock":0,"sku":"","stock":9999,"value1":"默认","value2":"不辣","volume":0.0,"weight":0.0},{"barCode":"","brokerage":0.0,"brokerageTwo":0.0,"cost":3.0,"detail":{"规格":"默认","辣度":"微辣"},"integral":0,"otPrice":3.0,"pic":"","pinkPrice":0.0,"pinkStock":0,"price":3.0,"seckillPrice":0.0,"seckillStock":0,"sku":"","stock":9999,"value1":"默认","value2":"微辣","volume":0.0,"weight":0.0},{"barCode":"","brokerage":0.0,"brokerageTwo":0.0,"cost":3.0,"detail":{"规格":"默认","辣度":"中辣"},"integral":0,"otPrice":3.0,"pic":"","pinkPrice":0.0,"pinkStock":0,"price":3.0,"seckillPrice":0.0,"seckillStock":0,"sku":"","stock":9999,"value1":"默认","value2":"中辣","volume":0.0,"weight":0.0},{"barCode":"","brokerage":0.0,"brokerageTwo":0.0,"cost":3.0,"detail":{"规格":"默认","辣度":"特辣"},"integral":0,"otPrice":3.0,"pic":"","pinkPrice":0.0,"pinkStock":0,"price":3.0,"seckillPrice":0.0,"seckillStock":0,"sku":"","stock":9999,"value1":"默认","value2":"特辣","volume":0.0,"weight":0.0}]}', '2026-05-08 17:44:49');
INSERT INTO yshop_store_product_attr_value (id, product_id, sku, stock, sales, price, image, `unique`, cost, bar_code, ot_price, weight, volume, brokerage, brokerage_two, pink_price, pink_stock, seckill_price, seckill_stock, integral) VALUES (820164, 30042, '不辣,默认', 9999, 0, 3.00, @placeholder_img, 'c2beab02637fa1d030f3ed65e1927f90', 3.00, '', 3.00, 0.00, 0.00, 0.00, 0.00, 0.00, 0, 0.00, 0, 0);
INSERT INTO yshop_store_product_attr_value (id, product_id, sku, stock, sales, price, image, `unique`, cost, bar_code, ot_price, weight, volume, brokerage, brokerage_two, pink_price, pink_stock, seckill_price, seckill_stock, integral) VALUES (820165, 30042, '默认,微辣', 9999, 0, 3.00, @placeholder_img, 'd5314d0d1dc599c555220bc14ba9c238', 3.00, '', 3.00, 0.00, 0.00, 0.00, 0.00, 0.00, 0, 0.00, 0, 0);
INSERT INTO yshop_store_product_attr_value (id, product_id, sku, stock, sales, price, image, `unique`, cost, bar_code, ot_price, weight, volume, brokerage, brokerage_two, pink_price, pink_stock, seckill_price, seckill_stock, integral) VALUES (820166, 30042, '默认,中辣', 9999, 0, 3.00, @placeholder_img, '384293d7df51280af4c8e37a3177b2a3', 3.00, '', 3.00, 0.00, 0.00, 0.00, 0.00, 0.00, 0, 0.00, 0, 0);
INSERT INTO yshop_store_product_attr_value (id, product_id, sku, stock, sales, price, image, `unique`, cost, bar_code, ot_price, weight, volume, brokerage, brokerage_two, pink_price, pink_stock, seckill_price, seckill_stock, integral) VALUES (820167, 30042, '默认,特辣', 9999, 0, 3.00, @placeholder_img, '5f570de50d9e2fc7ef306150a43dc7b6', 3.00, '', 3.00, 0.00, 0.00, 0.00, 0.00, 0.00, 0, 0.00, 0, 0);
INSERT INTO yshop_store_product (id, shop_id, shop_name, image, slider_image, store_name, store_info, keyword, bar_code, brand_id, cate_id, price, vip_price, ot_price, postage, unit_name, sort, sales, stock, is_show, is_hot, is_benefit, is_best, is_new, description, creator, create_time, update_time, updater, is_postage, deleted, mer_use, give_integral, cost, is_seckill, is_bargain, is_good, ficti, browse, code_path, is_sub, temp_id, spec_type, is_integral, integral, tenant_id) VALUES (30043, @shop_id, '吉林小串', @placeholder_img, @placeholder_img, '菜卷', '菜卷', '菜卷', '', NULL, '9005', 3.00, 0.00, 3.00, 0.00, '串', 5, 0, 9999, 1, 0, 0, 0, 0, '<p>菜卷</p>', '1', '2026-05-08 17:44:49', '2026-05-08 17:44:49', '1', 0, b'0', 0, NULL, 3.00, 0, NULL, 0, 100, 0, '', 0, 0, 1, 0, 0, @tenant_id);
INSERT INTO yshop_store_product_attr (id, product_id, attr_name, attr_values) VALUES (800084, 30043, '规格', '默认');
INSERT INTO yshop_store_product_attr (id, product_id, attr_name, attr_values) VALUES (800085, 30043, '辣度', '不辣,微辣,中辣,特辣');
INSERT INTO yshop_store_product_attr_result (id, product_id, result, change_time) VALUES (810042, 30043, '{"attr":[{"attrHidden":"","detail":["默认"],"detailValue":"","value":"规格"},{"attrHidden":"","detail":["不辣","微辣","中辣","特辣"],"detailValue":"","value":"辣度"}],"value":[{"barCode":"","brokerage":0.0,"brokerageTwo":0.0,"cost":3.0,"detail":{"规格":"默认","辣度":"不辣"},"integral":0,"otPrice":3.0,"pic":"","pinkPrice":0.0,"pinkStock":0,"price":3.0,"seckillPrice":0.0,"seckillStock":0,"sku":"","stock":9999,"value1":"默认","value2":"不辣","volume":0.0,"weight":0.0},{"barCode":"","brokerage":0.0,"brokerageTwo":0.0,"cost":3.0,"detail":{"规格":"默认","辣度":"微辣"},"integral":0,"otPrice":3.0,"pic":"","pinkPrice":0.0,"pinkStock":0,"price":3.0,"seckillPrice":0.0,"seckillStock":0,"sku":"","stock":9999,"value1":"默认","value2":"微辣","volume":0.0,"weight":0.0},{"barCode":"","brokerage":0.0,"brokerageTwo":0.0,"cost":3.0,"detail":{"规格":"默认","辣度":"中辣"},"integral":0,"otPrice":3.0,"pic":"","pinkPrice":0.0,"pinkStock":0,"price":3.0,"seckillPrice":0.0,"seckillStock":0,"sku":"","stock":9999,"value1":"默认","value2":"中辣","volume":0.0,"weight":0.0},{"barCode":"","brokerage":0.0,"brokerageTwo":0.0,"cost":3.0,"detail":{"规格":"默认","辣度":"特辣"},"integral":0,"otPrice":3.0,"pic":"","pinkPrice":0.0,"pinkStock":0,"price":3.0,"seckillPrice":0.0,"seckillStock":0,"sku":"","stock":9999,"value1":"默认","value2":"特辣","volume":0.0,"weight":0.0}]}', '2026-05-08 17:44:49');
INSERT INTO yshop_store_product_attr_value (id, product_id, sku, stock, sales, price, image, `unique`, cost, bar_code, ot_price, weight, volume, brokerage, brokerage_two, pink_price, pink_stock, seckill_price, seckill_stock, integral) VALUES (820168, 30043, '不辣,默认', 9999, 0, 3.00, @placeholder_img, '4343d23cc82773f24cccef254b22c98f', 3.00, '', 3.00, 0.00, 0.00, 0.00, 0.00, 0.00, 0, 0.00, 0, 0);
INSERT INTO yshop_store_product_attr_value (id, product_id, sku, stock, sales, price, image, `unique`, cost, bar_code, ot_price, weight, volume, brokerage, brokerage_two, pink_price, pink_stock, seckill_price, seckill_stock, integral) VALUES (820169, 30043, '默认,微辣', 9999, 0, 3.00, @placeholder_img, '29b99eb491543d6356b8b0904bee4566', 3.00, '', 3.00, 0.00, 0.00, 0.00, 0.00, 0.00, 0, 0.00, 0, 0);
INSERT INTO yshop_store_product_attr_value (id, product_id, sku, stock, sales, price, image, `unique`, cost, bar_code, ot_price, weight, volume, brokerage, brokerage_two, pink_price, pink_stock, seckill_price, seckill_stock, integral) VALUES (820170, 30043, '默认,中辣', 9999, 0, 3.00, @placeholder_img, 'f051ea24fe177ecda4f2b9faea06870d', 3.00, '', 3.00, 0.00, 0.00, 0.00, 0.00, 0.00, 0, 0.00, 0, 0);
INSERT INTO yshop_store_product_attr_value (id, product_id, sku, stock, sales, price, image, `unique`, cost, bar_code, ot_price, weight, volume, brokerage, brokerage_two, pink_price, pink_stock, seckill_price, seckill_stock, integral) VALUES (820171, 30043, '默认,特辣', 9999, 0, 3.00, @placeholder_img, '026e9d5da9bc164179941bb29f09eecb', 3.00, '', 3.00, 0.00, 0.00, 0.00, 0.00, 0.00, 0, 0.00, 0, 0);
INSERT INTO yshop_store_product (id, shop_id, shop_name, image, slider_image, store_name, store_info, keyword, bar_code, brand_id, cate_id, price, vip_price, ot_price, postage, unit_name, sort, sales, stock, is_show, is_hot, is_benefit, is_best, is_new, description, creator, create_time, update_time, updater, is_postage, deleted, mer_use, give_integral, cost, is_seckill, is_bargain, is_good, ficti, browse, code_path, is_sub, temp_id, spec_type, is_integral, integral, tenant_id) VALUES (30044, @shop_id, '吉林小串', @placeholder_img, @placeholder_img, '香菇', '香菇', '香菇', '', NULL, '9005', 2.00, 0.00, 2.00, 0.00, '串', 6, 0, 9999, 1, 0, 0, 0, 0, '<p>香菇</p>', '1', '2026-05-08 17:44:49', '2026-05-08 17:44:49', '1', 0, b'0', 0, NULL, 2.00, 0, NULL, 0, 100, 0, '', 0, 0, 1, 0, 0, @tenant_id);
INSERT INTO yshop_store_product_attr (id, product_id, attr_name, attr_values) VALUES (800086, 30044, '规格', '默认');
INSERT INTO yshop_store_product_attr (id, product_id, attr_name, attr_values) VALUES (800087, 30044, '辣度', '不辣,微辣,中辣,特辣');
INSERT INTO yshop_store_product_attr_result (id, product_id, result, change_time) VALUES (810043, 30044, '{"attr":[{"attrHidden":"","detail":["默认"],"detailValue":"","value":"规格"},{"attrHidden":"","detail":["不辣","微辣","中辣","特辣"],"detailValue":"","value":"辣度"}],"value":[{"barCode":"","brokerage":0.0,"brokerageTwo":0.0,"cost":2.0,"detail":{"规格":"默认","辣度":"不辣"},"integral":0,"otPrice":2.0,"pic":"","pinkPrice":0.0,"pinkStock":0,"price":2.0,"seckillPrice":0.0,"seckillStock":0,"sku":"","stock":9999,"value1":"默认","value2":"不辣","volume":0.0,"weight":0.0},{"barCode":"","brokerage":0.0,"brokerageTwo":0.0,"cost":2.0,"detail":{"规格":"默认","辣度":"微辣"},"integral":0,"otPrice":2.0,"pic":"","pinkPrice":0.0,"pinkStock":0,"price":2.0,"seckillPrice":0.0,"seckillStock":0,"sku":"","stock":9999,"value1":"默认","value2":"微辣","volume":0.0,"weight":0.0},{"barCode":"","brokerage":0.0,"brokerageTwo":0.0,"cost":2.0,"detail":{"规格":"默认","辣度":"中辣"},"integral":0,"otPrice":2.0,"pic":"","pinkPrice":0.0,"pinkStock":0,"price":2.0,"seckillPrice":0.0,"seckillStock":0,"sku":"","stock":9999,"value1":"默认","value2":"中辣","volume":0.0,"weight":0.0},{"barCode":"","brokerage":0.0,"brokerageTwo":0.0,"cost":2.0,"detail":{"规格":"默认","辣度":"特辣"},"integral":0,"otPrice":2.0,"pic":"","pinkPrice":0.0,"pinkStock":0,"price":2.0,"seckillPrice":0.0,"seckillStock":0,"sku":"","stock":9999,"value1":"默认","value2":"特辣","volume":0.0,"weight":0.0}]}', '2026-05-08 17:44:49');
INSERT INTO yshop_store_product_attr_value (id, product_id, sku, stock, sales, price, image, `unique`, cost, bar_code, ot_price, weight, volume, brokerage, brokerage_two, pink_price, pink_stock, seckill_price, seckill_stock, integral) VALUES (820172, 30044, '不辣,默认', 9999, 0, 2.00, @placeholder_img, 'e10c3184f809faae8cfc87d1c683d3a0', 2.00, '', 2.00, 0.00, 0.00, 0.00, 0.00, 0.00, 0, 0.00, 0, 0);
INSERT INTO yshop_store_product_attr_value (id, product_id, sku, stock, sales, price, image, `unique`, cost, bar_code, ot_price, weight, volume, brokerage, brokerage_two, pink_price, pink_stock, seckill_price, seckill_stock, integral) VALUES (820173, 30044, '默认,微辣', 9999, 0, 2.00, @placeholder_img, 'b8d1b6164550e48df943d1f7ca3bea36', 2.00, '', 2.00, 0.00, 0.00, 0.00, 0.00, 0.00, 0, 0.00, 0, 0);
INSERT INTO yshop_store_product_attr_value (id, product_id, sku, stock, sales, price, image, `unique`, cost, bar_code, ot_price, weight, volume, brokerage, brokerage_two, pink_price, pink_stock, seckill_price, seckill_stock, integral) VALUES (820174, 30044, '默认,中辣', 9999, 0, 2.00, @placeholder_img, 'fa123ea190f3ce6e314a87045c19906f', 2.00, '', 2.00, 0.00, 0.00, 0.00, 0.00, 0.00, 0, 0.00, 0, 0);
INSERT INTO yshop_store_product_attr_value (id, product_id, sku, stock, sales, price, image, `unique`, cost, bar_code, ot_price, weight, volume, brokerage, brokerage_two, pink_price, pink_stock, seckill_price, seckill_stock, integral) VALUES (820175, 30044, '默认,特辣', 9999, 0, 2.00, @placeholder_img, '8f16f49ae90803f631a2eb689ef1a68f', 2.00, '', 2.00, 0.00, 0.00, 0.00, 0.00, 0.00, 0, 0.00, 0, 0);
INSERT INTO yshop_store_product (id, shop_id, shop_name, image, slider_image, store_name, store_info, keyword, bar_code, brand_id, cate_id, price, vip_price, ot_price, postage, unit_name, sort, sales, stock, is_show, is_hot, is_benefit, is_best, is_new, description, creator, create_time, update_time, updater, is_postage, deleted, mer_use, give_integral, cost, is_seckill, is_bargain, is_good, ficti, browse, code_path, is_sub, temp_id, spec_type, is_integral, integral, tenant_id) VALUES (30045, @shop_id, '吉林小串', @placeholder_img, @placeholder_img, '吐司', '吐司', '吐司', '', NULL, '9005', 3.00, 0.00, 3.00, 0.00, '串', 7, 0, 9999, 1, 0, 0, 0, 0, '<p>吐司</p>', '1', '2026-05-08 17:44:49', '2026-05-08 17:44:49', '1', 0, b'0', 0, NULL, 3.00, 0, NULL, 0, 100, 0, '', 0, 0, 1, 0, 0, @tenant_id);
INSERT INTO yshop_store_product_attr (id, product_id, attr_name, attr_values) VALUES (800088, 30045, '规格', '默认');
INSERT INTO yshop_store_product_attr (id, product_id, attr_name, attr_values) VALUES (800089, 30045, '辣度', '不辣,微辣,中辣,特辣');
INSERT INTO yshop_store_product_attr_result (id, product_id, result, change_time) VALUES (810044, 30045, '{"attr":[{"attrHidden":"","detail":["默认"],"detailValue":"","value":"规格"},{"attrHidden":"","detail":["不辣","微辣","中辣","特辣"],"detailValue":"","value":"辣度"}],"value":[{"barCode":"","brokerage":0.0,"brokerageTwo":0.0,"cost":3.0,"detail":{"规格":"默认","辣度":"不辣"},"integral":0,"otPrice":3.0,"pic":"","pinkPrice":0.0,"pinkStock":0,"price":3.0,"seckillPrice":0.0,"seckillStock":0,"sku":"","stock":9999,"value1":"默认","value2":"不辣","volume":0.0,"weight":0.0},{"barCode":"","brokerage":0.0,"brokerageTwo":0.0,"cost":3.0,"detail":{"规格":"默认","辣度":"微辣"},"integral":0,"otPrice":3.0,"pic":"","pinkPrice":0.0,"pinkStock":0,"price":3.0,"seckillPrice":0.0,"seckillStock":0,"sku":"","stock":9999,"value1":"默认","value2":"微辣","volume":0.0,"weight":0.0},{"barCode":"","brokerage":0.0,"brokerageTwo":0.0,"cost":3.0,"detail":{"规格":"默认","辣度":"中辣"},"integral":0,"otPrice":3.0,"pic":"","pinkPrice":0.0,"pinkStock":0,"price":3.0,"seckillPrice":0.0,"seckillStock":0,"sku":"","stock":9999,"value1":"默认","value2":"中辣","volume":0.0,"weight":0.0},{"barCode":"","brokerage":0.0,"brokerageTwo":0.0,"cost":3.0,"detail":{"规格":"默认","辣度":"特辣"},"integral":0,"otPrice":3.0,"pic":"","pinkPrice":0.0,"pinkStock":0,"price":3.0,"seckillPrice":0.0,"seckillStock":0,"sku":"","stock":9999,"value1":"默认","value2":"特辣","volume":0.0,"weight":0.0}]}', '2026-05-08 17:44:49');
INSERT INTO yshop_store_product_attr_value (id, product_id, sku, stock, sales, price, image, `unique`, cost, bar_code, ot_price, weight, volume, brokerage, brokerage_two, pink_price, pink_stock, seckill_price, seckill_stock, integral) VALUES (820176, 30045, '不辣,默认', 9999, 0, 3.00, @placeholder_img, 'b820434c480498f3249bd59c42283496', 3.00, '', 3.00, 0.00, 0.00, 0.00, 0.00, 0.00, 0, 0.00, 0, 0);
INSERT INTO yshop_store_product_attr_value (id, product_id, sku, stock, sales, price, image, `unique`, cost, bar_code, ot_price, weight, volume, brokerage, brokerage_two, pink_price, pink_stock, seckill_price, seckill_stock, integral) VALUES (820177, 30045, '默认,微辣', 9999, 0, 3.00, @placeholder_img, '19c35c79583ebb6c6cc42b0952b85119', 3.00, '', 3.00, 0.00, 0.00, 0.00, 0.00, 0.00, 0, 0.00, 0, 0);
INSERT INTO yshop_store_product_attr_value (id, product_id, sku, stock, sales, price, image, `unique`, cost, bar_code, ot_price, weight, volume, brokerage, brokerage_two, pink_price, pink_stock, seckill_price, seckill_stock, integral) VALUES (820178, 30045, '默认,中辣', 9999, 0, 3.00, @placeholder_img, '1412db9bd4ae5471faa0374b7ae8637f', 3.00, '', 3.00, 0.00, 0.00, 0.00, 0.00, 0.00, 0, 0.00, 0, 0);
INSERT INTO yshop_store_product_attr_value (id, product_id, sku, stock, sales, price, image, `unique`, cost, bar_code, ot_price, weight, volume, brokerage, brokerage_two, pink_price, pink_stock, seckill_price, seckill_stock, integral) VALUES (820179, 30045, '默认,特辣', 9999, 0, 3.00, @placeholder_img, 'f2bfd5a5ec2703f48e726a3415262747', 3.00, '', 3.00, 0.00, 0.00, 0.00, 0.00, 0.00, 0, 0.00, 0, 0);
INSERT INTO yshop_store_product (id, shop_id, shop_name, image, slider_image, store_name, store_info, keyword, bar_code, brand_id, cate_id, price, vip_price, ot_price, postage, unit_name, sort, sales, stock, is_show, is_hot, is_benefit, is_best, is_new, description, creator, create_time, update_time, updater, is_postage, deleted, mer_use, give_integral, cost, is_seckill, is_bargain, is_good, ficti, browse, code_path, is_sub, temp_id, spec_type, is_integral, integral, tenant_id) VALUES (30046, @shop_id, '吉林小串', @placeholder_img, @placeholder_img, '臭干', '臭干', '臭干', '', NULL, '9005', 3.00, 0.00, 3.00, 0.00, '串', 8, 0, 9999, 1, 0, 0, 0, 0, '<p>臭干</p>', '1', '2026-05-08 17:44:49', '2026-05-08 17:44:49', '1', 0, b'0', 0, NULL, 3.00, 0, NULL, 0, 100, 0, '', 0, 0, 1, 0, 0, @tenant_id);
INSERT INTO yshop_store_product_attr (id, product_id, attr_name, attr_values) VALUES (800090, 30046, '规格', '默认');
INSERT INTO yshop_store_product_attr (id, product_id, attr_name, attr_values) VALUES (800091, 30046, '辣度', '不辣,微辣,中辣,特辣');
INSERT INTO yshop_store_product_attr_result (id, product_id, result, change_time) VALUES (810045, 30046, '{"attr":[{"attrHidden":"","detail":["默认"],"detailValue":"","value":"规格"},{"attrHidden":"","detail":["不辣","微辣","中辣","特辣"],"detailValue":"","value":"辣度"}],"value":[{"barCode":"","brokerage":0.0,"brokerageTwo":0.0,"cost":3.0,"detail":{"规格":"默认","辣度":"不辣"},"integral":0,"otPrice":3.0,"pic":"","pinkPrice":0.0,"pinkStock":0,"price":3.0,"seckillPrice":0.0,"seckillStock":0,"sku":"","stock":9999,"value1":"默认","value2":"不辣","volume":0.0,"weight":0.0},{"barCode":"","brokerage":0.0,"brokerageTwo":0.0,"cost":3.0,"detail":{"规格":"默认","辣度":"微辣"},"integral":0,"otPrice":3.0,"pic":"","pinkPrice":0.0,"pinkStock":0,"price":3.0,"seckillPrice":0.0,"seckillStock":0,"sku":"","stock":9999,"value1":"默认","value2":"微辣","volume":0.0,"weight":0.0},{"barCode":"","brokerage":0.0,"brokerageTwo":0.0,"cost":3.0,"detail":{"规格":"默认","辣度":"中辣"},"integral":0,"otPrice":3.0,"pic":"","pinkPrice":0.0,"pinkStock":0,"price":3.0,"seckillPrice":0.0,"seckillStock":0,"sku":"","stock":9999,"value1":"默认","value2":"中辣","volume":0.0,"weight":0.0},{"barCode":"","brokerage":0.0,"brokerageTwo":0.0,"cost":3.0,"detail":{"规格":"默认","辣度":"特辣"},"integral":0,"otPrice":3.0,"pic":"","pinkPrice":0.0,"pinkStock":0,"price":3.0,"seckillPrice":0.0,"seckillStock":0,"sku":"","stock":9999,"value1":"默认","value2":"特辣","volume":0.0,"weight":0.0}]}', '2026-05-08 17:44:49');
INSERT INTO yshop_store_product_attr_value (id, product_id, sku, stock, sales, price, image, `unique`, cost, bar_code, ot_price, weight, volume, brokerage, brokerage_two, pink_price, pink_stock, seckill_price, seckill_stock, integral) VALUES (820180, 30046, '不辣,默认', 9999, 0, 3.00, @placeholder_img, 'dc285af050e12380ebd77f468f5a0ece', 3.00, '', 3.00, 0.00, 0.00, 0.00, 0.00, 0.00, 0, 0.00, 0, 0);
INSERT INTO yshop_store_product_attr_value (id, product_id, sku, stock, sales, price, image, `unique`, cost, bar_code, ot_price, weight, volume, brokerage, brokerage_two, pink_price, pink_stock, seckill_price, seckill_stock, integral) VALUES (820181, 30046, '默认,微辣', 9999, 0, 3.00, @placeholder_img, 'eb82029161d0e2178638a56f83ff8774', 3.00, '', 3.00, 0.00, 0.00, 0.00, 0.00, 0.00, 0, 0.00, 0, 0);
INSERT INTO yshop_store_product_attr_value (id, product_id, sku, stock, sales, price, image, `unique`, cost, bar_code, ot_price, weight, volume, brokerage, brokerage_two, pink_price, pink_stock, seckill_price, seckill_stock, integral) VALUES (820182, 30046, '默认,中辣', 9999, 0, 3.00, @placeholder_img, 'b5e4e554cc37d572ee7eb8952168a63c', 3.00, '', 3.00, 0.00, 0.00, 0.00, 0.00, 0.00, 0, 0.00, 0, 0);
INSERT INTO yshop_store_product_attr_value (id, product_id, sku, stock, sales, price, image, `unique`, cost, bar_code, ot_price, weight, volume, brokerage, brokerage_two, pink_price, pink_stock, seckill_price, seckill_stock, integral) VALUES (820183, 30046, '默认,特辣', 9999, 0, 3.00, @placeholder_img, '6b78b8b04916d667c6fa2379b1c677ea', 3.00, '', 3.00, 0.00, 0.00, 0.00, 0.00, 0.00, 0, 0.00, 0, 0);
INSERT INTO yshop_store_product (id, shop_id, shop_name, image, slider_image, store_name, store_info, keyword, bar_code, brand_id, cate_id, price, vip_price, ot_price, postage, unit_name, sort, sales, stock, is_show, is_hot, is_benefit, is_best, is_new, description, creator, create_time, update_time, updater, is_postage, deleted, mer_use, give_integral, cost, is_seckill, is_bargain, is_good, ficti, browse, code_path, is_sub, temp_id, spec_type, is_integral, integral, tenant_id) VALUES (30047, @shop_id, '吉林小串', @placeholder_img, @placeholder_img, '苕皮', '苕皮', '苕皮', '', NULL, '9005', 5.00, 0.00, 5.00, 0.00, '串', 9, 0, 9999, 1, 0, 0, 0, 0, '<p>苕皮</p>', '1', '2026-05-08 17:44:49', '2026-05-08 17:44:49', '1', 0, b'0', 0, NULL, 5.00, 0, NULL, 0, 100, 0, '', 0, 0, 1, 0, 0, @tenant_id);
INSERT INTO yshop_store_product_attr (id, product_id, attr_name, attr_values) VALUES (800092, 30047, '规格', '默认');
INSERT INTO yshop_store_product_attr (id, product_id, attr_name, attr_values) VALUES (800093, 30047, '辣度', '不辣,微辣,中辣,特辣');
INSERT INTO yshop_store_product_attr_result (id, product_id, result, change_time) VALUES (810046, 30047, '{"attr":[{"attrHidden":"","detail":["默认"],"detailValue":"","value":"规格"},{"attrHidden":"","detail":["不辣","微辣","中辣","特辣"],"detailValue":"","value":"辣度"}],"value":[{"barCode":"","brokerage":0.0,"brokerageTwo":0.0,"cost":5.0,"detail":{"规格":"默认","辣度":"不辣"},"integral":0,"otPrice":5.0,"pic":"","pinkPrice":0.0,"pinkStock":0,"price":5.0,"seckillPrice":0.0,"seckillStock":0,"sku":"","stock":9999,"value1":"默认","value2":"不辣","volume":0.0,"weight":0.0},{"barCode":"","brokerage":0.0,"brokerageTwo":0.0,"cost":5.0,"detail":{"规格":"默认","辣度":"微辣"},"integral":0,"otPrice":5.0,"pic":"","pinkPrice":0.0,"pinkStock":0,"price":5.0,"seckillPrice":0.0,"seckillStock":0,"sku":"","stock":9999,"value1":"默认","value2":"微辣","volume":0.0,"weight":0.0},{"barCode":"","brokerage":0.0,"brokerageTwo":0.0,"cost":5.0,"detail":{"规格":"默认","辣度":"中辣"},"integral":0,"otPrice":5.0,"pic":"","pinkPrice":0.0,"pinkStock":0,"price":5.0,"seckillPrice":0.0,"seckillStock":0,"sku":"","stock":9999,"value1":"默认","value2":"中辣","volume":0.0,"weight":0.0},{"barCode":"","brokerage":0.0,"brokerageTwo":0.0,"cost":5.0,"detail":{"规格":"默认","辣度":"特辣"},"integral":0,"otPrice":5.0,"pic":"","pinkPrice":0.0,"pinkStock":0,"price":5.0,"seckillPrice":0.0,"seckillStock":0,"sku":"","stock":9999,"value1":"默认","value2":"特辣","volume":0.0,"weight":0.0}]}', '2026-05-08 17:44:49');
INSERT INTO yshop_store_product_attr_value (id, product_id, sku, stock, sales, price, image, `unique`, cost, bar_code, ot_price, weight, volume, brokerage, brokerage_two, pink_price, pink_stock, seckill_price, seckill_stock, integral) VALUES (820184, 30047, '不辣,默认', 9999, 0, 5.00, @placeholder_img, '6c157d1a6b5ea1bbdffad2e0349f63ee', 5.00, '', 5.00, 0.00, 0.00, 0.00, 0.00, 0.00, 0, 0.00, 0, 0);
INSERT INTO yshop_store_product_attr_value (id, product_id, sku, stock, sales, price, image, `unique`, cost, bar_code, ot_price, weight, volume, brokerage, brokerage_two, pink_price, pink_stock, seckill_price, seckill_stock, integral) VALUES (820185, 30047, '默认,微辣', 9999, 0, 5.00, @placeholder_img, '91068aee6e60791b28c2883c6a171d6c', 5.00, '', 5.00, 0.00, 0.00, 0.00, 0.00, 0.00, 0, 0.00, 0, 0);
INSERT INTO yshop_store_product_attr_value (id, product_id, sku, stock, sales, price, image, `unique`, cost, bar_code, ot_price, weight, volume, brokerage, brokerage_two, pink_price, pink_stock, seckill_price, seckill_stock, integral) VALUES (820186, 30047, '默认,中辣', 9999, 0, 5.00, @placeholder_img, '00c7bd9022b592c9df4ffab8fffdcc68', 5.00, '', 5.00, 0.00, 0.00, 0.00, 0.00, 0.00, 0, 0.00, 0, 0);
INSERT INTO yshop_store_product_attr_value (id, product_id, sku, stock, sales, price, image, `unique`, cost, bar_code, ot_price, weight, volume, brokerage, brokerage_two, pink_price, pink_stock, seckill_price, seckill_stock, integral) VALUES (820187, 30047, '默认,特辣', 9999, 0, 5.00, @placeholder_img, 'df9b1a77a8b770b750ea745382968460', 5.00, '', 5.00, 0.00, 0.00, 0.00, 0.00, 0.00, 0, 0.00, 0, 0);
INSERT INTO yshop_store_product (id, shop_id, shop_name, image, slider_image, store_name, store_info, keyword, bar_code, brand_id, cate_id, price, vip_price, ot_price, postage, unit_name, sort, sales, stock, is_show, is_hot, is_benefit, is_best, is_new, description, creator, create_time, update_time, updater, is_postage, deleted, mer_use, give_integral, cost, is_seckill, is_bargain, is_good, ficti, browse, code_path, is_sub, temp_id, spec_type, is_integral, integral, tenant_id) VALUES (30048, @shop_id, '吉林小串', @placeholder_img, @placeholder_img, '面筋', '面筋', '面筋', '', NULL, '9005', 2.00, 0.00, 2.00, 0.00, '串', 10, 0, 9999, 1, 0, 0, 0, 0, '<p>面筋</p>', '1', '2026-05-08 17:44:49', '2026-05-08 17:44:49', '1', 0, b'0', 0, NULL, 2.00, 0, NULL, 0, 100, 0, '', 0, 0, 1, 0, 0, @tenant_id);
INSERT INTO yshop_store_product_attr (id, product_id, attr_name, attr_values) VALUES (800094, 30048, '规格', '默认');
INSERT INTO yshop_store_product_attr (id, product_id, attr_name, attr_values) VALUES (800095, 30048, '辣度', '不辣,微辣,中辣,特辣');
INSERT INTO yshop_store_product_attr_result (id, product_id, result, change_time) VALUES (810047, 30048, '{"attr":[{"attrHidden":"","detail":["默认"],"detailValue":"","value":"规格"},{"attrHidden":"","detail":["不辣","微辣","中辣","特辣"],"detailValue":"","value":"辣度"}],"value":[{"barCode":"","brokerage":0.0,"brokerageTwo":0.0,"cost":2.0,"detail":{"规格":"默认","辣度":"不辣"},"integral":0,"otPrice":2.0,"pic":"","pinkPrice":0.0,"pinkStock":0,"price":2.0,"seckillPrice":0.0,"seckillStock":0,"sku":"","stock":9999,"value1":"默认","value2":"不辣","volume":0.0,"weight":0.0},{"barCode":"","brokerage":0.0,"brokerageTwo":0.0,"cost":2.0,"detail":{"规格":"默认","辣度":"微辣"},"integral":0,"otPrice":2.0,"pic":"","pinkPrice":0.0,"pinkStock":0,"price":2.0,"seckillPrice":0.0,"seckillStock":0,"sku":"","stock":9999,"value1":"默认","value2":"微辣","volume":0.0,"weight":0.0},{"barCode":"","brokerage":0.0,"brokerageTwo":0.0,"cost":2.0,"detail":{"规格":"默认","辣度":"中辣"},"integral":0,"otPrice":2.0,"pic":"","pinkPrice":0.0,"pinkStock":0,"price":2.0,"seckillPrice":0.0,"seckillStock":0,"sku":"","stock":9999,"value1":"默认","value2":"中辣","volume":0.0,"weight":0.0},{"barCode":"","brokerage":0.0,"brokerageTwo":0.0,"cost":2.0,"detail":{"规格":"默认","辣度":"特辣"},"integral":0,"otPrice":2.0,"pic":"","pinkPrice":0.0,"pinkStock":0,"price":2.0,"seckillPrice":0.0,"seckillStock":0,"sku":"","stock":9999,"value1":"默认","value2":"特辣","volume":0.0,"weight":0.0}]}', '2026-05-08 17:44:49');
INSERT INTO yshop_store_product_attr_value (id, product_id, sku, stock, sales, price, image, `unique`, cost, bar_code, ot_price, weight, volume, brokerage, brokerage_two, pink_price, pink_stock, seckill_price, seckill_stock, integral) VALUES (820188, 30048, '不辣,默认', 9999, 0, 2.00, @placeholder_img, 'a9e0bfb968f2a54014de622e9f7933c7', 2.00, '', 2.00, 0.00, 0.00, 0.00, 0.00, 0.00, 0, 0.00, 0, 0);
INSERT INTO yshop_store_product_attr_value (id, product_id, sku, stock, sales, price, image, `unique`, cost, bar_code, ot_price, weight, volume, brokerage, brokerage_two, pink_price, pink_stock, seckill_price, seckill_stock, integral) VALUES (820189, 30048, '默认,微辣', 9999, 0, 2.00, @placeholder_img, 'b438a58e8b55c709c19f14a1b42ead51', 2.00, '', 2.00, 0.00, 0.00, 0.00, 0.00, 0.00, 0, 0.00, 0, 0);
INSERT INTO yshop_store_product_attr_value (id, product_id, sku, stock, sales, price, image, `unique`, cost, bar_code, ot_price, weight, volume, brokerage, brokerage_two, pink_price, pink_stock, seckill_price, seckill_stock, integral) VALUES (820190, 30048, '默认,中辣', 9999, 0, 2.00, @placeholder_img, '16ddbd85d73bf004ab8bc260fc3c6049', 2.00, '', 2.00, 0.00, 0.00, 0.00, 0.00, 0.00, 0, 0.00, 0, 0);
INSERT INTO yshop_store_product_attr_value (id, product_id, sku, stock, sales, price, image, `unique`, cost, bar_code, ot_price, weight, volume, brokerage, brokerage_two, pink_price, pink_stock, seckill_price, seckill_stock, integral) VALUES (820191, 30048, '默认,特辣', 9999, 0, 2.00, @placeholder_img, '9ccd806a54b225655c75036fc57ffb1c', 2.00, '', 2.00, 0.00, 0.00, 0.00, 0.00, 0.00, 0, 0.00, 0, 0);
INSERT INTO yshop_store_product (id, shop_id, shop_name, image, slider_image, store_name, store_info, keyword, bar_code, brand_id, cate_id, price, vip_price, ot_price, postage, unit_name, sort, sales, stock, is_show, is_hot, is_benefit, is_best, is_new, description, creator, create_time, update_time, updater, is_postage, deleted, mer_use, give_integral, cost, is_seckill, is_bargain, is_good, ficti, browse, code_path, is_sub, temp_id, spec_type, is_integral, integral, tenant_id) VALUES (30049, @shop_id, '吉林小串', @placeholder_img, @placeholder_img, '韭菜', '韭菜', '韭菜', '', NULL, '9005', 3.00, 0.00, 3.00, 0.00, '串', 11, 0, 9999, 1, 0, 0, 0, 0, '<p>韭菜</p>', '1', '2026-05-08 17:44:49', '2026-05-08 17:44:49', '1', 0, b'0', 0, NULL, 3.00, 0, NULL, 0, 100, 0, '', 0, 0, 1, 0, 0, @tenant_id);
INSERT INTO yshop_store_product_attr (id, product_id, attr_name, attr_values) VALUES (800096, 30049, '规格', '默认');
INSERT INTO yshop_store_product_attr (id, product_id, attr_name, attr_values) VALUES (800097, 30049, '辣度', '不辣,微辣,中辣,特辣');
INSERT INTO yshop_store_product_attr_result (id, product_id, result, change_time) VALUES (810048, 30049, '{"attr":[{"attrHidden":"","detail":["默认"],"detailValue":"","value":"规格"},{"attrHidden":"","detail":["不辣","微辣","中辣","特辣"],"detailValue":"","value":"辣度"}],"value":[{"barCode":"","brokerage":0.0,"brokerageTwo":0.0,"cost":3.0,"detail":{"规格":"默认","辣度":"不辣"},"integral":0,"otPrice":3.0,"pic":"","pinkPrice":0.0,"pinkStock":0,"price":3.0,"seckillPrice":0.0,"seckillStock":0,"sku":"","stock":9999,"value1":"默认","value2":"不辣","volume":0.0,"weight":0.0},{"barCode":"","brokerage":0.0,"brokerageTwo":0.0,"cost":3.0,"detail":{"规格":"默认","辣度":"微辣"},"integral":0,"otPrice":3.0,"pic":"","pinkPrice":0.0,"pinkStock":0,"price":3.0,"seckillPrice":0.0,"seckillStock":0,"sku":"","stock":9999,"value1":"默认","value2":"微辣","volume":0.0,"weight":0.0},{"barCode":"","brokerage":0.0,"brokerageTwo":0.0,"cost":3.0,"detail":{"规格":"默认","辣度":"中辣"},"integral":0,"otPrice":3.0,"pic":"","pinkPrice":0.0,"pinkStock":0,"price":3.0,"seckillPrice":0.0,"seckillStock":0,"sku":"","stock":9999,"value1":"默认","value2":"中辣","volume":0.0,"weight":0.0},{"barCode":"","brokerage":0.0,"brokerageTwo":0.0,"cost":3.0,"detail":{"规格":"默认","辣度":"特辣"},"integral":0,"otPrice":3.0,"pic":"","pinkPrice":0.0,"pinkStock":0,"price":3.0,"seckillPrice":0.0,"seckillStock":0,"sku":"","stock":9999,"value1":"默认","value2":"特辣","volume":0.0,"weight":0.0}]}', '2026-05-08 17:44:49');
INSERT INTO yshop_store_product_attr_value (id, product_id, sku, stock, sales, price, image, `unique`, cost, bar_code, ot_price, weight, volume, brokerage, brokerage_two, pink_price, pink_stock, seckill_price, seckill_stock, integral) VALUES (820192, 30049, '不辣,默认', 9999, 0, 3.00, @placeholder_img, '8793dadf9ecb447eb4f3144a82137caa', 3.00, '', 3.00, 0.00, 0.00, 0.00, 0.00, 0.00, 0, 0.00, 0, 0);
INSERT INTO yshop_store_product_attr_value (id, product_id, sku, stock, sales, price, image, `unique`, cost, bar_code, ot_price, weight, volume, brokerage, brokerage_two, pink_price, pink_stock, seckill_price, seckill_stock, integral) VALUES (820193, 30049, '默认,微辣', 9999, 0, 3.00, @placeholder_img, 'b5b3912f13726b81f47ffc9e0cddb9a1', 3.00, '', 3.00, 0.00, 0.00, 0.00, 0.00, 0.00, 0, 0.00, 0, 0);
INSERT INTO yshop_store_product_attr_value (id, product_id, sku, stock, sales, price, image, `unique`, cost, bar_code, ot_price, weight, volume, brokerage, brokerage_two, pink_price, pink_stock, seckill_price, seckill_stock, integral) VALUES (820194, 30049, '默认,中辣', 9999, 0, 3.00, @placeholder_img, 'de3180f1c075cab95cb3985604846593', 3.00, '', 3.00, 0.00, 0.00, 0.00, 0.00, 0.00, 0, 0.00, 0, 0);
INSERT INTO yshop_store_product_attr_value (id, product_id, sku, stock, sales, price, image, `unique`, cost, bar_code, ot_price, weight, volume, brokerage, brokerage_two, pink_price, pink_stock, seckill_price, seckill_stock, integral) VALUES (820195, 30049, '默认,特辣', 9999, 0, 3.00, @placeholder_img, 'c37b32d2ea68d0f2c25fcc42a5d4f4b2', 3.00, '', 3.00, 0.00, 0.00, 0.00, 0.00, 0.00, 0, 0.00, 0, 0);
INSERT INTO yshop_store_product (id, shop_id, shop_name, image, slider_image, store_name, store_info, keyword, bar_code, brand_id, cate_id, price, vip_price, ot_price, postage, unit_name, sort, sales, stock, is_show, is_hot, is_benefit, is_best, is_new, description, creator, create_time, update_time, updater, is_postage, deleted, mer_use, give_integral, cost, is_seckill, is_bargain, is_good, ficti, browse, code_path, is_sub, temp_id, spec_type, is_integral, integral, tenant_id) VALUES (30050, @shop_id, '吉林小串', @placeholder_img, @placeholder_img, '蘑菇', '蘑菇', '蘑菇', '', NULL, '9005', 1.00, 0.00, 1.00, 0.00, '串', 12, 0, 9999, 1, 0, 0, 0, 0, '<p>蘑菇</p>', '1', '2026-05-08 17:44:49', '2026-05-08 17:44:49', '1', 0, b'0', 0, NULL, 1.00, 0, NULL, 0, 100, 0, '', 0, 0, 1, 0, 0, @tenant_id);
INSERT INTO yshop_store_product_attr (id, product_id, attr_name, attr_values) VALUES (800098, 30050, '规格', '默认');
INSERT INTO yshop_store_product_attr (id, product_id, attr_name, attr_values) VALUES (800099, 30050, '辣度', '不辣,微辣,中辣,特辣');
INSERT INTO yshop_store_product_attr_result (id, product_id, result, change_time) VALUES (810049, 30050, '{"attr":[{"attrHidden":"","detail":["默认"],"detailValue":"","value":"规格"},{"attrHidden":"","detail":["不辣","微辣","中辣","特辣"],"detailValue":"","value":"辣度"}],"value":[{"barCode":"","brokerage":0.0,"brokerageTwo":0.0,"cost":1.0,"detail":{"规格":"默认","辣度":"不辣"},"integral":0,"otPrice":1.0,"pic":"","pinkPrice":0.0,"pinkStock":0,"price":1.0,"seckillPrice":0.0,"seckillStock":0,"sku":"","stock":9999,"value1":"默认","value2":"不辣","volume":0.0,"weight":0.0},{"barCode":"","brokerage":0.0,"brokerageTwo":0.0,"cost":1.0,"detail":{"规格":"默认","辣度":"微辣"},"integral":0,"otPrice":1.0,"pic":"","pinkPrice":0.0,"pinkStock":0,"price":1.0,"seckillPrice":0.0,"seckillStock":0,"sku":"","stock":9999,"value1":"默认","value2":"微辣","volume":0.0,"weight":0.0},{"barCode":"","brokerage":0.0,"brokerageTwo":0.0,"cost":1.0,"detail":{"规格":"默认","辣度":"中辣"},"integral":0,"otPrice":1.0,"pic":"","pinkPrice":0.0,"pinkStock":0,"price":1.0,"seckillPrice":0.0,"seckillStock":0,"sku":"","stock":9999,"value1":"默认","value2":"中辣","volume":0.0,"weight":0.0},{"barCode":"","brokerage":0.0,"brokerageTwo":0.0,"cost":1.0,"detail":{"规格":"默认","辣度":"特辣"},"integral":0,"otPrice":1.0,"pic":"","pinkPrice":0.0,"pinkStock":0,"price":1.0,"seckillPrice":0.0,"seckillStock":0,"sku":"","stock":9999,"value1":"默认","value2":"特辣","volume":0.0,"weight":0.0}]}', '2026-05-08 17:44:49');
INSERT INTO yshop_store_product_attr_value (id, product_id, sku, stock, sales, price, image, `unique`, cost, bar_code, ot_price, weight, volume, brokerage, brokerage_two, pink_price, pink_stock, seckill_price, seckill_stock, integral) VALUES (820196, 30050, '不辣,默认', 9999, 0, 1.00, @placeholder_img, 'cd990384efdb9b4c5067c6c9bb622930', 1.00, '', 1.00, 0.00, 0.00, 0.00, 0.00, 0.00, 0, 0.00, 0, 0);
INSERT INTO yshop_store_product_attr_value (id, product_id, sku, stock, sales, price, image, `unique`, cost, bar_code, ot_price, weight, volume, brokerage, brokerage_two, pink_price, pink_stock, seckill_price, seckill_stock, integral) VALUES (820197, 30050, '默认,微辣', 9999, 0, 1.00, @placeholder_img, 'ebf846e8e134874386ac5648e814ee3a', 1.00, '', 1.00, 0.00, 0.00, 0.00, 0.00, 0.00, 0, 0.00, 0, 0);
INSERT INTO yshop_store_product_attr_value (id, product_id, sku, stock, sales, price, image, `unique`, cost, bar_code, ot_price, weight, volume, brokerage, brokerage_two, pink_price, pink_stock, seckill_price, seckill_stock, integral) VALUES (820198, 30050, '默认,中辣', 9999, 0, 1.00, @placeholder_img, '78d5c3f7ad2e237ecdc54ce2caed2be1', 1.00, '', 1.00, 0.00, 0.00, 0.00, 0.00, 0.00, 0, 0.00, 0, 0);
INSERT INTO yshop_store_product_attr_value (id, product_id, sku, stock, sales, price, image, `unique`, cost, bar_code, ot_price, weight, volume, brokerage, brokerage_two, pink_price, pink_stock, seckill_price, seckill_stock, integral) VALUES (820199, 30050, '默认,特辣', 9999, 0, 1.00, @placeholder_img, 'd6f289af30bbfd650890b1f431a8e0bf', 1.00, '', 1.00, 0.00, 0.00, 0.00, 0.00, 0.00, 0, 0.00, 0, 0);
INSERT INTO yshop_store_product (id, shop_id, shop_name, image, slider_image, store_name, store_info, keyword, bar_code, brand_id, cate_id, price, vip_price, ot_price, postage, unit_name, sort, sales, stock, is_show, is_hot, is_benefit, is_best, is_new, description, creator, create_time, update_time, updater, is_postage, deleted, mer_use, give_integral, cost, is_seckill, is_bargain, is_good, ficti, browse, code_path, is_sub, temp_id, spec_type, is_integral, integral, tenant_id) VALUES (30051, @shop_id, '吉林小串', @placeholder_img, @placeholder_img, '娃娃菜', '娃娃菜', '娃娃菜', '', NULL, '9005', 2.00, 0.00, 2.00, 0.00, '串', 13, 0, 9999, 1, 0, 0, 0, 0, '<p>娃娃菜</p>', '1', '2026-05-08 17:44:49', '2026-05-08 17:44:49', '1', 0, b'0', 0, NULL, 2.00, 0, NULL, 0, 100, 0, '', 0, 0, 1, 0, 0, @tenant_id);
INSERT INTO yshop_store_product_attr (id, product_id, attr_name, attr_values) VALUES (800100, 30051, '规格', '默认');
INSERT INTO yshop_store_product_attr (id, product_id, attr_name, attr_values) VALUES (800101, 30051, '辣度', '不辣,微辣,中辣,特辣');
INSERT INTO yshop_store_product_attr_result (id, product_id, result, change_time) VALUES (810050, 30051, '{"attr":[{"attrHidden":"","detail":["默认"],"detailValue":"","value":"规格"},{"attrHidden":"","detail":["不辣","微辣","中辣","特辣"],"detailValue":"","value":"辣度"}],"value":[{"barCode":"","brokerage":0.0,"brokerageTwo":0.0,"cost":2.0,"detail":{"规格":"默认","辣度":"不辣"},"integral":0,"otPrice":2.0,"pic":"","pinkPrice":0.0,"pinkStock":0,"price":2.0,"seckillPrice":0.0,"seckillStock":0,"sku":"","stock":9999,"value1":"默认","value2":"不辣","volume":0.0,"weight":0.0},{"barCode":"","brokerage":0.0,"brokerageTwo":0.0,"cost":2.0,"detail":{"规格":"默认","辣度":"微辣"},"integral":0,"otPrice":2.0,"pic":"","pinkPrice":0.0,"pinkStock":0,"price":2.0,"seckillPrice":0.0,"seckillStock":0,"sku":"","stock":9999,"value1":"默认","value2":"微辣","volume":0.0,"weight":0.0},{"barCode":"","brokerage":0.0,"brokerageTwo":0.0,"cost":2.0,"detail":{"规格":"默认","辣度":"中辣"},"integral":0,"otPrice":2.0,"pic":"","pinkPrice":0.0,"pinkStock":0,"price":2.0,"seckillPrice":0.0,"seckillStock":0,"sku":"","stock":9999,"value1":"默认","value2":"中辣","volume":0.0,"weight":0.0},{"barCode":"","brokerage":0.0,"brokerageTwo":0.0,"cost":2.0,"detail":{"规格":"默认","辣度":"特辣"},"integral":0,"otPrice":2.0,"pic":"","pinkPrice":0.0,"pinkStock":0,"price":2.0,"seckillPrice":0.0,"seckillStock":0,"sku":"","stock":9999,"value1":"默认","value2":"特辣","volume":0.0,"weight":0.0}]}', '2026-05-08 17:44:49');
INSERT INTO yshop_store_product_attr_value (id, product_id, sku, stock, sales, price, image, `unique`, cost, bar_code, ot_price, weight, volume, brokerage, brokerage_two, pink_price, pink_stock, seckill_price, seckill_stock, integral) VALUES (820200, 30051, '不辣,默认', 9999, 0, 2.00, @placeholder_img, '948a1a5098cd4d4e3fd633ce6be7c127', 2.00, '', 2.00, 0.00, 0.00, 0.00, 0.00, 0.00, 0, 0.00, 0, 0);
INSERT INTO yshop_store_product_attr_value (id, product_id, sku, stock, sales, price, image, `unique`, cost, bar_code, ot_price, weight, volume, brokerage, brokerage_two, pink_price, pink_stock, seckill_price, seckill_stock, integral) VALUES (820201, 30051, '默认,微辣', 9999, 0, 2.00, @placeholder_img, '56d8b039ecb11c178e1edea19977fad9', 2.00, '', 2.00, 0.00, 0.00, 0.00, 0.00, 0.00, 0, 0.00, 0, 0);
INSERT INTO yshop_store_product_attr_value (id, product_id, sku, stock, sales, price, image, `unique`, cost, bar_code, ot_price, weight, volume, brokerage, brokerage_two, pink_price, pink_stock, seckill_price, seckill_stock, integral) VALUES (820202, 30051, '默认,中辣', 9999, 0, 2.00, @placeholder_img, '76ecf1223284ba1a886fcdd57a18540c', 2.00, '', 2.00, 0.00, 0.00, 0.00, 0.00, 0.00, 0, 0.00, 0, 0);
INSERT INTO yshop_store_product_attr_value (id, product_id, sku, stock, sales, price, image, `unique`, cost, bar_code, ot_price, weight, volume, brokerage, brokerage_two, pink_price, pink_stock, seckill_price, seckill_stock, integral) VALUES (820203, 30051, '默认,特辣', 9999, 0, 2.00, @placeholder_img, 'c8d5094effa6f99ac481f085964726ac', 2.00, '', 2.00, 0.00, 0.00, 0.00, 0.00, 0.00, 0, 0.00, 0, 0);
INSERT INTO yshop_store_product (id, shop_id, shop_name, image, slider_image, store_name, store_info, keyword, bar_code, brand_id, cate_id, price, vip_price, ot_price, postage, unit_name, sort, sales, stock, is_show, is_hot, is_benefit, is_best, is_new, description, creator, create_time, update_time, updater, is_postage, deleted, mer_use, give_integral, cost, is_seckill, is_bargain, is_good, ficti, browse, code_path, is_sub, temp_id, spec_type, is_integral, integral, tenant_id) VALUES (30052, @shop_id, '吉林小串', @placeholder_img, @placeholder_img, '土豆片', '土豆片', '土豆片', '', NULL, '9005', 2.00, 0.00, 2.00, 0.00, '串', 14, 0, 9999, 1, 0, 0, 0, 0, '<p>土豆片</p>', '1', '2026-05-08 17:44:49', '2026-05-08 17:44:49', '1', 0, b'0', 0, NULL, 2.00, 0, NULL, 0, 100, 0, '', 0, 0, 1, 0, 0, @tenant_id);
INSERT INTO yshop_store_product_attr (id, product_id, attr_name, attr_values) VALUES (800102, 30052, '规格', '默认');
INSERT INTO yshop_store_product_attr (id, product_id, attr_name, attr_values) VALUES (800103, 30052, '辣度', '不辣,微辣,中辣,特辣');
INSERT INTO yshop_store_product_attr_result (id, product_id, result, change_time) VALUES (810051, 30052, '{"attr":[{"attrHidden":"","detail":["默认"],"detailValue":"","value":"规格"},{"attrHidden":"","detail":["不辣","微辣","中辣","特辣"],"detailValue":"","value":"辣度"}],"value":[{"barCode":"","brokerage":0.0,"brokerageTwo":0.0,"cost":2.0,"detail":{"规格":"默认","辣度":"不辣"},"integral":0,"otPrice":2.0,"pic":"","pinkPrice":0.0,"pinkStock":0,"price":2.0,"seckillPrice":0.0,"seckillStock":0,"sku":"","stock":9999,"value1":"默认","value2":"不辣","volume":0.0,"weight":0.0},{"barCode":"","brokerage":0.0,"brokerageTwo":0.0,"cost":2.0,"detail":{"规格":"默认","辣度":"微辣"},"integral":0,"otPrice":2.0,"pic":"","pinkPrice":0.0,"pinkStock":0,"price":2.0,"seckillPrice":0.0,"seckillStock":0,"sku":"","stock":9999,"value1":"默认","value2":"微辣","volume":0.0,"weight":0.0},{"barCode":"","brokerage":0.0,"brokerageTwo":0.0,"cost":2.0,"detail":{"规格":"默认","辣度":"中辣"},"integral":0,"otPrice":2.0,"pic":"","pinkPrice":0.0,"pinkStock":0,"price":2.0,"seckillPrice":0.0,"seckillStock":0,"sku":"","stock":9999,"value1":"默认","value2":"中辣","volume":0.0,"weight":0.0},{"barCode":"","brokerage":0.0,"brokerageTwo":0.0,"cost":2.0,"detail":{"规格":"默认","辣度":"特辣"},"integral":0,"otPrice":2.0,"pic":"","pinkPrice":0.0,"pinkStock":0,"price":2.0,"seckillPrice":0.0,"seckillStock":0,"sku":"","stock":9999,"value1":"默认","value2":"特辣","volume":0.0,"weight":0.0}]}', '2026-05-08 17:44:49');
INSERT INTO yshop_store_product_attr_value (id, product_id, sku, stock, sales, price, image, `unique`, cost, bar_code, ot_price, weight, volume, brokerage, brokerage_two, pink_price, pink_stock, seckill_price, seckill_stock, integral) VALUES (820204, 30052, '不辣,默认', 9999, 0, 2.00, @placeholder_img, '5025ad585f5e6df471ec05bcf3946095', 2.00, '', 2.00, 0.00, 0.00, 0.00, 0.00, 0.00, 0, 0.00, 0, 0);
INSERT INTO yshop_store_product_attr_value (id, product_id, sku, stock, sales, price, image, `unique`, cost, bar_code, ot_price, weight, volume, brokerage, brokerage_two, pink_price, pink_stock, seckill_price, seckill_stock, integral) VALUES (820205, 30052, '默认,微辣', 9999, 0, 2.00, @placeholder_img, '3d0546af653bb8e574025ee498656092', 2.00, '', 2.00, 0.00, 0.00, 0.00, 0.00, 0.00, 0, 0.00, 0, 0);
INSERT INTO yshop_store_product_attr_value (id, product_id, sku, stock, sales, price, image, `unique`, cost, bar_code, ot_price, weight, volume, brokerage, brokerage_two, pink_price, pink_stock, seckill_price, seckill_stock, integral) VALUES (820206, 30052, '默认,中辣', 9999, 0, 2.00, @placeholder_img, 'fb0faff2620dd61fc392b353d236468b', 2.00, '', 2.00, 0.00, 0.00, 0.00, 0.00, 0.00, 0, 0.00, 0, 0);
INSERT INTO yshop_store_product_attr_value (id, product_id, sku, stock, sales, price, image, `unique`, cost, bar_code, ot_price, weight, volume, brokerage, brokerage_two, pink_price, pink_stock, seckill_price, seckill_stock, integral) VALUES (820207, 30052, '默认,特辣', 9999, 0, 2.00, @placeholder_img, '3030b0f5fe92eece0085ba273794e7ba', 2.00, '', 2.00, 0.00, 0.00, 0.00, 0.00, 0.00, 0, 0.00, 0, 0);
INSERT INTO yshop_store_product (id, shop_id, shop_name, image, slider_image, store_name, store_info, keyword, bar_code, brand_id, cate_id, price, vip_price, ot_price, postage, unit_name, sort, sales, stock, is_show, is_hot, is_benefit, is_best, is_new, description, creator, create_time, update_time, updater, is_postage, deleted, mer_use, give_integral, cost, is_seckill, is_bargain, is_good, ficti, browse, code_path, is_sub, temp_id, spec_type, is_integral, integral, tenant_id) VALUES (30053, @shop_id, '吉林小串', @placeholder_img, @placeholder_img, '金针菇', '金针菇', '金针菇', '', NULL, '9005', 2.00, 0.00, 2.00, 0.00, '串', 15, 0, 9999, 1, 0, 0, 0, 0, '<p>金针菇</p>', '1', '2026-05-08 17:44:49', '2026-05-08 17:44:49', '1', 0, b'0', 0, NULL, 2.00, 0, NULL, 0, 100, 0, '', 0, 0, 1, 0, 0, @tenant_id);
INSERT INTO yshop_store_product_attr (id, product_id, attr_name, attr_values) VALUES (800104, 30053, '规格', '默认');
INSERT INTO yshop_store_product_attr (id, product_id, attr_name, attr_values) VALUES (800105, 30053, '辣度', '不辣,微辣,中辣,特辣');
INSERT INTO yshop_store_product_attr_result (id, product_id, result, change_time) VALUES (810052, 30053, '{"attr":[{"attrHidden":"","detail":["默认"],"detailValue":"","value":"规格"},{"attrHidden":"","detail":["不辣","微辣","中辣","特辣"],"detailValue":"","value":"辣度"}],"value":[{"barCode":"","brokerage":0.0,"brokerageTwo":0.0,"cost":2.0,"detail":{"规格":"默认","辣度":"不辣"},"integral":0,"otPrice":2.0,"pic":"","pinkPrice":0.0,"pinkStock":0,"price":2.0,"seckillPrice":0.0,"seckillStock":0,"sku":"","stock":9999,"value1":"默认","value2":"不辣","volume":0.0,"weight":0.0},{"barCode":"","brokerage":0.0,"brokerageTwo":0.0,"cost":2.0,"detail":{"规格":"默认","辣度":"微辣"},"integral":0,"otPrice":2.0,"pic":"","pinkPrice":0.0,"pinkStock":0,"price":2.0,"seckillPrice":0.0,"seckillStock":0,"sku":"","stock":9999,"value1":"默认","value2":"微辣","volume":0.0,"weight":0.0},{"barCode":"","brokerage":0.0,"brokerageTwo":0.0,"cost":2.0,"detail":{"规格":"默认","辣度":"中辣"},"integral":0,"otPrice":2.0,"pic":"","pinkPrice":0.0,"pinkStock":0,"price":2.0,"seckillPrice":0.0,"seckillStock":0,"sku":"","stock":9999,"value1":"默认","value2":"中辣","volume":0.0,"weight":0.0},{"barCode":"","brokerage":0.0,"brokerageTwo":0.0,"cost":2.0,"detail":{"规格":"默认","辣度":"特辣"},"integral":0,"otPrice":2.0,"pic":"","pinkPrice":0.0,"pinkStock":0,"price":2.0,"seckillPrice":0.0,"seckillStock":0,"sku":"","stock":9999,"value1":"默认","value2":"特辣","volume":0.0,"weight":0.0}]}', '2026-05-08 17:44:49');
INSERT INTO yshop_store_product_attr_value (id, product_id, sku, stock, sales, price, image, `unique`, cost, bar_code, ot_price, weight, volume, brokerage, brokerage_two, pink_price, pink_stock, seckill_price, seckill_stock, integral) VALUES (820208, 30053, '不辣,默认', 9999, 0, 2.00, @placeholder_img, 'fdd793858dcc8b4d86466502660bccd9', 2.00, '', 2.00, 0.00, 0.00, 0.00, 0.00, 0.00, 0, 0.00, 0, 0);
INSERT INTO yshop_store_product_attr_value (id, product_id, sku, stock, sales, price, image, `unique`, cost, bar_code, ot_price, weight, volume, brokerage, brokerage_two, pink_price, pink_stock, seckill_price, seckill_stock, integral) VALUES (820209, 30053, '默认,微辣', 9999, 0, 2.00, @placeholder_img, 'fd2abd866ecd313856304975a06d5399', 2.00, '', 2.00, 0.00, 0.00, 0.00, 0.00, 0.00, 0, 0.00, 0, 0);
INSERT INTO yshop_store_product_attr_value (id, product_id, sku, stock, sales, price, image, `unique`, cost, bar_code, ot_price, weight, volume, brokerage, brokerage_two, pink_price, pink_stock, seckill_price, seckill_stock, integral) VALUES (820210, 30053, '默认,中辣', 9999, 0, 2.00, @placeholder_img, '63a7c533b0dad23139cadae5f44619ff', 2.00, '', 2.00, 0.00, 0.00, 0.00, 0.00, 0.00, 0, 0.00, 0, 0);
INSERT INTO yshop_store_product_attr_value (id, product_id, sku, stock, sales, price, image, `unique`, cost, bar_code, ot_price, weight, volume, brokerage, brokerage_two, pink_price, pink_stock, seckill_price, seckill_stock, integral) VALUES (820211, 30053, '默认,特辣', 9999, 0, 2.00, @placeholder_img, 'f77722f9be78a88cd85d65b247809faf', 2.00, '', 2.00, 0.00, 0.00, 0.00, 0.00, 0.00, 0, 0.00, 0, 0);
INSERT INTO yshop_store_product (id, shop_id, shop_name, image, slider_image, store_name, store_info, keyword, bar_code, brand_id, cate_id, price, vip_price, ot_price, postage, unit_name, sort, sales, stock, is_show, is_hot, is_benefit, is_best, is_new, description, creator, create_time, update_time, updater, is_postage, deleted, mer_use, give_integral, cost, is_seckill, is_bargain, is_good, ficti, browse, code_path, is_sub, temp_id, spec_type, is_integral, integral, tenant_id) VALUES (30054, @shop_id, '吉林小串', @placeholder_img, @placeholder_img, '包菜', '包菜', '包菜', '', NULL, '9005', 2.00, 0.00, 2.00, 0.00, '串', 16, 0, 9999, 1, 0, 0, 0, 0, '<p>包菜</p>', '1', '2026-05-08 17:44:49', '2026-05-08 17:44:49', '1', 0, b'0', 0, NULL, 2.00, 0, NULL, 0, 100, 0, '', 0, 0, 1, 0, 0, @tenant_id);
INSERT INTO yshop_store_product_attr (id, product_id, attr_name, attr_values) VALUES (800106, 30054, '规格', '默认');
INSERT INTO yshop_store_product_attr (id, product_id, attr_name, attr_values) VALUES (800107, 30054, '辣度', '不辣,微辣,中辣,特辣');
INSERT INTO yshop_store_product_attr_result (id, product_id, result, change_time) VALUES (810053, 30054, '{"attr":[{"attrHidden":"","detail":["默认"],"detailValue":"","value":"规格"},{"attrHidden":"","detail":["不辣","微辣","中辣","特辣"],"detailValue":"","value":"辣度"}],"value":[{"barCode":"","brokerage":0.0,"brokerageTwo":0.0,"cost":2.0,"detail":{"规格":"默认","辣度":"不辣"},"integral":0,"otPrice":2.0,"pic":"","pinkPrice":0.0,"pinkStock":0,"price":2.0,"seckillPrice":0.0,"seckillStock":0,"sku":"","stock":9999,"value1":"默认","value2":"不辣","volume":0.0,"weight":0.0},{"barCode":"","brokerage":0.0,"brokerageTwo":0.0,"cost":2.0,"detail":{"规格":"默认","辣度":"微辣"},"integral":0,"otPrice":2.0,"pic":"","pinkPrice":0.0,"pinkStock":0,"price":2.0,"seckillPrice":0.0,"seckillStock":0,"sku":"","stock":9999,"value1":"默认","value2":"微辣","volume":0.0,"weight":0.0},{"barCode":"","brokerage":0.0,"brokerageTwo":0.0,"cost":2.0,"detail":{"规格":"默认","辣度":"中辣"},"integral":0,"otPrice":2.0,"pic":"","pinkPrice":0.0,"pinkStock":0,"price":2.0,"seckillPrice":0.0,"seckillStock":0,"sku":"","stock":9999,"value1":"默认","value2":"中辣","volume":0.0,"weight":0.0},{"barCode":"","brokerage":0.0,"brokerageTwo":0.0,"cost":2.0,"detail":{"规格":"默认","辣度":"特辣"},"integral":0,"otPrice":2.0,"pic":"","pinkPrice":0.0,"pinkStock":0,"price":2.0,"seckillPrice":0.0,"seckillStock":0,"sku":"","stock":9999,"value1":"默认","value2":"特辣","volume":0.0,"weight":0.0}]}', '2026-05-08 17:44:49');
INSERT INTO yshop_store_product_attr_value (id, product_id, sku, stock, sales, price, image, `unique`, cost, bar_code, ot_price, weight, volume, brokerage, brokerage_two, pink_price, pink_stock, seckill_price, seckill_stock, integral) VALUES (820212, 30054, '不辣,默认', 9999, 0, 2.00, @placeholder_img, '629c0506942b34e9f8dd2e20ab34d2c0', 2.00, '', 2.00, 0.00, 0.00, 0.00, 0.00, 0.00, 0, 0.00, 0, 0);
INSERT INTO yshop_store_product_attr_value (id, product_id, sku, stock, sales, price, image, `unique`, cost, bar_code, ot_price, weight, volume, brokerage, brokerage_two, pink_price, pink_stock, seckill_price, seckill_stock, integral) VALUES (820213, 30054, '默认,微辣', 9999, 0, 2.00, @placeholder_img, 'c10697ba7552678cd3d2087cee5fad39', 2.00, '', 2.00, 0.00, 0.00, 0.00, 0.00, 0.00, 0, 0.00, 0, 0);
INSERT INTO yshop_store_product_attr_value (id, product_id, sku, stock, sales, price, image, `unique`, cost, bar_code, ot_price, weight, volume, brokerage, brokerage_two, pink_price, pink_stock, seckill_price, seckill_stock, integral) VALUES (820214, 30054, '默认,中辣', 9999, 0, 2.00, @placeholder_img, 'e9a8bf2a2e45db21aaabb7b07a07ffa7', 2.00, '', 2.00, 0.00, 0.00, 0.00, 0.00, 0.00, 0, 0.00, 0, 0);
INSERT INTO yshop_store_product_attr_value (id, product_id, sku, stock, sales, price, image, `unique`, cost, bar_code, ot_price, weight, volume, brokerage, brokerage_two, pink_price, pink_stock, seckill_price, seckill_stock, integral) VALUES (820215, 30054, '默认,特辣', 9999, 0, 2.00, @placeholder_img, '0d115ae7ec9567c80481e22b1dc81676', 2.00, '', 2.00, 0.00, 0.00, 0.00, 0.00, 0.00, 0, 0.00, 0, 0);
INSERT INTO yshop_store_product (id, shop_id, shop_name, image, slider_image, store_name, store_info, keyword, bar_code, brand_id, cate_id, price, vip_price, ot_price, postage, unit_name, sort, sales, stock, is_show, is_hot, is_benefit, is_best, is_new, description, creator, create_time, update_time, updater, is_postage, deleted, mer_use, give_integral, cost, is_seckill, is_bargain, is_good, ficti, browse, code_path, is_sub, temp_id, spec_type, is_integral, integral, tenant_id) VALUES (30055, @shop_id, '吉林小串', @placeholder_img, @placeholder_img, '西葫芦', '西葫芦', '西葫芦', '', NULL, '9005', 2.00, 0.00, 2.00, 0.00, '串', 17, 0, 9999, 1, 0, 0, 0, 0, '<p>西葫芦</p>', '1', '2026-05-08 17:44:49', '2026-05-08 17:44:49', '1', 0, b'0', 0, NULL, 2.00, 0, NULL, 0, 100, 0, '', 0, 0, 1, 0, 0, @tenant_id);
INSERT INTO yshop_store_product_attr (id, product_id, attr_name, attr_values) VALUES (800108, 30055, '规格', '默认');
INSERT INTO yshop_store_product_attr (id, product_id, attr_name, attr_values) VALUES (800109, 30055, '辣度', '不辣,微辣,中辣,特辣');
INSERT INTO yshop_store_product_attr_result (id, product_id, result, change_time) VALUES (810054, 30055, '{"attr":[{"attrHidden":"","detail":["默认"],"detailValue":"","value":"规格"},{"attrHidden":"","detail":["不辣","微辣","中辣","特辣"],"detailValue":"","value":"辣度"}],"value":[{"barCode":"","brokerage":0.0,"brokerageTwo":0.0,"cost":2.0,"detail":{"规格":"默认","辣度":"不辣"},"integral":0,"otPrice":2.0,"pic":"","pinkPrice":0.0,"pinkStock":0,"price":2.0,"seckillPrice":0.0,"seckillStock":0,"sku":"","stock":9999,"value1":"默认","value2":"不辣","volume":0.0,"weight":0.0},{"barCode":"","brokerage":0.0,"brokerageTwo":0.0,"cost":2.0,"detail":{"规格":"默认","辣度":"微辣"},"integral":0,"otPrice":2.0,"pic":"","pinkPrice":0.0,"pinkStock":0,"price":2.0,"seckillPrice":0.0,"seckillStock":0,"sku":"","stock":9999,"value1":"默认","value2":"微辣","volume":0.0,"weight":0.0},{"barCode":"","brokerage":0.0,"brokerageTwo":0.0,"cost":2.0,"detail":{"规格":"默认","辣度":"中辣"},"integral":0,"otPrice":2.0,"pic":"","pinkPrice":0.0,"pinkStock":0,"price":2.0,"seckillPrice":0.0,"seckillStock":0,"sku":"","stock":9999,"value1":"默认","value2":"中辣","volume":0.0,"weight":0.0},{"barCode":"","brokerage":0.0,"brokerageTwo":0.0,"cost":2.0,"detail":{"规格":"默认","辣度":"特辣"},"integral":0,"otPrice":2.0,"pic":"","pinkPrice":0.0,"pinkStock":0,"price":2.0,"seckillPrice":0.0,"seckillStock":0,"sku":"","stock":9999,"value1":"默认","value2":"特辣","volume":0.0,"weight":0.0}]}', '2026-05-08 17:44:49');
INSERT INTO yshop_store_product_attr_value (id, product_id, sku, stock, sales, price, image, `unique`, cost, bar_code, ot_price, weight, volume, brokerage, brokerage_two, pink_price, pink_stock, seckill_price, seckill_stock, integral) VALUES (820216, 30055, '不辣,默认', 9999, 0, 2.00, @placeholder_img, 'a71838f680fdc08da3004d549402b918', 2.00, '', 2.00, 0.00, 0.00, 0.00, 0.00, 0.00, 0, 0.00, 0, 0);
INSERT INTO yshop_store_product_attr_value (id, product_id, sku, stock, sales, price, image, `unique`, cost, bar_code, ot_price, weight, volume, brokerage, brokerage_two, pink_price, pink_stock, seckill_price, seckill_stock, integral) VALUES (820217, 30055, '默认,微辣', 9999, 0, 2.00, @placeholder_img, '753f80a78eabbc2bc27238410217f958', 2.00, '', 2.00, 0.00, 0.00, 0.00, 0.00, 0.00, 0, 0.00, 0, 0);
INSERT INTO yshop_store_product_attr_value (id, product_id, sku, stock, sales, price, image, `unique`, cost, bar_code, ot_price, weight, volume, brokerage, brokerage_two, pink_price, pink_stock, seckill_price, seckill_stock, integral) VALUES (820218, 30055, '默认,中辣', 9999, 0, 2.00, @placeholder_img, 'b7f51cd86d639dd1b82347cf59c22158', 2.00, '', 2.00, 0.00, 0.00, 0.00, 0.00, 0.00, 0, 0.00, 0, 0);
INSERT INTO yshop_store_product_attr_value (id, product_id, sku, stock, sales, price, image, `unique`, cost, bar_code, ot_price, weight, volume, brokerage, brokerage_two, pink_price, pink_stock, seckill_price, seckill_stock, integral) VALUES (820219, 30055, '默认,特辣', 9999, 0, 2.00, @placeholder_img, 'b7a5ccdcd94e132721f3a1d7a085e4aa', 2.00, '', 2.00, 0.00, 0.00, 0.00, 0.00, 0.00, 0, 0.00, 0, 0);
INSERT INTO yshop_store_product (id, shop_id, shop_name, image, slider_image, store_name, store_info, keyword, bar_code, brand_id, cate_id, price, vip_price, ot_price, postage, unit_name, sort, sales, stock, is_show, is_hot, is_benefit, is_best, is_new, description, creator, create_time, update_time, updater, is_postage, deleted, mer_use, give_integral, cost, is_seckill, is_bargain, is_good, ficti, browse, code_path, is_sub, temp_id, spec_type, is_integral, integral, tenant_id) VALUES (30056, @shop_id, '吉林小串', @placeholder_img, @placeholder_img, '蒜薹', '蒜薹', '蒜薹', '', NULL, '9005', 3.00, 0.00, 3.00, 0.00, '串', 18, 0, 9999, 1, 0, 0, 0, 0, '<p>蒜薹</p>', '1', '2026-05-08 17:44:49', '2026-05-08 17:44:49', '1', 0, b'0', 0, NULL, 3.00, 0, NULL, 0, 100, 0, '', 0, 0, 1, 0, 0, @tenant_id);
INSERT INTO yshop_store_product_attr (id, product_id, attr_name, attr_values) VALUES (800110, 30056, '规格', '默认');
INSERT INTO yshop_store_product_attr (id, product_id, attr_name, attr_values) VALUES (800111, 30056, '辣度', '不辣,微辣,中辣,特辣');
INSERT INTO yshop_store_product_attr_result (id, product_id, result, change_time) VALUES (810055, 30056, '{"attr":[{"attrHidden":"","detail":["默认"],"detailValue":"","value":"规格"},{"attrHidden":"","detail":["不辣","微辣","中辣","特辣"],"detailValue":"","value":"辣度"}],"value":[{"barCode":"","brokerage":0.0,"brokerageTwo":0.0,"cost":3.0,"detail":{"规格":"默认","辣度":"不辣"},"integral":0,"otPrice":3.0,"pic":"","pinkPrice":0.0,"pinkStock":0,"price":3.0,"seckillPrice":0.0,"seckillStock":0,"sku":"","stock":9999,"value1":"默认","value2":"不辣","volume":0.0,"weight":0.0},{"barCode":"","brokerage":0.0,"brokerageTwo":0.0,"cost":3.0,"detail":{"规格":"默认","辣度":"微辣"},"integral":0,"otPrice":3.0,"pic":"","pinkPrice":0.0,"pinkStock":0,"price":3.0,"seckillPrice":0.0,"seckillStock":0,"sku":"","stock":9999,"value1":"默认","value2":"微辣","volume":0.0,"weight":0.0},{"barCode":"","brokerage":0.0,"brokerageTwo":0.0,"cost":3.0,"detail":{"规格":"默认","辣度":"中辣"},"integral":0,"otPrice":3.0,"pic":"","pinkPrice":0.0,"pinkStock":0,"price":3.0,"seckillPrice":0.0,"seckillStock":0,"sku":"","stock":9999,"value1":"默认","value2":"中辣","volume":0.0,"weight":0.0},{"barCode":"","brokerage":0.0,"brokerageTwo":0.0,"cost":3.0,"detail":{"规格":"默认","辣度":"特辣"},"integral":0,"otPrice":3.0,"pic":"","pinkPrice":0.0,"pinkStock":0,"price":3.0,"seckillPrice":0.0,"seckillStock":0,"sku":"","stock":9999,"value1":"默认","value2":"特辣","volume":0.0,"weight":0.0}]}', '2026-05-08 17:44:49');
INSERT INTO yshop_store_product_attr_value (id, product_id, sku, stock, sales, price, image, `unique`, cost, bar_code, ot_price, weight, volume, brokerage, brokerage_two, pink_price, pink_stock, seckill_price, seckill_stock, integral) VALUES (820220, 30056, '不辣,默认', 9999, 0, 3.00, @placeholder_img, 'e297d7e6aad1bb92d73b980df8115a69', 3.00, '', 3.00, 0.00, 0.00, 0.00, 0.00, 0.00, 0, 0.00, 0, 0);
INSERT INTO yshop_store_product_attr_value (id, product_id, sku, stock, sales, price, image, `unique`, cost, bar_code, ot_price, weight, volume, brokerage, brokerage_two, pink_price, pink_stock, seckill_price, seckill_stock, integral) VALUES (820221, 30056, '默认,微辣', 9999, 0, 3.00, @placeholder_img, 'cc4a678e9f16b6f64d4b553566920dd6', 3.00, '', 3.00, 0.00, 0.00, 0.00, 0.00, 0.00, 0, 0.00, 0, 0);
INSERT INTO yshop_store_product_attr_value (id, product_id, sku, stock, sales, price, image, `unique`, cost, bar_code, ot_price, weight, volume, brokerage, brokerage_two, pink_price, pink_stock, seckill_price, seckill_stock, integral) VALUES (820222, 30056, '默认,中辣', 9999, 0, 3.00, @placeholder_img, '7361c049ebd28ace98a80c4430e25ca2', 3.00, '', 3.00, 0.00, 0.00, 0.00, 0.00, 0.00, 0, 0.00, 0, 0);
INSERT INTO yshop_store_product_attr_value (id, product_id, sku, stock, sales, price, image, `unique`, cost, bar_code, ot_price, weight, volume, brokerage, brokerage_two, pink_price, pink_stock, seckill_price, seckill_stock, integral) VALUES (820223, 30056, '默认,特辣', 9999, 0, 3.00, @placeholder_img, 'd55507017749ec56dbe5fa8bb5ea8e55', 3.00, '', 3.00, 0.00, 0.00, 0.00, 0.00, 0.00, 0, 0.00, 0, 0);
INSERT INTO yshop_store_product (id, shop_id, shop_name, image, slider_image, store_name, store_info, keyword, bar_code, brand_id, cate_id, price, vip_price, ot_price, postage, unit_name, sort, sales, stock, is_show, is_hot, is_benefit, is_best, is_new, description, creator, create_time, update_time, updater, is_postage, deleted, mer_use, give_integral, cost, is_seckill, is_bargain, is_good, ficti, browse, code_path, is_sub, temp_id, spec_type, is_integral, integral, tenant_id) VALUES (30057, @shop_id, '吉林小串', @placeholder_img, @placeholder_img, '烤茄子', '烤茄子', '烤茄子', '', NULL, '9005', 18.00, 0.00, 18.00, 0.00, '串', 19, 0, 9999, 1, 0, 0, 0, 0, '<p>可加粉丝</p>', '1', '2026-05-08 17:44:49', '2026-05-08 17:44:49', '1', 0, b'0', 0, NULL, 18.00, 0, NULL, 0, 100, 0, '', 0, 0, 1, 0, 0, @tenant_id);
INSERT INTO yshop_store_product_attr (id, product_id, attr_name, attr_values) VALUES (800112, 30057, '规格', '默认');
INSERT INTO yshop_store_product_attr (id, product_id, attr_name, attr_values) VALUES (800113, 30057, '辣度', '不辣,微辣,中辣,特辣');
INSERT INTO yshop_store_product_attr_result (id, product_id, result, change_time) VALUES (810056, 30057, '{"attr":[{"attrHidden":"","detail":["默认"],"detailValue":"","value":"规格"},{"attrHidden":"","detail":["不辣","微辣","中辣","特辣"],"detailValue":"","value":"辣度"}],"value":[{"barCode":"","brokerage":0.0,"brokerageTwo":0.0,"cost":18.0,"detail":{"规格":"默认","辣度":"不辣"},"integral":0,"otPrice":18.0,"pic":"","pinkPrice":0.0,"pinkStock":0,"price":18.0,"seckillPrice":0.0,"seckillStock":0,"sku":"","stock":9999,"value1":"默认","value2":"不辣","volume":0.0,"weight":0.0},{"barCode":"","brokerage":0.0,"brokerageTwo":0.0,"cost":18.0,"detail":{"规格":"默认","辣度":"微辣"},"integral":0,"otPrice":18.0,"pic":"","pinkPrice":0.0,"pinkStock":0,"price":18.0,"seckillPrice":0.0,"seckillStock":0,"sku":"","stock":9999,"value1":"默认","value2":"微辣","volume":0.0,"weight":0.0},{"barCode":"","brokerage":0.0,"brokerageTwo":0.0,"cost":18.0,"detail":{"规格":"默认","辣度":"中辣"},"integral":0,"otPrice":18.0,"pic":"","pinkPrice":0.0,"pinkStock":0,"price":18.0,"seckillPrice":0.0,"seckillStock":0,"sku":"","stock":9999,"value1":"默认","value2":"中辣","volume":0.0,"weight":0.0},{"barCode":"","brokerage":0.0,"brokerageTwo":0.0,"cost":18.0,"detail":{"规格":"默认","辣度":"特辣"},"integral":0,"otPrice":18.0,"pic":"","pinkPrice":0.0,"pinkStock":0,"price":18.0,"seckillPrice":0.0,"seckillStock":0,"sku":"","stock":9999,"value1":"默认","value2":"特辣","volume":0.0,"weight":0.0}]}', '2026-05-08 17:44:49');
INSERT INTO yshop_store_product_attr_value (id, product_id, sku, stock, sales, price, image, `unique`, cost, bar_code, ot_price, weight, volume, brokerage, brokerage_two, pink_price, pink_stock, seckill_price, seckill_stock, integral) VALUES (820224, 30057, '不辣,默认', 9999, 0, 18.00, @placeholder_img, '8917b69eda1dbdf592e467a899258a5f', 18.00, '', 18.00, 0.00, 0.00, 0.00, 0.00, 0.00, 0, 0.00, 0, 0);
INSERT INTO yshop_store_product_attr_value (id, product_id, sku, stock, sales, price, image, `unique`, cost, bar_code, ot_price, weight, volume, brokerage, brokerage_two, pink_price, pink_stock, seckill_price, seckill_stock, integral) VALUES (820225, 30057, '默认,微辣', 9999, 0, 18.00, @placeholder_img, '6cfd0b7dd60e391495518a5ea4436a18', 18.00, '', 18.00, 0.00, 0.00, 0.00, 0.00, 0.00, 0, 0.00, 0, 0);
INSERT INTO yshop_store_product_attr_value (id, product_id, sku, stock, sales, price, image, `unique`, cost, bar_code, ot_price, weight, volume, brokerage, brokerage_two, pink_price, pink_stock, seckill_price, seckill_stock, integral) VALUES (820226, 30057, '默认,中辣', 9999, 0, 18.00, @placeholder_img, '92576e3f7455e16a66152e7f4889a24a', 18.00, '', 18.00, 0.00, 0.00, 0.00, 0.00, 0.00, 0, 0.00, 0, 0);
INSERT INTO yshop_store_product_attr_value (id, product_id, sku, stock, sales, price, image, `unique`, cost, bar_code, ot_price, weight, volume, brokerage, brokerage_two, pink_price, pink_stock, seckill_price, seckill_stock, integral) VALUES (820227, 30057, '默认,特辣', 9999, 0, 18.00, @placeholder_img, '8e1f246760771ced96845b4d9f82f106', 18.00, '', 18.00, 0.00, 0.00, 0.00, 0.00, 0.00, 0, 0.00, 0, 0);
INSERT INTO yshop_store_product (id, shop_id, shop_name, image, slider_image, store_name, store_info, keyword, bar_code, brand_id, cate_id, price, vip_price, ot_price, postage, unit_name, sort, sales, stock, is_show, is_hot, is_benefit, is_best, is_new, description, creator, create_time, update_time, updater, is_postage, deleted, mer_use, give_integral, cost, is_seckill, is_bargain, is_good, ficti, browse, code_path, is_sub, temp_id, spec_type, is_integral, integral, tenant_id) VALUES (30058, @shop_id, '吉林小串', @placeholder_img, @placeholder_img, '凉拌面（方便面）', '凉拌面（方便面）', '凉拌面（方便面）', '', NULL, '9006', 10.00, 0.00, 10.00, 0.00, '份', 1, 0, 9999, 1, 0, 0, 0, 0, '<p>凉拌面（方便面）</p>', '1', '2026-05-08 17:44:49', '2026-05-08 17:44:49', '1', 0, b'0', 0, NULL, 10.00, 0, NULL, 0, 100, 0, '', 0, 0, 0, 0, 0, @tenant_id);
INSERT INTO yshop_store_product_attr (id, product_id, attr_name, attr_values) VALUES (800114, 30058, '规格', '默认');
INSERT INTO yshop_store_product_attr_result (id, product_id, result, change_time) VALUES (810057, 30058, '{"attr":[{"attrHidden":"","detail":["默认"],"detailValue":"","value":"规格"}],"value":[{"barCode":"","brokerage":0.0,"brokerageTwo":0.0,"cost":10.0,"detail":{"规格":"默认"},"integral":0,"otPrice":10.0,"pic":"","pinkPrice":0.0,"pinkStock":0,"price":10.0,"seckillPrice":0.0,"seckillStock":0,"sku":"","stock":9999,"value1":"规格","value2":"","volume":0.0,"weight":0.0}]}', '2026-05-08 17:44:49');
INSERT INTO yshop_store_product_attr_value (id, product_id, sku, stock, sales, price, image, `unique`, cost, bar_code, ot_price, weight, volume, brokerage, brokerage_two, pink_price, pink_stock, seckill_price, seckill_stock, integral) VALUES (820228, 30058, '默认', 9999, 0, 10.00, @placeholder_img, '73f3802c96c91d6115a4a5b576213f08', 10.00, '', 10.00, 0.00, 0.00, 0.00, 0.00, 0.00, 0, 0.00, 0, 0);
INSERT INTO yshop_store_product (id, shop_id, shop_name, image, slider_image, store_name, store_info, keyword, bar_code, brand_id, cate_id, price, vip_price, ot_price, postage, unit_name, sort, sales, stock, is_show, is_hot, is_benefit, is_best, is_new, description, creator, create_time, update_time, updater, is_postage, deleted, mer_use, give_integral, cost, is_seckill, is_bargain, is_good, ficti, browse, code_path, is_sub, temp_id, spec_type, is_integral, integral, tenant_id) VALUES (30059, @shop_id, '吉林小串', @placeholder_img, @placeholder_img, '炒面', '炒面', '炒面', '', NULL, '9006', 11.00, 0.00, 11.00, 0.00, '份', 2, 0, 9999, 1, 0, 0, 0, 0, '<p>默认加蛋；加淀粉肠+2元；加王中王+5元</p>', '1', '2026-05-08 17:44:49', '2026-05-08 17:44:49', '1', 0, b'0', 0, NULL, 11.00, 0, NULL, 0, 100, 0, '', 0, 0, 0, 0, 0, @tenant_id);
INSERT INTO yshop_store_product_attr (id, product_id, attr_name, attr_values) VALUES (800115, 30059, '规格', '默认');
INSERT INTO yshop_store_product_attr_result (id, product_id, result, change_time) VALUES (810058, 30059, '{"attr":[{"attrHidden":"","detail":["默认"],"detailValue":"","value":"规格"}],"value":[{"barCode":"","brokerage":0.0,"brokerageTwo":0.0,"cost":11.0,"detail":{"规格":"默认"},"integral":0,"otPrice":11.0,"pic":"","pinkPrice":0.0,"pinkStock":0,"price":11.0,"seckillPrice":0.0,"seckillStock":0,"sku":"","stock":9999,"value1":"规格","value2":"","volume":0.0,"weight":0.0}]}', '2026-05-08 17:44:49');
INSERT INTO yshop_store_product_attr_value (id, product_id, sku, stock, sales, price, image, `unique`, cost, bar_code, ot_price, weight, volume, brokerage, brokerage_two, pink_price, pink_stock, seckill_price, seckill_stock, integral) VALUES (820229, 30059, '默认', 9999, 0, 11.00, @placeholder_img, '404950a409f2f6ac54ab24c24f95e311', 11.00, '', 11.00, 0.00, 0.00, 0.00, 0.00, 0.00, 0, 0.00, 0, 0);
INSERT INTO yshop_store_product (id, shop_id, shop_name, image, slider_image, store_name, store_info, keyword, bar_code, brand_id, cate_id, price, vip_price, ot_price, postage, unit_name, sort, sales, stock, is_show, is_hot, is_benefit, is_best, is_new, description, creator, create_time, update_time, updater, is_postage, deleted, mer_use, give_integral, cost, is_seckill, is_bargain, is_good, ficti, browse, code_path, is_sub, temp_id, spec_type, is_integral, integral, tenant_id) VALUES (30060, @shop_id, '吉林小串', @placeholder_img, @placeholder_img, '拍黄瓜', '拍黄瓜', '拍黄瓜', '', NULL, '9006', 12.00, 0.00, 12.00, 0.00, '份', 3, 0, 9999, 1, 0, 0, 0, 0, '<p>拍黄瓜</p>', '1', '2026-05-08 17:44:49', '2026-05-08 17:44:49', '1', 0, b'0', 0, NULL, 12.00, 0, NULL, 0, 100, 0, '', 0, 0, 0, 0, 0, @tenant_id);
INSERT INTO yshop_store_product_attr (id, product_id, attr_name, attr_values) VALUES (800116, 30060, '规格', '默认');
INSERT INTO yshop_store_product_attr_result (id, product_id, result, change_time) VALUES (810059, 30060, '{"attr":[{"attrHidden":"","detail":["默认"],"detailValue":"","value":"规格"}],"value":[{"barCode":"","brokerage":0.0,"brokerageTwo":0.0,"cost":12.0,"detail":{"规格":"默认"},"integral":0,"otPrice":12.0,"pic":"","pinkPrice":0.0,"pinkStock":0,"price":12.0,"seckillPrice":0.0,"seckillStock":0,"sku":"","stock":9999,"value1":"规格","value2":"","volume":0.0,"weight":0.0}]}', '2026-05-08 17:44:49');
INSERT INTO yshop_store_product_attr_value (id, product_id, sku, stock, sales, price, image, `unique`, cost, bar_code, ot_price, weight, volume, brokerage, brokerage_two, pink_price, pink_stock, seckill_price, seckill_stock, integral) VALUES (820230, 30060, '默认', 9999, 0, 12.00, @placeholder_img, '5ab9aa99a8a2c8cfcb9cb49fc6222b89', 12.00, '', 12.00, 0.00, 0.00, 0.00, 0.00, 0.00, 0, 0.00, 0, 0);
INSERT INTO yshop_store_product (id, shop_id, shop_name, image, slider_image, store_name, store_info, keyword, bar_code, brand_id, cate_id, price, vip_price, ot_price, postage, unit_name, sort, sales, stock, is_show, is_hot, is_benefit, is_best, is_new, description, creator, create_time, update_time, updater, is_postage, deleted, mer_use, give_integral, cost, is_seckill, is_bargain, is_good, ficti, browse, code_path, is_sub, temp_id, spec_type, is_integral, integral, tenant_id) VALUES (30061, @shop_id, '吉林小串', @placeholder_img, @placeholder_img, '皮蛋豆腐', '皮蛋豆腐', '皮蛋豆腐', '', NULL, '9006', 12.00, 0.00, 12.00, 0.00, '份', 4, 0, 9999, 1, 0, 0, 0, 0, '<p>皮蛋豆腐</p>', '1', '2026-05-08 17:44:49', '2026-05-08 17:44:49', '1', 0, b'0', 0, NULL, 12.00, 0, NULL, 0, 100, 0, '', 0, 0, 0, 0, 0, @tenant_id);
INSERT INTO yshop_store_product_attr (id, product_id, attr_name, attr_values) VALUES (800117, 30061, '规格', '默认');
INSERT INTO yshop_store_product_attr_result (id, product_id, result, change_time) VALUES (810060, 30061, '{"attr":[{"attrHidden":"","detail":["默认"],"detailValue":"","value":"规格"}],"value":[{"barCode":"","brokerage":0.0,"brokerageTwo":0.0,"cost":12.0,"detail":{"规格":"默认"},"integral":0,"otPrice":12.0,"pic":"","pinkPrice":0.0,"pinkStock":0,"price":12.0,"seckillPrice":0.0,"seckillStock":0,"sku":"","stock":9999,"value1":"规格","value2":"","volume":0.0,"weight":0.0}]}', '2026-05-08 17:44:49');
INSERT INTO yshop_store_product_attr_value (id, product_id, sku, stock, sales, price, image, `unique`, cost, bar_code, ot_price, weight, volume, brokerage, brokerage_two, pink_price, pink_stock, seckill_price, seckill_stock, integral) VALUES (820231, 30061, '默认', 9999, 0, 12.00, @placeholder_img, '655a2171d650f3e4d74c79e3e5cb02e0', 12.00, '', 12.00, 0.00, 0.00, 0.00, 0.00, 0.00, 0, 0.00, 0, 0);
INSERT INTO yshop_store_product (id, shop_id, shop_name, image, slider_image, store_name, store_info, keyword, bar_code, brand_id, cate_id, price, vip_price, ot_price, postage, unit_name, sort, sales, stock, is_show, is_hot, is_benefit, is_best, is_new, description, creator, create_time, update_time, updater, is_postage, deleted, mer_use, give_integral, cost, is_seckill, is_bargain, is_good, ficti, browse, code_path, is_sub, temp_id, spec_type, is_integral, integral, tenant_id) VALUES (30062, @shop_id, '吉林小串', @placeholder_img, @placeholder_img, '油炸花生米', '油炸花生米', '油炸花生米', '', NULL, '9006', 8.00, 0.00, 8.00, 0.00, '份', 5, 0, 9999, 1, 0, 0, 0, 0, '<p>油炸花生米</p>', '1', '2026-05-08 17:44:49', '2026-05-08 17:44:49', '1', 0, b'0', 0, NULL, 8.00, 0, NULL, 0, 100, 0, '', 0, 0, 0, 0, 0, @tenant_id);
INSERT INTO yshop_store_product_attr (id, product_id, attr_name, attr_values) VALUES (800118, 30062, '规格', '默认');
INSERT INTO yshop_store_product_attr_result (id, product_id, result, change_time) VALUES (810061, 30062, '{"attr":[{"attrHidden":"","detail":["默认"],"detailValue":"","value":"规格"}],"value":[{"barCode":"","brokerage":0.0,"brokerageTwo":0.0,"cost":8.0,"detail":{"规格":"默认"},"integral":0,"otPrice":8.0,"pic":"","pinkPrice":0.0,"pinkStock":0,"price":8.0,"seckillPrice":0.0,"seckillStock":0,"sku":"","stock":9999,"value1":"规格","value2":"","volume":0.0,"weight":0.0}]}', '2026-05-08 17:44:49');
INSERT INTO yshop_store_product_attr_value (id, product_id, sku, stock, sales, price, image, `unique`, cost, bar_code, ot_price, weight, volume, brokerage, brokerage_two, pink_price, pink_stock, seckill_price, seckill_stock, integral) VALUES (820232, 30062, '默认', 9999, 0, 8.00, @placeholder_img, 'b00df2d3ed3293a0aadf51756617aa18', 8.00, '', 8.00, 0.00, 0.00, 0.00, 0.00, 0.00, 0, 0.00, 0, 0);
INSERT INTO yshop_store_product (id, shop_id, shop_name, image, slider_image, store_name, store_info, keyword, bar_code, brand_id, cate_id, price, vip_price, ot_price, postage, unit_name, sort, sales, stock, is_show, is_hot, is_benefit, is_best, is_new, description, creator, create_time, update_time, updater, is_postage, deleted, mer_use, give_integral, cost, is_seckill, is_bargain, is_good, ficti, browse, code_path, is_sub, temp_id, spec_type, is_integral, integral, tenant_id) VALUES (30063, @shop_id, '吉林小串', @placeholder_img, @placeholder_img, '水煮花生', '水煮花生', '水煮花生', '', NULL, '9006', 10.00, 0.00, 10.00, 0.00, '份', 6, 0, 9999, 1, 0, 0, 0, 0, '<p>水煮花生</p>', '1', '2026-05-08 17:44:49', '2026-05-08 17:44:49', '1', 0, b'0', 0, NULL, 10.00, 0, NULL, 0, 100, 0, '', 0, 0, 0, 0, 0, @tenant_id);
INSERT INTO yshop_store_product_attr (id, product_id, attr_name, attr_values) VALUES (800119, 30063, '规格', '默认');
INSERT INTO yshop_store_product_attr_result (id, product_id, result, change_time) VALUES (810062, 30063, '{"attr":[{"attrHidden":"","detail":["默认"],"detailValue":"","value":"规格"}],"value":[{"barCode":"","brokerage":0.0,"brokerageTwo":0.0,"cost":10.0,"detail":{"规格":"默认"},"integral":0,"otPrice":10.0,"pic":"","pinkPrice":0.0,"pinkStock":0,"price":10.0,"seckillPrice":0.0,"seckillStock":0,"sku":"","stock":9999,"value1":"规格","value2":"","volume":0.0,"weight":0.0}]}', '2026-05-08 17:44:49');
INSERT INTO yshop_store_product_attr_value (id, product_id, sku, stock, sales, price, image, `unique`, cost, bar_code, ot_price, weight, volume, brokerage, brokerage_two, pink_price, pink_stock, seckill_price, seckill_stock, integral) VALUES (820233, 30063, '默认', 9999, 0, 10.00, @placeholder_img, '200e8f8fcf9f8aa922d6a5baf76e767e', 10.00, '', 10.00, 0.00, 0.00, 0.00, 0.00, 0.00, 0, 0.00, 0, 0);
INSERT INTO yshop_store_product (id, shop_id, shop_name, image, slider_image, store_name, store_info, keyword, bar_code, brand_id, cate_id, price, vip_price, ot_price, postage, unit_name, sort, sales, stock, is_show, is_hot, is_benefit, is_best, is_new, description, creator, create_time, update_time, updater, is_postage, deleted, mer_use, give_integral, cost, is_seckill, is_bargain, is_good, ficti, browse, code_path, is_sub, temp_id, spec_type, is_integral, integral, tenant_id) VALUES (30064, @shop_id, '吉林小串', @placeholder_img, @placeholder_img, '锡纸金针菇', '锡纸金针菇', '锡纸金针菇', '', NULL, '9007', 10.00, 0.00, 10.00, 0.00, '份', 1, 0, 9999, 1, 0, 0, 0, 0, '<p>锡纸金针菇</p>', '1', '2026-05-08 17:44:49', '2026-05-08 17:44:49', '1', 0, b'0', 0, NULL, 10.00, 0, NULL, 0, 100, 0, '', 0, 0, 0, 0, 0, @tenant_id);
INSERT INTO yshop_store_product_attr (id, product_id, attr_name, attr_values) VALUES (800120, 30064, '规格', '默认');
INSERT INTO yshop_store_product_attr_result (id, product_id, result, change_time) VALUES (810063, 30064, '{"attr":[{"attrHidden":"","detail":["默认"],"detailValue":"","value":"规格"}],"value":[{"barCode":"","brokerage":0.0,"brokerageTwo":0.0,"cost":10.0,"detail":{"规格":"默认"},"integral":0,"otPrice":10.0,"pic":"","pinkPrice":0.0,"pinkStock":0,"price":10.0,"seckillPrice":0.0,"seckillStock":0,"sku":"","stock":9999,"value1":"规格","value2":"","volume":0.0,"weight":0.0}]}', '2026-05-08 17:44:49');
INSERT INTO yshop_store_product_attr_value (id, product_id, sku, stock, sales, price, image, `unique`, cost, bar_code, ot_price, weight, volume, brokerage, brokerage_two, pink_price, pink_stock, seckill_price, seckill_stock, integral) VALUES (820234, 30064, '默认', 9999, 0, 10.00, @placeholder_img, 'b90824ff6271204809f0d74fe0f0b021', 10.00, '', 10.00, 0.00, 0.00, 0.00, 0.00, 0.00, 0, 0.00, 0, 0);
INSERT INTO yshop_store_product (id, shop_id, shop_name, image, slider_image, store_name, store_info, keyword, bar_code, brand_id, cate_id, price, vip_price, ot_price, postage, unit_name, sort, sales, stock, is_show, is_hot, is_benefit, is_best, is_new, description, creator, create_time, update_time, updater, is_postage, deleted, mer_use, give_integral, cost, is_seckill, is_bargain, is_good, ficti, browse, code_path, is_sub, temp_id, spec_type, is_integral, integral, tenant_id) VALUES (30065, @shop_id, '吉林小串', @placeholder_img, @placeholder_img, '锡纸娃娃菜', '锡纸娃娃菜', '锡纸娃娃菜', '', NULL, '9007', 10.00, 0.00, 10.00, 0.00, '份', 2, 0, 9999, 1, 0, 0, 0, 0, '<p>锡纸娃娃菜</p>', '1', '2026-05-08 17:44:49', '2026-05-08 17:44:49', '1', 0, b'0', 0, NULL, 10.00, 0, NULL, 0, 100, 0, '', 0, 0, 0, 0, 0, @tenant_id);
INSERT INTO yshop_store_product_attr (id, product_id, attr_name, attr_values) VALUES (800121, 30065, '规格', '默认');
INSERT INTO yshop_store_product_attr_result (id, product_id, result, change_time) VALUES (810064, 30065, '{"attr":[{"attrHidden":"","detail":["默认"],"detailValue":"","value":"规格"}],"value":[{"barCode":"","brokerage":0.0,"brokerageTwo":0.0,"cost":10.0,"detail":{"规格":"默认"},"integral":0,"otPrice":10.0,"pic":"","pinkPrice":0.0,"pinkStock":0,"price":10.0,"seckillPrice":0.0,"seckillStock":0,"sku":"","stock":9999,"value1":"规格","value2":"","volume":0.0,"weight":0.0}]}', '2026-05-08 17:44:49');
INSERT INTO yshop_store_product_attr_value (id, product_id, sku, stock, sales, price, image, `unique`, cost, bar_code, ot_price, weight, volume, brokerage, brokerage_two, pink_price, pink_stock, seckill_price, seckill_stock, integral) VALUES (820235, 30065, '默认', 9999, 0, 10.00, @placeholder_img, '1fa21e5411a42cd37ab618acedccd3ac', 10.00, '', 10.00, 0.00, 0.00, 0.00, 0.00, 0.00, 0, 0.00, 0, 0);
INSERT INTO yshop_store_product (id, shop_id, shop_name, image, slider_image, store_name, store_info, keyword, bar_code, brand_id, cate_id, price, vip_price, ot_price, postage, unit_name, sort, sales, stock, is_show, is_hot, is_benefit, is_best, is_new, description, creator, create_time, update_time, updater, is_postage, deleted, mer_use, give_integral, cost, is_seckill, is_bargain, is_good, ficti, browse, code_path, is_sub, temp_id, spec_type, is_integral, integral, tenant_id) VALUES (30066, @shop_id, '吉林小串', @placeholder_img, @placeholder_img, '锡纸鸭血', '锡纸鸭血', '锡纸鸭血', '', NULL, '9007', 12.00, 0.00, 12.00, 0.00, '份', 3, 0, 9999, 1, 0, 0, 0, 0, '<p>锡纸鸭血</p>', '1', '2026-05-08 17:44:49', '2026-05-08 17:44:49', '1', 0, b'0', 0, NULL, 12.00, 0, NULL, 0, 100, 0, '', 0, 0, 0, 0, 0, @tenant_id);
INSERT INTO yshop_store_product_attr (id, product_id, attr_name, attr_values) VALUES (800122, 30066, '规格', '默认');
INSERT INTO yshop_store_product_attr_result (id, product_id, result, change_time) VALUES (810065, 30066, '{"attr":[{"attrHidden":"","detail":["默认"],"detailValue":"","value":"规格"}],"value":[{"barCode":"","brokerage":0.0,"brokerageTwo":0.0,"cost":12.0,"detail":{"规格":"默认"},"integral":0,"otPrice":12.0,"pic":"","pinkPrice":0.0,"pinkStock":0,"price":12.0,"seckillPrice":0.0,"seckillStock":0,"sku":"","stock":9999,"value1":"规格","value2":"","volume":0.0,"weight":0.0}]}', '2026-05-08 17:44:49');
INSERT INTO yshop_store_product_attr_value (id, product_id, sku, stock, sales, price, image, `unique`, cost, bar_code, ot_price, weight, volume, brokerage, brokerage_two, pink_price, pink_stock, seckill_price, seckill_stock, integral) VALUES (820236, 30066, '默认', 9999, 0, 12.00, @placeholder_img, '0c24abb0ebd0223a5d8e19e4ae48e29a', 12.00, '', 12.00, 0.00, 0.00, 0.00, 0.00, 0.00, 0, 0.00, 0, 0);
INSERT INTO yshop_store_product (id, shop_id, shop_name, image, slider_image, store_name, store_info, keyword, bar_code, brand_id, cate_id, price, vip_price, ot_price, postage, unit_name, sort, sales, stock, is_show, is_hot, is_benefit, is_best, is_new, description, creator, create_time, update_time, updater, is_postage, deleted, mer_use, give_integral, cost, is_seckill, is_bargain, is_good, ficti, browse, code_path, is_sub, temp_id, spec_type, is_integral, integral, tenant_id) VALUES (30067, @shop_id, '吉林小串', @placeholder_img, @placeholder_img, '锡纸方便面', '锡纸方便面', '锡纸方便面', '', NULL, '9007', 10.00, 0.00, 10.00, 0.00, '份', 4, 0, 9999, 1, 0, 0, 0, 0, '<p>锡纸方便面</p>', '1', '2026-05-08 17:44:49', '2026-05-08 17:44:49', '1', 0, b'0', 0, NULL, 10.00, 0, NULL, 0, 100, 0, '', 0, 0, 0, 0, 0, @tenant_id);
INSERT INTO yshop_store_product_attr (id, product_id, attr_name, attr_values) VALUES (800123, 30067, '规格', '默认');
INSERT INTO yshop_store_product_attr_result (id, product_id, result, change_time) VALUES (810066, 30067, '{"attr":[{"attrHidden":"","detail":["默认"],"detailValue":"","value":"规格"}],"value":[{"barCode":"","brokerage":0.0,"brokerageTwo":0.0,"cost":10.0,"detail":{"规格":"默认"},"integral":0,"otPrice":10.0,"pic":"","pinkPrice":0.0,"pinkStock":0,"price":10.0,"seckillPrice":0.0,"seckillStock":0,"sku":"","stock":9999,"value1":"规格","value2":"","volume":0.0,"weight":0.0}]}', '2026-05-08 17:44:49');
INSERT INTO yshop_store_product_attr_value (id, product_id, sku, stock, sales, price, image, `unique`, cost, bar_code, ot_price, weight, volume, brokerage, brokerage_two, pink_price, pink_stock, seckill_price, seckill_stock, integral) VALUES (820237, 30067, '默认', 9999, 0, 10.00, @placeholder_img, 'a02849e5ce3cee1c1e60133161dc9728', 10.00, '', 10.00, 0.00, 0.00, 0.00, 0.00, 0.00, 0, 0.00, 0, 0);
INSERT INTO yshop_store_product (id, shop_id, shop_name, image, slider_image, store_name, store_info, keyword, bar_code, brand_id, cate_id, price, vip_price, ot_price, postage, unit_name, sort, sales, stock, is_show, is_hot, is_benefit, is_best, is_new, description, creator, create_time, update_time, updater, is_postage, deleted, mer_use, give_integral, cost, is_seckill, is_bargain, is_good, ficti, browse, code_path, is_sub, temp_id, spec_type, is_integral, integral, tenant_id) VALUES (30068, @shop_id, '吉林小串', @placeholder_img, @placeholder_img, '小龙虾', '小龙虾', '小龙虾', '', NULL, '9008', 100.00, 0.00, 100.00, 0.00, '份', 1, 0, 9999, 1, 0, 0, 0, 0, '<p>口味：蒜蓉/十三香/香辣/麻辣；三斤足称。可加年糕/手擀面/方便面 +5/份。</p>', '1', '2026-05-08 17:44:49', '2026-05-08 17:44:49', '1', 0, b'0', 0, NULL, 100.00, 0, NULL, 0, 100, 0, '', 0, 0, 0, 0, 0, @tenant_id);
INSERT INTO yshop_store_product_attr (id, product_id, attr_name, attr_values) VALUES (800124, 30068, '规格', '默认');
INSERT INTO yshop_store_product_attr_result (id, product_id, result, change_time) VALUES (810067, 30068, '{"attr":[{"attrHidden":"","detail":["默认"],"detailValue":"","value":"规格"}],"value":[{"barCode":"","brokerage":0.0,"brokerageTwo":0.0,"cost":100.0,"detail":{"规格":"默认"},"integral":0,"otPrice":100.0,"pic":"","pinkPrice":0.0,"pinkStock":0,"price":100.0,"seckillPrice":0.0,"seckillStock":0,"sku":"","stock":9999,"value1":"规格","value2":"","volume":0.0,"weight":0.0}]}', '2026-05-08 17:44:49');
INSERT INTO yshop_store_product_attr_value (id, product_id, sku, stock, sales, price, image, `unique`, cost, bar_code, ot_price, weight, volume, brokerage, brokerage_two, pink_price, pink_stock, seckill_price, seckill_stock, integral) VALUES (820238, 30068, '默认', 9999, 0, 100.00, @placeholder_img, '46cc7c88f2e19d9c925771a71882a511', 100.00, '', 100.00, 0.00, 0.00, 0.00, 0.00, 0.00, 0, 0.00, 0, 0);
INSERT INTO yshop_store_product (id, shop_id, shop_name, image, slider_image, store_name, store_info, keyword, bar_code, brand_id, cate_id, price, vip_price, ot_price, postage, unit_name, sort, sales, stock, is_show, is_hot, is_benefit, is_best, is_new, description, creator, create_time, update_time, updater, is_postage, deleted, mer_use, give_integral, cost, is_seckill, is_bargain, is_good, ficti, browse, code_path, is_sub, temp_id, spec_type, is_integral, integral, tenant_id) VALUES (30069, @shop_id, '吉林小串', @placeholder_img, @placeholder_img, '锡纸烤鱼（鲫鱼或鳊鱼）', '锡纸烤鱼（鲫鱼或鳊鱼）', '锡纸烤鱼（鲫鱼或鳊鱼）', '', NULL, '9009', 35.00, 0.00, 35.00, 0.00, '份', 1, 0, 9999, 1, 0, 0, 0, 0, '<p>锡纸烤鱼（鲫鱼或鳊鱼）</p>', '1', '2026-05-08 17:44:49', '2026-05-08 17:44:49', '1', 0, b'0', 0, NULL, 35.00, 0, NULL, 0, 100, 0, '', 0, 0, 0, 0, 0, @tenant_id);
INSERT INTO yshop_store_product_attr (id, product_id, attr_name, attr_values) VALUES (800125, 30069, '规格', '默认');
INSERT INTO yshop_store_product_attr_result (id, product_id, result, change_time) VALUES (810068, 30069, '{"attr":[{"attrHidden":"","detail":["默认"],"detailValue":"","value":"规格"}],"value":[{"barCode":"","brokerage":0.0,"brokerageTwo":0.0,"cost":35.0,"detail":{"规格":"默认"},"integral":0,"otPrice":35.0,"pic":"","pinkPrice":0.0,"pinkStock":0,"price":35.0,"seckillPrice":0.0,"seckillStock":0,"sku":"","stock":9999,"value1":"规格","value2":"","volume":0.0,"weight":0.0}]}', '2026-05-08 17:44:49');
INSERT INTO yshop_store_product_attr_value (id, product_id, sku, stock, sales, price, image, `unique`, cost, bar_code, ot_price, weight, volume, brokerage, brokerage_two, pink_price, pink_stock, seckill_price, seckill_stock, integral) VALUES (820239, 30069, '默认', 9999, 0, 35.00, @placeholder_img, '958172c83275c5a95172553f81ae496c', 35.00, '', 35.00, 0.00, 0.00, 0.00, 0.00, 0.00, 0, 0.00, 0, 0);
INSERT INTO yshop_store_product (id, shop_id, shop_name, image, slider_image, store_name, store_info, keyword, bar_code, brand_id, cate_id, price, vip_price, ot_price, postage, unit_name, sort, sales, stock, is_show, is_hot, is_benefit, is_best, is_new, description, creator, create_time, update_time, updater, is_postage, deleted, mer_use, give_integral, cost, is_seckill, is_bargain, is_good, ficti, browse, code_path, is_sub, temp_id, spec_type, is_integral, integral, tenant_id) VALUES (30070, @shop_id, '吉林小串', @placeholder_img, @placeholder_img, '铁板鲫鱼', '铁板鲫鱼', '铁板鲫鱼', '', NULL, '9009', 38.00, 0.00, 38.00, 0.00, '份', 2, 0, 9999, 1, 0, 0, 0, 0, '<p>铁板鲫鱼</p>', '1', '2026-05-08 17:44:49', '2026-05-08 17:44:49', '1', 0, b'0', 0, NULL, 38.00, 0, NULL, 0, 100, 0, '', 0, 0, 0, 0, 0, @tenant_id);
INSERT INTO yshop_store_product_attr (id, product_id, attr_name, attr_values) VALUES (800126, 30070, '规格', '默认');
INSERT INTO yshop_store_product_attr_result (id, product_id, result, change_time) VALUES (810069, 30070, '{"attr":[{"attrHidden":"","detail":["默认"],"detailValue":"","value":"规格"}],"value":[{"barCode":"","brokerage":0.0,"brokerageTwo":0.0,"cost":38.0,"detail":{"规格":"默认"},"integral":0,"otPrice":38.0,"pic":"","pinkPrice":0.0,"pinkStock":0,"price":38.0,"seckillPrice":0.0,"seckillStock":0,"sku":"","stock":9999,"value1":"规格","value2":"","volume":0.0,"weight":0.0}]}', '2026-05-08 17:44:49');
INSERT INTO yshop_store_product_attr_value (id, product_id, sku, stock, sales, price, image, `unique`, cost, bar_code, ot_price, weight, volume, brokerage, brokerage_two, pink_price, pink_stock, seckill_price, seckill_stock, integral) VALUES (820240, 30070, '默认', 9999, 0, 38.00, @placeholder_img, 'e0e389dfa5e771da50882e8a78ed2983', 38.00, '', 38.00, 0.00, 0.00, 0.00, 0.00, 0.00, 0, 0.00, 0, 0);
INSERT INTO yshop_store_product (id, shop_id, shop_name, image, slider_image, store_name, store_info, keyword, bar_code, brand_id, cate_id, price, vip_price, ot_price, postage, unit_name, sort, sales, stock, is_show, is_hot, is_benefit, is_best, is_new, description, creator, create_time, update_time, updater, is_postage, deleted, mer_use, give_integral, cost, is_seckill, is_bargain, is_good, ficti, browse, code_path, is_sub, temp_id, spec_type, is_integral, integral, tenant_id) VALUES (30071, @shop_id, '吉林小串', @placeholder_img, @placeholder_img, '生蚝/扇贝', '生蚝/扇贝', '生蚝/扇贝', '', NULL, '9009', 10.00, 0.00, 10.00, 0.00, '个', 3, 0, 9999, 1, 0, 0, 0, 0, '<p>生蚝/扇贝</p>', '1', '2026-05-08 17:44:49', '2026-05-08 17:44:49', '1', 0, b'0', 0, NULL, 10.00, 0, NULL, 0, 100, 0, '', 0, 0, 0, 0, 0, @tenant_id);
INSERT INTO yshop_store_product_attr (id, product_id, attr_name, attr_values) VALUES (800127, 30071, '规格', '默认');
INSERT INTO yshop_store_product_attr_result (id, product_id, result, change_time) VALUES (810070, 30071, '{"attr":[{"attrHidden":"","detail":["默认"],"detailValue":"","value":"规格"}],"value":[{"barCode":"","brokerage":0.0,"brokerageTwo":0.0,"cost":10.0,"detail":{"规格":"默认"},"integral":0,"otPrice":10.0,"pic":"","pinkPrice":0.0,"pinkStock":0,"price":10.0,"seckillPrice":0.0,"seckillStock":0,"sku":"","stock":9999,"value1":"规格","value2":"","volume":0.0,"weight":0.0}]}', '2026-05-08 17:44:49');
INSERT INTO yshop_store_product_attr_value (id, product_id, sku, stock, sales, price, image, `unique`, cost, bar_code, ot_price, weight, volume, brokerage, brokerage_two, pink_price, pink_stock, seckill_price, seckill_stock, integral) VALUES (820241, 30071, '默认', 9999, 0, 10.00, @placeholder_img, '31054b89a2c52aac80a27bfe545a8067', 10.00, '', 10.00, 0.00, 0.00, 0.00, 0.00, 0.00, 0, 0.00, 0, 0);

ALTER TABLE yshop_store_product AUTO_INCREMENT = 30072;
ALTER TABLE yshop_store_product_category AUTO_INCREMENT = 9010;
ALTER TABLE yshop_store_product_attr AUTO_INCREMENT = 800128;
ALTER TABLE yshop_store_product_attr_result AUTO_INCREMENT = 810071;
ALTER TABLE yshop_store_product_attr_value AUTO_INCREMENT = 820242;

COMMIT;

-- 校验：分类 9 条、商品 71 条
-- SELECT COUNT(*) FROM yshop_store_shop;
-- SELECT COUNT(*) FROM yshop_store_product_category WHERE shop_id=@shop_id;
-- SELECT COUNT(*) FROM yshop_store_product WHERE shop_id=@shop_id;