-- =====================================================================
-- 吉林小串：清空门店/商品相关演示数据并导入菜单（MySQL）
-- 执行前请备份数据库。按需修改以下会话变量：
-- 若库中无表 yshop_store_cart，请注释掉下文 DELETE FROM yshop_store_cart。
-- =====================================================================
SET NAMES utf8mb4;
SET @tenant_id := 1;
-- 门店管理员用户 id（system_users.id），默认 1；请改为实际账号
SET @admin_user_id := '1';
-- 占位图（商品主图/轮播，NOT NULL；可改为你的 CDN 地址）
SET @placeholder_img := '';

START TRANSACTION;

-- ----- 可选：清空订单（演示环境推荐） -----
DELETE FROM yshop_store_order_status WHERE 1=1;
DELETE FROM yshop_store_order_cart_info WHERE 1=1;
DELETE FROM yshop_store_order WHERE 1=1;
DELETE FROM yshop_order_number WHERE 1=1;

-- ----- 购物车 -----
DELETE FROM yshop_store_cart WHERE 1=1;

-- ----- 商品从表 -----
DELETE FROM yshop_store_product_attr_value WHERE 1=1;
DELETE FROM yshop_store_product_attr WHERE 1=1;
DELETE FROM yshop_store_product_attr_result WHERE 1=1;
DELETE FROM yshop_store_product_relation WHERE 1=1;
-- 若存在评论表则清空
DELETE FROM yshop_store_product_reply WHERE 1=1;

-- ----- 商品与分类 -----
DELETE FROM yshop_store_product WHERE 1=1;
DELETE FROM yshop_store_product_category WHERE 1=1;

-- ----- 广告（含吉林小串店铺） -----
DELETE FROM yshop_shop_ads WHERE 1=1;

-- ----- 仅保留即将插入的门店：删除全部旧门店 -----
DELETE FROM yshop_store_shop WHERE 1=1;

-- ----- 插入唯一门店「吉林小串」 -----
INSERT INTO yshop_store_shop (id, name, mobile, image, images, address, address_map, start_time, end_time, lng, lat, distance, min_price, delivery_price, notice, status, admin_id, uniprint_id, create_time, update_time, creator, updater) VALUES (1, '吉林小串', '19000000000', @placeholder_img, '[]', '吉林省', '吉林省', '2024-01-01 11:00:00', '2024-01-01 23:00:00', '126.549572', '43.837883', 10, 0.00, 3.00, '吉林小串欢迎您', 1, @admin_user_id, '', '2026-05-08 16:32:34', '2026-05-08 16:32:34', '1', '1');

SET @shop_id := 1;
-- 与插入的门店 id 对齐 AUTO_INCREMENT（避免后续手动插入 id 冲突）
ALTER TABLE yshop_store_shop AUTO_INCREMENT = 2;

-- ----- 9 个一级分类 -----
INSERT INTO yshop_store_product_category (id, shop_id, parent_id, shop_name, name, pic_url, sort, description, status, creator, create_time, updater, update_time, deleted, tenant_id) VALUES (9001, @shop_id, 0, '吉林小串', '肉类', '', 1, NULL, 0, '1', '2026-05-08 16:32:34', '1', '2026-05-08 16:32:34', b'0', @tenant_id);
INSERT INTO yshop_store_product_category (id, shop_id, parent_id, shop_name, name, pic_url, sort, description, status, creator, create_time, updater, update_time, deleted, tenant_id) VALUES (9002, @shop_id, 0, '吉林小串', '成把类', '', 2, NULL, 0, '1', '2026-05-08 16:32:34', '1', '2026-05-08 16:32:34', b'0', @tenant_id);
INSERT INTO yshop_store_product_category (id, shop_id, parent_id, shop_name, name, pic_url, sort, description, status, creator, create_time, updater, update_time, deleted, tenant_id) VALUES (9003, @shop_id, 0, '吉林小串', '鱼类', '', 3, NULL, 0, '1', '2026-05-08 16:32:34', '1', '2026-05-08 16:32:34', b'0', @tenant_id);
INSERT INTO yshop_store_product_category (id, shop_id, parent_id, shop_name, name, pic_url, sort, description, status, creator, create_time, updater, update_time, deleted, tenant_id) VALUES (9004, @shop_id, 0, '吉林小串', '肠类', '', 4, NULL, 0, '1', '2026-05-08 16:32:34', '1', '2026-05-08 16:32:34', b'0', @tenant_id);
INSERT INTO yshop_store_product_category (id, shop_id, parent_id, shop_name, name, pic_url, sort, description, status, creator, create_time, updater, update_time, deleted, tenant_id) VALUES (9005, @shop_id, 0, '吉林小串', '素菜类', '', 5, NULL, 0, '1', '2026-05-08 16:32:34', '1', '2026-05-08 16:32:34', b'0', @tenant_id);
INSERT INTO yshop_store_product_category (id, shop_id, parent_id, shop_name, name, pic_url, sort, description, status, creator, create_time, updater, update_time, deleted, tenant_id) VALUES (9006, @shop_id, 0, '吉林小串', '主食/凉菜类', '', 6, NULL, 0, '1', '2026-05-08 16:32:34', '1', '2026-05-08 16:32:34', b'0', @tenant_id);
INSERT INTO yshop_store_product_category (id, shop_id, parent_id, shop_name, name, pic_url, sort, description, status, creator, create_time, updater, update_time, deleted, tenant_id) VALUES (9007, @shop_id, 0, '吉林小串', '锡纸类', '', 7, NULL, 0, '1', '2026-05-08 16:32:34', '1', '2026-05-08 16:32:34', b'0', @tenant_id);
INSERT INTO yshop_store_product_category (id, shop_id, parent_id, shop_name, name, pic_url, sort, description, status, creator, create_time, updater, update_time, deleted, tenant_id) VALUES (9008, @shop_id, 0, '吉林小串', '小龙虾类', '', 8, NULL, 0, '1', '2026-05-08 16:32:34', '1', '2026-05-08 16:32:34', b'0', @tenant_id);
INSERT INTO yshop_store_product_category (id, shop_id, parent_id, shop_name, name, pic_url, sort, description, status, creator, create_time, updater, update_time, deleted, tenant_id) VALUES (9009, @shop_id, 0, '吉林小串', '特殊预定类', '', 9, '每天17:00前可预订', 0, '1', '2026-05-08 16:32:34', '1', '2026-05-08 16:32:34', b'0', @tenant_id);

-- ----- 商品（单规格 spec_type=0） -----
INSERT INTO yshop_store_product (id, shop_id, shop_name, image, slider_image, store_name, store_info, keyword, bar_code, brand_id, cate_id, price, vip_price, ot_price, postage, unit_name, sort, sales, stock, is_show, is_hot, is_benefit, is_best, is_new, description, creator, create_time, update_time, updater, is_postage, deleted, mer_use, give_integral, cost, is_seckill, is_bargain, is_good, ficti, browse, code_path, is_sub, temp_id, spec_type, is_integral, integral, tenant_id) VALUES (30001, @shop_id, '吉林小串', @placeholder_img, @placeholder_img, '羊排肉', '羊排肉', '羊排肉', '', NULL, '9001', 4.00, 0.00, 4.00, 0.00, '串', 1, 0, 9999, 1, 0, 0, 0, 0, '<p>羊排肉</p>', '1', '2026-05-08 16:32:34', '2026-05-08 16:32:34', '1', 0, b'0', 0, NULL, 4.00, 0, NULL, 0, 100, 0, '', 0, 0, 0, 0, 0, @tenant_id);
INSERT INTO yshop_store_product_attr (id, product_id, attr_name, attr_values) VALUES (800000, 30001, '规格', '默认');
INSERT INTO yshop_store_product_attr_result (id, product_id, result, change_time) VALUES (810000, 30001, '{"attr":[{"attrHidden":"","detail":["默认"],"detailValue":"","value":"规格"}],"value":[{"barCode":"","brokerage":0.0,"brokerageTwo":0.0,"cost":4.0,"detail":{"规格":"默认"},"integral":0,"otPrice":4.0,"pic":"","pinkPrice":0.0,"pinkStock":0,"price":4.0,"seckillPrice":0.0,"seckillStock":0,"sku":"","stock":9999,"value1":"规格","value2":"","volume":0.0,"weight":0.0}]}', '2026-05-08 16:32:34');
INSERT INTO yshop_store_product_attr_value (id, product_id, sku, stock, sales, price, image, `unique`, cost, bar_code, ot_price, weight, volume, brokerage, brokerage_two, pink_price, pink_stock, seckill_price, seckill_stock, integral) VALUES (820000, 30001, '默认', 9999, 0, 4.00, @placeholder_img, '73dcb5a3e12ec7ffa5ab02731034fa13', 4.00, '', 4.00, 0.00, 0.00, 0.00, 0.00, 0.00, 0, 0.00, 0, 0);
INSERT INTO yshop_store_product (id, shop_id, shop_name, image, slider_image, store_name, store_info, keyword, bar_code, brand_id, cate_id, price, vip_price, ot_price, postage, unit_name, sort, sales, stock, is_show, is_hot, is_benefit, is_best, is_new, description, creator, create_time, update_time, updater, is_postage, deleted, mer_use, give_integral, cost, is_seckill, is_bargain, is_good, ficti, browse, code_path, is_sub, temp_id, spec_type, is_integral, integral, tenant_id) VALUES (30002, @shop_id, '吉林小串', @placeholder_img, @placeholder_img, '牛肥瘦', '牛肥瘦', '牛肥瘦', '', NULL, '9001', 4.00, 0.00, 4.00, 0.00, '串', 2, 0, 9999, 1, 0, 0, 0, 0, '<p>牛肥瘦</p>', '1', '2026-05-08 16:32:34', '2026-05-08 16:32:34', '1', 0, b'0', 0, NULL, 4.00, 0, NULL, 0, 100, 0, '', 0, 0, 0, 0, 0, @tenant_id);
INSERT INTO yshop_store_product_attr (id, product_id, attr_name, attr_values) VALUES (800001, 30002, '规格', '默认');
INSERT INTO yshop_store_product_attr_result (id, product_id, result, change_time) VALUES (810001, 30002, '{"attr":[{"attrHidden":"","detail":["默认"],"detailValue":"","value":"规格"}],"value":[{"barCode":"","brokerage":0.0,"brokerageTwo":0.0,"cost":4.0,"detail":{"规格":"默认"},"integral":0,"otPrice":4.0,"pic":"","pinkPrice":0.0,"pinkStock":0,"price":4.0,"seckillPrice":0.0,"seckillStock":0,"sku":"","stock":9999,"value1":"规格","value2":"","volume":0.0,"weight":0.0}]}', '2026-05-08 16:32:34');
INSERT INTO yshop_store_product_attr_value (id, product_id, sku, stock, sales, price, image, `unique`, cost, bar_code, ot_price, weight, volume, brokerage, brokerage_two, pink_price, pink_stock, seckill_price, seckill_stock, integral) VALUES (820001, 30002, '默认', 9999, 0, 4.00, @placeholder_img, 'e6fd789fcc62acf0a9ec057f687ceebd', 4.00, '', 4.00, 0.00, 0.00, 0.00, 0.00, 0.00, 0, 0.00, 0, 0);
INSERT INTO yshop_store_product (id, shop_id, shop_name, image, slider_image, store_name, store_info, keyword, bar_code, brand_id, cate_id, price, vip_price, ot_price, postage, unit_name, sort, sales, stock, is_show, is_hot, is_benefit, is_best, is_new, description, creator, create_time, update_time, updater, is_postage, deleted, mer_use, give_integral, cost, is_seckill, is_bargain, is_good, ficti, browse, code_path, is_sub, temp_id, spec_type, is_integral, integral, tenant_id) VALUES (30003, @shop_id, '吉林小串', @placeholder_img, @placeholder_img, '酱油筋', '酱油筋', '酱油筋', '', NULL, '9001', 3.00, 0.00, 3.00, 0.00, '串', 3, 0, 9999, 1, 0, 0, 0, 0, '<p>酱油筋</p>', '1', '2026-05-08 16:32:34', '2026-05-08 16:32:34', '1', 0, b'0', 0, NULL, 3.00, 0, NULL, 0, 100, 0, '', 0, 0, 0, 0, 0, @tenant_id);
INSERT INTO yshop_store_product_attr (id, product_id, attr_name, attr_values) VALUES (800002, 30003, '规格', '默认');
INSERT INTO yshop_store_product_attr_result (id, product_id, result, change_time) VALUES (810002, 30003, '{"attr":[{"attrHidden":"","detail":["默认"],"detailValue":"","value":"规格"}],"value":[{"barCode":"","brokerage":0.0,"brokerageTwo":0.0,"cost":3.0,"detail":{"规格":"默认"},"integral":0,"otPrice":3.0,"pic":"","pinkPrice":0.0,"pinkStock":0,"price":3.0,"seckillPrice":0.0,"seckillStock":0,"sku":"","stock":9999,"value1":"规格","value2":"","volume":0.0,"weight":0.0}]}', '2026-05-08 16:32:34');
INSERT INTO yshop_store_product_attr_value (id, product_id, sku, stock, sales, price, image, `unique`, cost, bar_code, ot_price, weight, volume, brokerage, brokerage_two, pink_price, pink_stock, seckill_price, seckill_stock, integral) VALUES (820002, 30003, '默认', 9999, 0, 3.00, @placeholder_img, '45c49a61852aac2a40fd37df2d165e37', 3.00, '', 3.00, 0.00, 0.00, 0.00, 0.00, 0.00, 0, 0.00, 0, 0);
INSERT INTO yshop_store_product (id, shop_id, shop_name, image, slider_image, store_name, store_info, keyword, bar_code, brand_id, cate_id, price, vip_price, ot_price, postage, unit_name, sort, sales, stock, is_show, is_hot, is_benefit, is_best, is_new, description, creator, create_time, update_time, updater, is_postage, deleted, mer_use, give_integral, cost, is_seckill, is_bargain, is_good, ficti, browse, code_path, is_sub, temp_id, spec_type, is_integral, integral, tenant_id) VALUES (30004, @shop_id, '吉林小串', @placeholder_img, @placeholder_img, '五花肉', '五花肉', '五花肉', '', NULL, '9001', 3.00, 0.00, 3.00, 0.00, '串', 4, 0, 9999, 1, 0, 0, 0, 0, '<p>五花肉</p>', '1', '2026-05-08 16:32:34', '2026-05-08 16:32:34', '1', 0, b'0', 0, NULL, 3.00, 0, NULL, 0, 100, 0, '', 0, 0, 0, 0, 0, @tenant_id);
INSERT INTO yshop_store_product_attr (id, product_id, attr_name, attr_values) VALUES (800003, 30004, '规格', '默认');
INSERT INTO yshop_store_product_attr_result (id, product_id, result, change_time) VALUES (810003, 30004, '{"attr":[{"attrHidden":"","detail":["默认"],"detailValue":"","value":"规格"}],"value":[{"barCode":"","brokerage":0.0,"brokerageTwo":0.0,"cost":3.0,"detail":{"规格":"默认"},"integral":0,"otPrice":3.0,"pic":"","pinkPrice":0.0,"pinkStock":0,"price":3.0,"seckillPrice":0.0,"seckillStock":0,"sku":"","stock":9999,"value1":"规格","value2":"","volume":0.0,"weight":0.0}]}', '2026-05-08 16:32:34');
INSERT INTO yshop_store_product_attr_value (id, product_id, sku, stock, sales, price, image, `unique`, cost, bar_code, ot_price, weight, volume, brokerage, brokerage_two, pink_price, pink_stock, seckill_price, seckill_stock, integral) VALUES (820003, 30004, '默认', 9999, 0, 3.00, @placeholder_img, '6ffb3a8920de63b8ecd3b0a3accc8d28', 3.00, '', 3.00, 0.00, 0.00, 0.00, 0.00, 0.00, 0, 0.00, 0, 0);
INSERT INTO yshop_store_product (id, shop_id, shop_name, image, slider_image, store_name, store_info, keyword, bar_code, brand_id, cate_id, price, vip_price, ot_price, postage, unit_name, sort, sales, stock, is_show, is_hot, is_benefit, is_best, is_new, description, creator, create_time, update_time, updater, is_postage, deleted, mer_use, give_integral, cost, is_seckill, is_bargain, is_good, ficti, browse, code_path, is_sub, temp_id, spec_type, is_integral, integral, tenant_id) VALUES (30005, @shop_id, '吉林小串', @placeholder_img, @placeholder_img, '宫后夹肉', '宫后夹肉', '宫后夹肉', '', NULL, '9001', 5.00, 0.00, 5.00, 0.00, '串', 5, 0, 9999, 1, 0, 0, 0, 0, '<p>宫后夹肉</p>', '1', '2026-05-08 16:32:34', '2026-05-08 16:32:34', '1', 0, b'0', 0, NULL, 5.00, 0, NULL, 0, 100, 0, '', 0, 0, 0, 0, 0, @tenant_id);
INSERT INTO yshop_store_product_attr (id, product_id, attr_name, attr_values) VALUES (800004, 30005, '规格', '默认');
INSERT INTO yshop_store_product_attr_result (id, product_id, result, change_time) VALUES (810004, 30005, '{"attr":[{"attrHidden":"","detail":["默认"],"detailValue":"","value":"规格"}],"value":[{"barCode":"","brokerage":0.0,"brokerageTwo":0.0,"cost":5.0,"detail":{"规格":"默认"},"integral":0,"otPrice":5.0,"pic":"","pinkPrice":0.0,"pinkStock":0,"price":5.0,"seckillPrice":0.0,"seckillStock":0,"sku":"","stock":9999,"value1":"规格","value2":"","volume":0.0,"weight":0.0}]}', '2026-05-08 16:32:34');
INSERT INTO yshop_store_product_attr_value (id, product_id, sku, stock, sales, price, image, `unique`, cost, bar_code, ot_price, weight, volume, brokerage, brokerage_two, pink_price, pink_stock, seckill_price, seckill_stock, integral) VALUES (820004, 30005, '默认', 9999, 0, 5.00, @placeholder_img, '0f72e0cd147b87926a24f8c161b82303', 5.00, '', 5.00, 0.00, 0.00, 0.00, 0.00, 0.00, 0, 0.00, 0, 0);
INSERT INTO yshop_store_product (id, shop_id, shop_name, image, slider_image, store_name, store_info, keyword, bar_code, brand_id, cate_id, price, vip_price, ot_price, postage, unit_name, sort, sales, stock, is_show, is_hot, is_benefit, is_best, is_new, description, creator, create_time, update_time, updater, is_postage, deleted, mer_use, give_integral, cost, is_seckill, is_bargain, is_good, ficti, browse, code_path, is_sub, temp_id, spec_type, is_integral, integral, tenant_id) VALUES (30006, @shop_id, '吉林小串', @placeholder_img, @placeholder_img, '油边', '油边', '油边', '', NULL, '9001', 10.00, 0.00, 10.00, 0.00, '串', 6, 0, 9999, 1, 0, 0, 0, 0, '<p>油边</p>', '1', '2026-05-08 16:32:34', '2026-05-08 16:32:34', '1', 0, b'0', 0, NULL, 10.00, 0, NULL, 0, 100, 0, '', 0, 0, 0, 0, 0, @tenant_id);
INSERT INTO yshop_store_product_attr (id, product_id, attr_name, attr_values) VALUES (800005, 30006, '规格', '默认');
INSERT INTO yshop_store_product_attr_result (id, product_id, result, change_time) VALUES (810005, 30006, '{"attr":[{"attrHidden":"","detail":["默认"],"detailValue":"","value":"规格"}],"value":[{"barCode":"","brokerage":0.0,"brokerageTwo":0.0,"cost":10.0,"detail":{"规格":"默认"},"integral":0,"otPrice":10.0,"pic":"","pinkPrice":0.0,"pinkStock":0,"price":10.0,"seckillPrice":0.0,"seckillStock":0,"sku":"","stock":9999,"value1":"规格","value2":"","volume":0.0,"weight":0.0}]}', '2026-05-08 16:32:34');
INSERT INTO yshop_store_product_attr_value (id, product_id, sku, stock, sales, price, image, `unique`, cost, bar_code, ot_price, weight, volume, brokerage, brokerage_two, pink_price, pink_stock, seckill_price, seckill_stock, integral) VALUES (820005, 30006, '默认', 9999, 0, 10.00, @placeholder_img, '72beff294c323ec2f9f1fee2cc5dad89', 10.00, '', 10.00, 0.00, 0.00, 0.00, 0.00, 0.00, 0, 0.00, 0, 0);
INSERT INTO yshop_store_product (id, shop_id, shop_name, image, slider_image, store_name, store_info, keyword, bar_code, brand_id, cate_id, price, vip_price, ot_price, postage, unit_name, sort, sales, stock, is_show, is_hot, is_benefit, is_best, is_new, description, creator, create_time, update_time, updater, is_postage, deleted, mer_use, give_integral, cost, is_seckill, is_bargain, is_good, ficti, browse, code_path, is_sub, temp_id, spec_type, is_integral, integral, tenant_id) VALUES (30007, @shop_id, '吉林小串', @placeholder_img, @placeholder_img, '雪花牛肉粒', '雪花牛肉粒', '雪花牛肉粒', '', NULL, '9001', 5.00, 0.00, 5.00, 0.00, '串', 7, 0, 9999, 1, 0, 0, 0, 0, '<p>雪花牛肉粒</p>', '1', '2026-05-08 16:32:34', '2026-05-08 16:32:34', '1', 0, b'0', 0, NULL, 5.00, 0, NULL, 0, 100, 0, '', 0, 0, 0, 0, 0, @tenant_id);
INSERT INTO yshop_store_product_attr (id, product_id, attr_name, attr_values) VALUES (800006, 30007, '规格', '默认');
INSERT INTO yshop_store_product_attr_result (id, product_id, result, change_time) VALUES (810006, 30007, '{"attr":[{"attrHidden":"","detail":["默认"],"detailValue":"","value":"规格"}],"value":[{"barCode":"","brokerage":0.0,"brokerageTwo":0.0,"cost":5.0,"detail":{"规格":"默认"},"integral":0,"otPrice":5.0,"pic":"","pinkPrice":0.0,"pinkStock":0,"price":5.0,"seckillPrice":0.0,"seckillStock":0,"sku":"","stock":9999,"value1":"规格","value2":"","volume":0.0,"weight":0.0}]}', '2026-05-08 16:32:34');
INSERT INTO yshop_store_product_attr_value (id, product_id, sku, stock, sales, price, image, `unique`, cost, bar_code, ot_price, weight, volume, brokerage, brokerage_two, pink_price, pink_stock, seckill_price, seckill_stock, integral) VALUES (820006, 30007, '默认', 9999, 0, 5.00, @placeholder_img, '4444c4b933b62462de745fbece5acb6c', 5.00, '', 5.00, 0.00, 0.00, 0.00, 0.00, 0.00, 0, 0.00, 0, 0);
INSERT INTO yshop_store_product (id, shop_id, shop_name, image, slider_image, store_name, store_info, keyword, bar_code, brand_id, cate_id, price, vip_price, ot_price, postage, unit_name, sort, sales, stock, is_show, is_hot, is_benefit, is_best, is_new, description, creator, create_time, update_time, updater, is_postage, deleted, mer_use, give_integral, cost, is_seckill, is_bargain, is_good, ficti, browse, code_path, is_sub, temp_id, spec_type, is_integral, integral, tenant_id) VALUES (30008, @shop_id, '吉林小串', @placeholder_img, @placeholder_img, '一根筋', '一根筋', '一根筋', '', NULL, '9001', 5.00, 0.00, 5.00, 0.00, '串', 8, 0, 9999, 1, 0, 0, 0, 0, '<p>一根筋</p>', '1', '2026-05-08 16:32:34', '2026-05-08 16:32:34', '1', 0, b'0', 0, NULL, 5.00, 0, NULL, 0, 100, 0, '', 0, 0, 0, 0, 0, @tenant_id);
INSERT INTO yshop_store_product_attr (id, product_id, attr_name, attr_values) VALUES (800007, 30008, '规格', '默认');
INSERT INTO yshop_store_product_attr_result (id, product_id, result, change_time) VALUES (810007, 30008, '{"attr":[{"attrHidden":"","detail":["默认"],"detailValue":"","value":"规格"}],"value":[{"barCode":"","brokerage":0.0,"brokerageTwo":0.0,"cost":5.0,"detail":{"规格":"默认"},"integral":0,"otPrice":5.0,"pic":"","pinkPrice":0.0,"pinkStock":0,"price":5.0,"seckillPrice":0.0,"seckillStock":0,"sku":"","stock":9999,"value1":"规格","value2":"","volume":0.0,"weight":0.0}]}', '2026-05-08 16:32:34');
INSERT INTO yshop_store_product_attr_value (id, product_id, sku, stock, sales, price, image, `unique`, cost, bar_code, ot_price, weight, volume, brokerage, brokerage_two, pink_price, pink_stock, seckill_price, seckill_stock, integral) VALUES (820007, 30008, '默认', 9999, 0, 5.00, @placeholder_img, 'bc994a0aa39cb8412fcbe4ba09ff73c5', 5.00, '', 5.00, 0.00, 0.00, 0.00, 0.00, 0.00, 0, 0.00, 0, 0);
INSERT INTO yshop_store_product (id, shop_id, shop_name, image, slider_image, store_name, store_info, keyword, bar_code, brand_id, cate_id, price, vip_price, ot_price, postage, unit_name, sort, sales, stock, is_show, is_hot, is_benefit, is_best, is_new, description, creator, create_time, update_time, updater, is_postage, deleted, mer_use, give_integral, cost, is_seckill, is_bargain, is_good, ficti, browse, code_path, is_sub, temp_id, spec_type, is_integral, integral, tenant_id) VALUES (30009, @shop_id, '吉林小串', @placeholder_img, @placeholder_img, '腰子', '腰子', '腰子', '', NULL, '9001', 10.00, 0.00, 10.00, 0.00, '串', 9, 0, 9999, 1, 0, 0, 0, 0, '<p>腰子</p>', '1', '2026-05-08 16:32:34', '2026-05-08 16:32:34', '1', 0, b'0', 0, NULL, 10.00, 0, NULL, 0, 100, 0, '', 0, 0, 0, 0, 0, @tenant_id);
INSERT INTO yshop_store_product_attr (id, product_id, attr_name, attr_values) VALUES (800008, 30009, '规格', '默认');
INSERT INTO yshop_store_product_attr_result (id, product_id, result, change_time) VALUES (810008, 30009, '{"attr":[{"attrHidden":"","detail":["默认"],"detailValue":"","value":"规格"}],"value":[{"barCode":"","brokerage":0.0,"brokerageTwo":0.0,"cost":10.0,"detail":{"规格":"默认"},"integral":0,"otPrice":10.0,"pic":"","pinkPrice":0.0,"pinkStock":0,"price":10.0,"seckillPrice":0.0,"seckillStock":0,"sku":"","stock":9999,"value1":"规格","value2":"","volume":0.0,"weight":0.0}]}', '2026-05-08 16:32:34');
INSERT INTO yshop_store_product_attr_value (id, product_id, sku, stock, sales, price, image, `unique`, cost, bar_code, ot_price, weight, volume, brokerage, brokerage_two, pink_price, pink_stock, seckill_price, seckill_stock, integral) VALUES (820008, 30009, '默认', 9999, 0, 10.00, @placeholder_img, '84de04ea1db54508fd3061d409cf13f7', 10.00, '', 10.00, 0.00, 0.00, 0.00, 0.00, 0.00, 0, 0.00, 0, 0);
INSERT INTO yshop_store_product (id, shop_id, shop_name, image, slider_image, store_name, store_info, keyword, bar_code, brand_id, cate_id, price, vip_price, ot_price, postage, unit_name, sort, sales, stock, is_show, is_hot, is_benefit, is_best, is_new, description, creator, create_time, update_time, updater, is_postage, deleted, mer_use, give_integral, cost, is_seckill, is_bargain, is_good, ficti, browse, code_path, is_sub, temp_id, spec_type, is_integral, integral, tenant_id) VALUES (30010, @shop_id, '吉林小串', @placeholder_img, @placeholder_img, '牛窝骨筋', '牛窝骨筋', '牛窝骨筋', '', NULL, '9001', 10.00, 0.00, 10.00, 0.00, '串', 10, 0, 9999, 1, 0, 0, 0, 0, '<p>牛窝骨筋</p>', '1', '2026-05-08 16:32:34', '2026-05-08 16:32:34', '1', 0, b'0', 0, NULL, 10.00, 0, NULL, 0, 100, 0, '', 0, 0, 0, 0, 0, @tenant_id);
INSERT INTO yshop_store_product_attr (id, product_id, attr_name, attr_values) VALUES (800009, 30010, '规格', '默认');
INSERT INTO yshop_store_product_attr_result (id, product_id, result, change_time) VALUES (810009, 30010, '{"attr":[{"attrHidden":"","detail":["默认"],"detailValue":"","value":"规格"}],"value":[{"barCode":"","brokerage":0.0,"brokerageTwo":0.0,"cost":10.0,"detail":{"规格":"默认"},"integral":0,"otPrice":10.0,"pic":"","pinkPrice":0.0,"pinkStock":0,"price":10.0,"seckillPrice":0.0,"seckillStock":0,"sku":"","stock":9999,"value1":"规格","value2":"","volume":0.0,"weight":0.0}]}', '2026-05-08 16:32:34');
INSERT INTO yshop_store_product_attr_value (id, product_id, sku, stock, sales, price, image, `unique`, cost, bar_code, ot_price, weight, volume, brokerage, brokerage_two, pink_price, pink_stock, seckill_price, seckill_stock, integral) VALUES (820009, 30010, '默认', 9999, 0, 10.00, @placeholder_img, '50c3c5945ca3724b441849ab76117ee5', 10.00, '', 10.00, 0.00, 0.00, 0.00, 0.00, 0.00, 0, 0.00, 0, 0);
INSERT INTO yshop_store_product (id, shop_id, shop_name, image, slider_image, store_name, store_info, keyword, bar_code, brand_id, cate_id, price, vip_price, ot_price, postage, unit_name, sort, sales, stock, is_show, is_hot, is_benefit, is_best, is_new, description, creator, create_time, update_time, updater, is_postage, deleted, mer_use, give_integral, cost, is_seckill, is_bargain, is_good, ficti, browse, code_path, is_sub, temp_id, spec_type, is_integral, integral, tenant_id) VALUES (30011, @shop_id, '吉林小串', @placeholder_img, @placeholder_img, '筋皮子', '筋皮子', '筋皮子', '', NULL, '9001', 5.00, 0.00, 5.00, 0.00, '串', 11, 0, 9999, 1, 0, 0, 0, 0, '<p>筋皮子</p>', '1', '2026-05-08 16:32:34', '2026-05-08 16:32:34', '1', 0, b'0', 0, NULL, 5.00, 0, NULL, 0, 100, 0, '', 0, 0, 0, 0, 0, @tenant_id);
INSERT INTO yshop_store_product_attr (id, product_id, attr_name, attr_values) VALUES (800010, 30011, '规格', '默认');
INSERT INTO yshop_store_product_attr_result (id, product_id, result, change_time) VALUES (810010, 30011, '{"attr":[{"attrHidden":"","detail":["默认"],"detailValue":"","value":"规格"}],"value":[{"barCode":"","brokerage":0.0,"brokerageTwo":0.0,"cost":5.0,"detail":{"规格":"默认"},"integral":0,"otPrice":5.0,"pic":"","pinkPrice":0.0,"pinkStock":0,"price":5.0,"seckillPrice":0.0,"seckillStock":0,"sku":"","stock":9999,"value1":"规格","value2":"","volume":0.0,"weight":0.0}]}', '2026-05-08 16:32:34');
INSERT INTO yshop_store_product_attr_value (id, product_id, sku, stock, sales, price, image, `unique`, cost, bar_code, ot_price, weight, volume, brokerage, brokerage_two, pink_price, pink_stock, seckill_price, seckill_stock, integral) VALUES (820010, 30011, '默认', 9999, 0, 5.00, @placeholder_img, 'e01549052217b495a0f75852a111e4da', 5.00, '', 5.00, 0.00, 0.00, 0.00, 0.00, 0.00, 0, 0.00, 0, 0);
INSERT INTO yshop_store_product (id, shop_id, shop_name, image, slider_image, store_name, store_info, keyword, bar_code, brand_id, cate_id, price, vip_price, ot_price, postage, unit_name, sort, sales, stock, is_show, is_hot, is_benefit, is_best, is_new, description, creator, create_time, update_time, updater, is_postage, deleted, mer_use, give_integral, cost, is_seckill, is_bargain, is_good, ficti, browse, code_path, is_sub, temp_id, spec_type, is_integral, integral, tenant_id) VALUES (30012, @shop_id, '吉林小串', @placeholder_img, @placeholder_img, '牛板筋', '牛板筋', '牛板筋', '', NULL, '9001', 4.00, 0.00, 4.00, 0.00, '串', 12, 0, 9999, 1, 0, 0, 0, 0, '<p>牛板筋</p>', '1', '2026-05-08 16:32:34', '2026-05-08 16:32:34', '1', 0, b'0', 0, NULL, 4.00, 0, NULL, 0, 100, 0, '', 0, 0, 0, 0, 0, @tenant_id);
INSERT INTO yshop_store_product_attr (id, product_id, attr_name, attr_values) VALUES (800011, 30012, '规格', '默认');
INSERT INTO yshop_store_product_attr_result (id, product_id, result, change_time) VALUES (810011, 30012, '{"attr":[{"attrHidden":"","detail":["默认"],"detailValue":"","value":"规格"}],"value":[{"barCode":"","brokerage":0.0,"brokerageTwo":0.0,"cost":4.0,"detail":{"规格":"默认"},"integral":0,"otPrice":4.0,"pic":"","pinkPrice":0.0,"pinkStock":0,"price":4.0,"seckillPrice":0.0,"seckillStock":0,"sku":"","stock":9999,"value1":"规格","value2":"","volume":0.0,"weight":0.0}]}', '2026-05-08 16:32:34');
INSERT INTO yshop_store_product_attr_value (id, product_id, sku, stock, sales, price, image, `unique`, cost, bar_code, ot_price, weight, volume, brokerage, brokerage_two, pink_price, pink_stock, seckill_price, seckill_stock, integral) VALUES (820011, 30012, '默认', 9999, 0, 4.00, @placeholder_img, '351c749475f662eeaf5728ccea3920a3', 4.00, '', 4.00, 0.00, 0.00, 0.00, 0.00, 0.00, 0, 0.00, 0, 0);
INSERT INTO yshop_store_product (id, shop_id, shop_name, image, slider_image, store_name, store_info, keyword, bar_code, brand_id, cate_id, price, vip_price, ot_price, postage, unit_name, sort, sales, stock, is_show, is_hot, is_benefit, is_best, is_new, description, creator, create_time, update_time, updater, is_postage, deleted, mer_use, give_integral, cost, is_seckill, is_bargain, is_good, ficti, browse, code_path, is_sub, temp_id, spec_type, is_integral, integral, tenant_id) VALUES (30013, @shop_id, '吉林小串', @placeholder_img, @placeholder_img, '鸡胗', '鸡胗', '鸡胗', '', NULL, '9001', 3.00, 0.00, 3.00, 0.00, '串', 13, 0, 9999, 1, 0, 0, 0, 0, '<p>鸡胗</p>', '1', '2026-05-08 16:32:34', '2026-05-08 16:32:34', '1', 0, b'0', 0, NULL, 3.00, 0, NULL, 0, 100, 0, '', 0, 0, 0, 0, 0, @tenant_id);
INSERT INTO yshop_store_product_attr (id, product_id, attr_name, attr_values) VALUES (800012, 30013, '规格', '默认');
INSERT INTO yshop_store_product_attr_result (id, product_id, result, change_time) VALUES (810012, 30013, '{"attr":[{"attrHidden":"","detail":["默认"],"detailValue":"","value":"规格"}],"value":[{"barCode":"","brokerage":0.0,"brokerageTwo":0.0,"cost":3.0,"detail":{"规格":"默认"},"integral":0,"otPrice":3.0,"pic":"","pinkPrice":0.0,"pinkStock":0,"price":3.0,"seckillPrice":0.0,"seckillStock":0,"sku":"","stock":9999,"value1":"规格","value2":"","volume":0.0,"weight":0.0}]}', '2026-05-08 16:32:34');
INSERT INTO yshop_store_product_attr_value (id, product_id, sku, stock, sales, price, image, `unique`, cost, bar_code, ot_price, weight, volume, brokerage, brokerage_two, pink_price, pink_stock, seckill_price, seckill_stock, integral) VALUES (820012, 30013, '默认', 9999, 0, 3.00, @placeholder_img, '97227c028c3be5695863b5be7999df06', 3.00, '', 3.00, 0.00, 0.00, 0.00, 0.00, 0.00, 0, 0.00, 0, 0);
INSERT INTO yshop_store_product (id, shop_id, shop_name, image, slider_image, store_name, store_info, keyword, bar_code, brand_id, cate_id, price, vip_price, ot_price, postage, unit_name, sort, sales, stock, is_show, is_hot, is_benefit, is_best, is_new, description, creator, create_time, update_time, updater, is_postage, deleted, mer_use, give_integral, cost, is_seckill, is_bargain, is_good, ficti, browse, code_path, is_sub, temp_id, spec_type, is_integral, integral, tenant_id) VALUES (30014, @shop_id, '吉林小串', @placeholder_img, @placeholder_img, '鸡心', '鸡心', '鸡心', '', NULL, '9001', 3.00, 0.00, 3.00, 0.00, '串', 14, 0, 9999, 1, 0, 0, 0, 0, '<p>鸡心</p>', '1', '2026-05-08 16:32:34', '2026-05-08 16:32:34', '1', 0, b'0', 0, NULL, 3.00, 0, NULL, 0, 100, 0, '', 0, 0, 0, 0, 0, @tenant_id);
INSERT INTO yshop_store_product_attr (id, product_id, attr_name, attr_values) VALUES (800013, 30014, '规格', '默认');
INSERT INTO yshop_store_product_attr_result (id, product_id, result, change_time) VALUES (810013, 30014, '{"attr":[{"attrHidden":"","detail":["默认"],"detailValue":"","value":"规格"}],"value":[{"barCode":"","brokerage":0.0,"brokerageTwo":0.0,"cost":3.0,"detail":{"规格":"默认"},"integral":0,"otPrice":3.0,"pic":"","pinkPrice":0.0,"pinkStock":0,"price":3.0,"seckillPrice":0.0,"seckillStock":0,"sku":"","stock":9999,"value1":"规格","value2":"","volume":0.0,"weight":0.0}]}', '2026-05-08 16:32:34');
INSERT INTO yshop_store_product_attr_value (id, product_id, sku, stock, sales, price, image, `unique`, cost, bar_code, ot_price, weight, volume, brokerage, brokerage_two, pink_price, pink_stock, seckill_price, seckill_stock, integral) VALUES (820013, 30014, '默认', 9999, 0, 3.00, @placeholder_img, '68dfead1f8f23bbc480c5b98bf55f6fe', 3.00, '', 3.00, 0.00, 0.00, 0.00, 0.00, 0.00, 0, 0.00, 0, 0);
INSERT INTO yshop_store_product (id, shop_id, shop_name, image, slider_image, store_name, store_info, keyword, bar_code, brand_id, cate_id, price, vip_price, ot_price, postage, unit_name, sort, sales, stock, is_show, is_hot, is_benefit, is_best, is_new, description, creator, create_time, update_time, updater, is_postage, deleted, mer_use, give_integral, cost, is_seckill, is_bargain, is_good, ficti, browse, code_path, is_sub, temp_id, spec_type, is_integral, integral, tenant_id) VALUES (30015, @shop_id, '吉林小串', @placeholder_img, @placeholder_img, '千层筋', '千层筋', '千层筋', '', NULL, '9001', 5.00, 0.00, 5.00, 0.00, '串', 15, 0, 9999, 1, 0, 0, 0, 0, '<p>千层筋</p>', '1', '2026-05-08 16:32:34', '2026-05-08 16:32:34', '1', 0, b'0', 0, NULL, 5.00, 0, NULL, 0, 100, 0, '', 0, 0, 0, 0, 0, @tenant_id);
INSERT INTO yshop_store_product_attr (id, product_id, attr_name, attr_values) VALUES (800014, 30015, '规格', '默认');
INSERT INTO yshop_store_product_attr_result (id, product_id, result, change_time) VALUES (810014, 30015, '{"attr":[{"attrHidden":"","detail":["默认"],"detailValue":"","value":"规格"}],"value":[{"barCode":"","brokerage":0.0,"brokerageTwo":0.0,"cost":5.0,"detail":{"规格":"默认"},"integral":0,"otPrice":5.0,"pic":"","pinkPrice":0.0,"pinkStock":0,"price":5.0,"seckillPrice":0.0,"seckillStock":0,"sku":"","stock":9999,"value1":"规格","value2":"","volume":0.0,"weight":0.0}]}', '2026-05-08 16:32:34');
INSERT INTO yshop_store_product_attr_value (id, product_id, sku, stock, sales, price, image, `unique`, cost, bar_code, ot_price, weight, volume, brokerage, brokerage_two, pink_price, pink_stock, seckill_price, seckill_stock, integral) VALUES (820014, 30015, '默认', 9999, 0, 5.00, @placeholder_img, '4357fbbdb15f44ff2cae5ea3e6374167', 5.00, '', 5.00, 0.00, 0.00, 0.00, 0.00, 0.00, 0, 0.00, 0, 0);
INSERT INTO yshop_store_product (id, shop_id, shop_name, image, slider_image, store_name, store_info, keyword, bar_code, brand_id, cate_id, price, vip_price, ot_price, postage, unit_name, sort, sales, stock, is_show, is_hot, is_benefit, is_best, is_new, description, creator, create_time, update_time, updater, is_postage, deleted, mer_use, give_integral, cost, is_seckill, is_bargain, is_good, ficti, browse, code_path, is_sub, temp_id, spec_type, is_integral, integral, tenant_id) VALUES (30016, @shop_id, '吉林小串', @placeholder_img, @placeholder_img, '鸡爪', '鸡爪', '鸡爪', '', NULL, '9001', 8.00, 0.00, 8.00, 0.00, '串', 16, 0, 9999, 1, 0, 0, 0, 0, '<p>鸡爪</p>', '1', '2026-05-08 16:32:34', '2026-05-08 16:32:34', '1', 0, b'0', 0, NULL, 8.00, 0, NULL, 0, 100, 0, '', 0, 0, 0, 0, 0, @tenant_id);
INSERT INTO yshop_store_product_attr (id, product_id, attr_name, attr_values) VALUES (800015, 30016, '规格', '默认');
INSERT INTO yshop_store_product_attr_result (id, product_id, result, change_time) VALUES (810015, 30016, '{"attr":[{"attrHidden":"","detail":["默认"],"detailValue":"","value":"规格"}],"value":[{"barCode":"","brokerage":0.0,"brokerageTwo":0.0,"cost":8.0,"detail":{"规格":"默认"},"integral":0,"otPrice":8.0,"pic":"","pinkPrice":0.0,"pinkStock":0,"price":8.0,"seckillPrice":0.0,"seckillStock":0,"sku":"","stock":9999,"value1":"规格","value2":"","volume":0.0,"weight":0.0}]}', '2026-05-08 16:32:34');
INSERT INTO yshop_store_product_attr_value (id, product_id, sku, stock, sales, price, image, `unique`, cost, bar_code, ot_price, weight, volume, brokerage, brokerage_two, pink_price, pink_stock, seckill_price, seckill_stock, integral) VALUES (820015, 30016, '默认', 9999, 0, 8.00, @placeholder_img, '145ba9e73a043b9f6625e1ca40e1a895', 8.00, '', 8.00, 0.00, 0.00, 0.00, 0.00, 0.00, 0, 0.00, 0, 0);
INSERT INTO yshop_store_product (id, shop_id, shop_name, image, slider_image, store_name, store_info, keyword, bar_code, brand_id, cate_id, price, vip_price, ot_price, postage, unit_name, sort, sales, stock, is_show, is_hot, is_benefit, is_best, is_new, description, creator, create_time, update_time, updater, is_postage, deleted, mer_use, give_integral, cost, is_seckill, is_bargain, is_good, ficti, browse, code_path, is_sub, temp_id, spec_type, is_integral, integral, tenant_id) VALUES (30017, @shop_id, '吉林小串', @placeholder_img, @placeholder_img, '五花肉卷酸菜', '五花肉卷酸菜', '五花肉卷酸菜', '', NULL, '9001', 5.00, 0.00, 5.00, 0.00, '串', 17, 0, 9999, 1, 0, 0, 0, 0, '<p>五花肉卷酸菜</p>', '1', '2026-05-08 16:32:34', '2026-05-08 16:32:34', '1', 0, b'0', 0, NULL, 5.00, 0, NULL, 0, 100, 0, '', 0, 0, 0, 0, 0, @tenant_id);
INSERT INTO yshop_store_product_attr (id, product_id, attr_name, attr_values) VALUES (800016, 30017, '规格', '默认');
INSERT INTO yshop_store_product_attr_result (id, product_id, result, change_time) VALUES (810016, 30017, '{"attr":[{"attrHidden":"","detail":["默认"],"detailValue":"","value":"规格"}],"value":[{"barCode":"","brokerage":0.0,"brokerageTwo":0.0,"cost":5.0,"detail":{"规格":"默认"},"integral":0,"otPrice":5.0,"pic":"","pinkPrice":0.0,"pinkStock":0,"price":5.0,"seckillPrice":0.0,"seckillStock":0,"sku":"","stock":9999,"value1":"规格","value2":"","volume":0.0,"weight":0.0}]}', '2026-05-08 16:32:34');
INSERT INTO yshop_store_product_attr_value (id, product_id, sku, stock, sales, price, image, `unique`, cost, bar_code, ot_price, weight, volume, brokerage, brokerage_two, pink_price, pink_stock, seckill_price, seckill_stock, integral) VALUES (820016, 30017, '默认', 9999, 0, 5.00, @placeholder_img, '2c21b51aec01e52f10526f0fd87df1bf', 5.00, '', 5.00, 0.00, 0.00, 0.00, 0.00, 0.00, 0, 0.00, 0, 0);
INSERT INTO yshop_store_product (id, shop_id, shop_name, image, slider_image, store_name, store_info, keyword, bar_code, brand_id, cate_id, price, vip_price, ot_price, postage, unit_name, sort, sales, stock, is_show, is_hot, is_benefit, is_best, is_new, description, creator, create_time, update_time, updater, is_postage, deleted, mer_use, give_integral, cost, is_seckill, is_bargain, is_good, ficti, browse, code_path, is_sub, temp_id, spec_type, is_integral, integral, tenant_id) VALUES (30018, @shop_id, '吉林小串', @placeholder_img, @placeholder_img, '风干油边', '风干油边', '风干油边', '', NULL, '9001', 10.00, 0.00, 10.00, 0.00, '串', 18, 0, 9999, 1, 0, 0, 0, 0, '<p>风干油边</p>', '1', '2026-05-08 16:32:34', '2026-05-08 16:32:34', '1', 0, b'0', 0, NULL, 10.00, 0, NULL, 0, 100, 0, '', 0, 0, 0, 0, 0, @tenant_id);
INSERT INTO yshop_store_product_attr (id, product_id, attr_name, attr_values) VALUES (800017, 30018, '规格', '默认');
INSERT INTO yshop_store_product_attr_result (id, product_id, result, change_time) VALUES (810017, 30018, '{"attr":[{"attrHidden":"","detail":["默认"],"detailValue":"","value":"规格"}],"value":[{"barCode":"","brokerage":0.0,"brokerageTwo":0.0,"cost":10.0,"detail":{"规格":"默认"},"integral":0,"otPrice":10.0,"pic":"","pinkPrice":0.0,"pinkStock":0,"price":10.0,"seckillPrice":0.0,"seckillStock":0,"sku":"","stock":9999,"value1":"规格","value2":"","volume":0.0,"weight":0.0}]}', '2026-05-08 16:32:34');
INSERT INTO yshop_store_product_attr_value (id, product_id, sku, stock, sales, price, image, `unique`, cost, bar_code, ot_price, weight, volume, brokerage, brokerage_two, pink_price, pink_stock, seckill_price, seckill_stock, integral) VALUES (820017, 30018, '默认', 9999, 0, 10.00, @placeholder_img, '70873890f144c12eef6fa71d8a4211d4', 10.00, '', 10.00, 0.00, 0.00, 0.00, 0.00, 0.00, 0, 0.00, 0, 0);
INSERT INTO yshop_store_product (id, shop_id, shop_name, image, slider_image, store_name, store_info, keyword, bar_code, brand_id, cate_id, price, vip_price, ot_price, postage, unit_name, sort, sales, stock, is_show, is_hot, is_benefit, is_best, is_new, description, creator, create_time, update_time, updater, is_postage, deleted, mer_use, give_integral, cost, is_seckill, is_bargain, is_good, ficti, browse, code_path, is_sub, temp_id, spec_type, is_integral, integral, tenant_id) VALUES (30019, @shop_id, '吉林小串', @placeholder_img, @placeholder_img, '肥肠', '肥肠', '肥肠', '', NULL, '9001', 5.00, 0.00, 5.00, 0.00, '串', 19, 0, 9999, 1, 0, 0, 0, 0, '<p>肥肠</p>', '1', '2026-05-08 16:32:34', '2026-05-08 16:32:34', '1', 0, b'0', 0, NULL, 5.00, 0, NULL, 0, 100, 0, '', 0, 0, 0, 0, 0, @tenant_id);
INSERT INTO yshop_store_product_attr (id, product_id, attr_name, attr_values) VALUES (800018, 30019, '规格', '默认');
INSERT INTO yshop_store_product_attr_result (id, product_id, result, change_time) VALUES (810018, 30019, '{"attr":[{"attrHidden":"","detail":["默认"],"detailValue":"","value":"规格"}],"value":[{"barCode":"","brokerage":0.0,"brokerageTwo":0.0,"cost":5.0,"detail":{"规格":"默认"},"integral":0,"otPrice":5.0,"pic":"","pinkPrice":0.0,"pinkStock":0,"price":5.0,"seckillPrice":0.0,"seckillStock":0,"sku":"","stock":9999,"value1":"规格","value2":"","volume":0.0,"weight":0.0}]}', '2026-05-08 16:32:34');
INSERT INTO yshop_store_product_attr_value (id, product_id, sku, stock, sales, price, image, `unique`, cost, bar_code, ot_price, weight, volume, brokerage, brokerage_two, pink_price, pink_stock, seckill_price, seckill_stock, integral) VALUES (820018, 30019, '默认', 9999, 0, 5.00, @placeholder_img, '00efbe112c784d02b7ed01ebefa30af2', 5.00, '', 5.00, 0.00, 0.00, 0.00, 0.00, 0.00, 0, 0.00, 0, 0);
INSERT INTO yshop_store_product (id, shop_id, shop_name, image, slider_image, store_name, store_info, keyword, bar_code, brand_id, cate_id, price, vip_price, ot_price, postage, unit_name, sort, sales, stock, is_show, is_hot, is_benefit, is_best, is_new, description, creator, create_time, update_time, updater, is_postage, deleted, mer_use, give_integral, cost, is_seckill, is_bargain, is_good, ficti, browse, code_path, is_sub, temp_id, spec_type, is_integral, integral, tenant_id) VALUES (30020, @shop_id, '吉林小串', @placeholder_img, @placeholder_img, '大梅花肉', '大梅花肉', '大梅花肉', '', NULL, '9001', 6.00, 0.00, 6.00, 0.00, '串', 20, 0, 9999, 1, 0, 0, 0, 0, '<p>大梅花肉</p>', '1', '2026-05-08 16:32:34', '2026-05-08 16:32:34', '1', 0, b'0', 0, NULL, 6.00, 0, NULL, 0, 100, 0, '', 0, 0, 0, 0, 0, @tenant_id);
INSERT INTO yshop_store_product_attr (id, product_id, attr_name, attr_values) VALUES (800019, 30020, '规格', '默认');
INSERT INTO yshop_store_product_attr_result (id, product_id, result, change_time) VALUES (810019, 30020, '{"attr":[{"attrHidden":"","detail":["默认"],"detailValue":"","value":"规格"}],"value":[{"barCode":"","brokerage":0.0,"brokerageTwo":0.0,"cost":6.0,"detail":{"规格":"默认"},"integral":0,"otPrice":6.0,"pic":"","pinkPrice":0.0,"pinkStock":0,"price":6.0,"seckillPrice":0.0,"seckillStock":0,"sku":"","stock":9999,"value1":"规格","value2":"","volume":0.0,"weight":0.0}]}', '2026-05-08 16:32:34');
INSERT INTO yshop_store_product_attr_value (id, product_id, sku, stock, sales, price, image, `unique`, cost, bar_code, ot_price, weight, volume, brokerage, brokerage_two, pink_price, pink_stock, seckill_price, seckill_stock, integral) VALUES (820019, 30020, '默认', 9999, 0, 6.00, @placeholder_img, '390a7eb74dfd587d0d9603393446c86c', 6.00, '', 6.00, 0.00, 0.00, 0.00, 0.00, 0.00, 0, 0.00, 0, 0);
INSERT INTO yshop_store_product (id, shop_id, shop_name, image, slider_image, store_name, store_info, keyword, bar_code, brand_id, cate_id, price, vip_price, ot_price, postage, unit_name, sort, sales, stock, is_show, is_hot, is_benefit, is_best, is_new, description, creator, create_time, update_time, updater, is_postage, deleted, mer_use, give_integral, cost, is_seckill, is_bargain, is_good, ficti, browse, code_path, is_sub, temp_id, spec_type, is_integral, integral, tenant_id) VALUES (30021, @shop_id, '吉林小串', @placeholder_img, @placeholder_img, '蚂蚱', '蚂蚱', '蚂蚱', '', NULL, '9001', 5.00, 0.00, 5.00, 0.00, '串', 21, 0, 9999, 1, 0, 0, 0, 0, '<p>蚂蚱</p>', '1', '2026-05-08 16:32:34', '2026-05-08 16:32:34', '1', 0, b'0', 0, NULL, 5.00, 0, NULL, 0, 100, 0, '', 0, 0, 0, 0, 0, @tenant_id);
INSERT INTO yshop_store_product_attr (id, product_id, attr_name, attr_values) VALUES (800020, 30021, '规格', '默认');
INSERT INTO yshop_store_product_attr_result (id, product_id, result, change_time) VALUES (810020, 30021, '{"attr":[{"attrHidden":"","detail":["默认"],"detailValue":"","value":"规格"}],"value":[{"barCode":"","brokerage":0.0,"brokerageTwo":0.0,"cost":5.0,"detail":{"规格":"默认"},"integral":0,"otPrice":5.0,"pic":"","pinkPrice":0.0,"pinkStock":0,"price":5.0,"seckillPrice":0.0,"seckillStock":0,"sku":"","stock":9999,"value1":"规格","value2":"","volume":0.0,"weight":0.0}]}', '2026-05-08 16:32:34');
INSERT INTO yshop_store_product_attr_value (id, product_id, sku, stock, sales, price, image, `unique`, cost, bar_code, ot_price, weight, volume, brokerage, brokerage_two, pink_price, pink_stock, seckill_price, seckill_stock, integral) VALUES (820020, 30021, '默认', 9999, 0, 5.00, @placeholder_img, '3b145cde2d273b4a8e638453231c875c', 5.00, '', 5.00, 0.00, 0.00, 0.00, 0.00, 0.00, 0, 0.00, 0, 0);
INSERT INTO yshop_store_product (id, shop_id, shop_name, image, slider_image, store_name, store_info, keyword, bar_code, brand_id, cate_id, price, vip_price, ot_price, postage, unit_name, sort, sales, stock, is_show, is_hot, is_benefit, is_best, is_new, description, creator, create_time, update_time, updater, is_postage, deleted, mer_use, give_integral, cost, is_seckill, is_bargain, is_good, ficti, browse, code_path, is_sub, temp_id, spec_type, is_integral, integral, tenant_id) VALUES (30022, @shop_id, '吉林小串', @placeholder_img, @placeholder_img, '鸡翅', '鸡翅', '鸡翅', '', NULL, '9001', 8.00, 0.00, 8.00, 0.00, '串', 22, 0, 9999, 1, 0, 0, 0, 0, '<p>鸡翅</p>', '1', '2026-05-08 16:32:34', '2026-05-08 16:32:34', '1', 0, b'0', 0, NULL, 8.00, 0, NULL, 0, 100, 0, '', 0, 0, 0, 0, 0, @tenant_id);
INSERT INTO yshop_store_product_attr (id, product_id, attr_name, attr_values) VALUES (800021, 30022, '规格', '默认');
INSERT INTO yshop_store_product_attr_result (id, product_id, result, change_time) VALUES (810021, 30022, '{"attr":[{"attrHidden":"","detail":["默认"],"detailValue":"","value":"规格"}],"value":[{"barCode":"","brokerage":0.0,"brokerageTwo":0.0,"cost":8.0,"detail":{"规格":"默认"},"integral":0,"otPrice":8.0,"pic":"","pinkPrice":0.0,"pinkStock":0,"price":8.0,"seckillPrice":0.0,"seckillStock":0,"sku":"","stock":9999,"value1":"规格","value2":"","volume":0.0,"weight":0.0}]}', '2026-05-08 16:32:34');
INSERT INTO yshop_store_product_attr_value (id, product_id, sku, stock, sales, price, image, `unique`, cost, bar_code, ot_price, weight, volume, brokerage, brokerage_two, pink_price, pink_stock, seckill_price, seckill_stock, integral) VALUES (820021, 30022, '默认', 9999, 0, 8.00, @placeholder_img, 'dd76b5c11e3fe065825d23d08ea36750', 8.00, '', 8.00, 0.00, 0.00, 0.00, 0.00, 0.00, 0, 0.00, 0, 0);
INSERT INTO yshop_store_product (id, shop_id, shop_name, image, slider_image, store_name, store_info, keyword, bar_code, brand_id, cate_id, price, vip_price, ot_price, postage, unit_name, sort, sales, stock, is_show, is_hot, is_benefit, is_best, is_new, description, creator, create_time, update_time, updater, is_postage, deleted, mer_use, give_integral, cost, is_seckill, is_bargain, is_good, ficti, browse, code_path, is_sub, temp_id, spec_type, is_integral, integral, tenant_id) VALUES (30023, @shop_id, '吉林小串', @placeholder_img, @placeholder_img, '鸡皮', '鸡皮', '鸡皮', '', NULL, '9001', 3.00, 0.00, 3.00, 0.00, '串', 23, 0, 9999, 1, 0, 0, 0, 0, '<p>鸡皮</p>', '1', '2026-05-08 16:32:34', '2026-05-08 16:32:34', '1', 0, b'0', 0, NULL, 3.00, 0, NULL, 0, 100, 0, '', 0, 0, 0, 0, 0, @tenant_id);
INSERT INTO yshop_store_product_attr (id, product_id, attr_name, attr_values) VALUES (800022, 30023, '规格', '默认');
INSERT INTO yshop_store_product_attr_result (id, product_id, result, change_time) VALUES (810022, 30023, '{"attr":[{"attrHidden":"","detail":["默认"],"detailValue":"","value":"规格"}],"value":[{"barCode":"","brokerage":0.0,"brokerageTwo":0.0,"cost":3.0,"detail":{"规格":"默认"},"integral":0,"otPrice":3.0,"pic":"","pinkPrice":0.0,"pinkStock":0,"price":3.0,"seckillPrice":0.0,"seckillStock":0,"sku":"","stock":9999,"value1":"规格","value2":"","volume":0.0,"weight":0.0}]}', '2026-05-08 16:32:34');
INSERT INTO yshop_store_product_attr_value (id, product_id, sku, stock, sales, price, image, `unique`, cost, bar_code, ot_price, weight, volume, brokerage, brokerage_two, pink_price, pink_stock, seckill_price, seckill_stock, integral) VALUES (820022, 30023, '默认', 9999, 0, 3.00, @placeholder_img, '516a6b557d2d70e0bca1c5961cce00af', 3.00, '', 3.00, 0.00, 0.00, 0.00, 0.00, 0.00, 0, 0.00, 0, 0);
INSERT INTO yshop_store_product (id, shop_id, shop_name, image, slider_image, store_name, store_info, keyword, bar_code, brand_id, cate_id, price, vip_price, ot_price, postage, unit_name, sort, sales, stock, is_show, is_hot, is_benefit, is_best, is_new, description, creator, create_time, update_time, updater, is_postage, deleted, mer_use, give_integral, cost, is_seckill, is_bargain, is_good, ficti, browse, code_path, is_sub, temp_id, spec_type, is_integral, integral, tenant_id) VALUES (30024, @shop_id, '吉林小串', @placeholder_img, @placeholder_img, '掌中宝', '掌中宝', '掌中宝', '', NULL, '9001', 3.00, 0.00, 3.00, 0.00, '串', 24, 0, 9999, 1, 0, 0, 0, 0, '<p>掌中宝</p>', '1', '2026-05-08 16:32:34', '2026-05-08 16:32:34', '1', 0, b'0', 0, NULL, 3.00, 0, NULL, 0, 100, 0, '', 0, 0, 0, 0, 0, @tenant_id);
INSERT INTO yshop_store_product_attr (id, product_id, attr_name, attr_values) VALUES (800023, 30024, '规格', '默认');
INSERT INTO yshop_store_product_attr_result (id, product_id, result, change_time) VALUES (810023, 30024, '{"attr":[{"attrHidden":"","detail":["默认"],"detailValue":"","value":"规格"}],"value":[{"barCode":"","brokerage":0.0,"brokerageTwo":0.0,"cost":3.0,"detail":{"规格":"默认"},"integral":0,"otPrice":3.0,"pic":"","pinkPrice":0.0,"pinkStock":0,"price":3.0,"seckillPrice":0.0,"seckillStock":0,"sku":"","stock":9999,"value1":"规格","value2":"","volume":0.0,"weight":0.0}]}', '2026-05-08 16:32:34');
INSERT INTO yshop_store_product_attr_value (id, product_id, sku, stock, sales, price, image, `unique`, cost, bar_code, ot_price, weight, volume, brokerage, brokerage_two, pink_price, pink_stock, seckill_price, seckill_stock, integral) VALUES (820023, 30024, '默认', 9999, 0, 3.00, @placeholder_img, 'e9d2c782fbbbe7e31df59d1c61215292', 3.00, '', 3.00, 0.00, 0.00, 0.00, 0.00, 0.00, 0, 0.00, 0, 0);
INSERT INTO yshop_store_product (id, shop_id, shop_name, image, slider_image, store_name, store_info, keyword, bar_code, brand_id, cate_id, price, vip_price, ot_price, postage, unit_name, sort, sales, stock, is_show, is_hot, is_benefit, is_best, is_new, description, creator, create_time, update_time, updater, is_postage, deleted, mer_use, give_integral, cost, is_seckill, is_bargain, is_good, ficti, browse, code_path, is_sub, temp_id, spec_type, is_integral, integral, tenant_id) VALUES (30025, @shop_id, '吉林小串', @placeholder_img, @placeholder_img, '多味鱼', '多味鱼', '多味鱼', '', NULL, '9001', 5.00, 0.00, 5.00, 0.00, '串', 25, 0, 9999, 1, 0, 0, 0, 0, '<p>多味鱼</p>', '1', '2026-05-08 16:32:34', '2026-05-08 16:32:34', '1', 0, b'0', 0, NULL, 5.00, 0, NULL, 0, 100, 0, '', 0, 0, 0, 0, 0, @tenant_id);
INSERT INTO yshop_store_product_attr (id, product_id, attr_name, attr_values) VALUES (800024, 30025, '规格', '默认');
INSERT INTO yshop_store_product_attr_result (id, product_id, result, change_time) VALUES (810024, 30025, '{"attr":[{"attrHidden":"","detail":["默认"],"detailValue":"","value":"规格"}],"value":[{"barCode":"","brokerage":0.0,"brokerageTwo":0.0,"cost":5.0,"detail":{"规格":"默认"},"integral":0,"otPrice":5.0,"pic":"","pinkPrice":0.0,"pinkStock":0,"price":5.0,"seckillPrice":0.0,"seckillStock":0,"sku":"","stock":9999,"value1":"规格","value2":"","volume":0.0,"weight":0.0}]}', '2026-05-08 16:32:34');
INSERT INTO yshop_store_product_attr_value (id, product_id, sku, stock, sales, price, image, `unique`, cost, bar_code, ot_price, weight, volume, brokerage, brokerage_two, pink_price, pink_stock, seckill_price, seckill_stock, integral) VALUES (820024, 30025, '默认', 9999, 0, 5.00, @placeholder_img, '09de5aa72c9ce0ebc7f166f031ed8373', 5.00, '', 5.00, 0.00, 0.00, 0.00, 0.00, 0.00, 0, 0.00, 0, 0);
INSERT INTO yshop_store_product (id, shop_id, shop_name, image, slider_image, store_name, store_info, keyword, bar_code, brand_id, cate_id, price, vip_price, ot_price, postage, unit_name, sort, sales, stock, is_show, is_hot, is_benefit, is_best, is_new, description, creator, create_time, update_time, updater, is_postage, deleted, mer_use, give_integral, cost, is_seckill, is_bargain, is_good, ficti, browse, code_path, is_sub, temp_id, spec_type, is_integral, integral, tenant_id) VALUES (30026, @shop_id, '吉林小串', @placeholder_img, @placeholder_img, '玉米粒', '玉米粒', '玉米粒', '', NULL, '9002', 6.00, 0.00, 6.00, 0.00, '把', 1, 0, 9999, 1, 0, 0, 0, 0, '<p>玉米粒</p>', '1', '2026-05-08 16:32:34', '2026-05-08 16:32:34', '1', 0, b'0', 0, NULL, 6.00, 0, NULL, 0, 100, 0, '', 0, 0, 0, 0, 0, @tenant_id);
INSERT INTO yshop_store_product_attr (id, product_id, attr_name, attr_values) VALUES (800025, 30026, '规格', '默认');
INSERT INTO yshop_store_product_attr_result (id, product_id, result, change_time) VALUES (810025, 30026, '{"attr":[{"attrHidden":"","detail":["默认"],"detailValue":"","value":"规格"}],"value":[{"barCode":"","brokerage":0.0,"brokerageTwo":0.0,"cost":6.0,"detail":{"规格":"默认"},"integral":0,"otPrice":6.0,"pic":"","pinkPrice":0.0,"pinkStock":0,"price":6.0,"seckillPrice":0.0,"seckillStock":0,"sku":"","stock":9999,"value1":"规格","value2":"","volume":0.0,"weight":0.0}]}', '2026-05-08 16:32:34');
INSERT INTO yshop_store_product_attr_value (id, product_id, sku, stock, sales, price, image, `unique`, cost, bar_code, ot_price, weight, volume, brokerage, brokerage_two, pink_price, pink_stock, seckill_price, seckill_stock, integral) VALUES (820025, 30026, '默认', 9999, 0, 6.00, @placeholder_img, '763472e582e1e2640e196487f27c9498', 6.00, '', 6.00, 0.00, 0.00, 0.00, 0.00, 0.00, 0, 0.00, 0, 0);
INSERT INTO yshop_store_product (id, shop_id, shop_name, image, slider_image, store_name, store_info, keyword, bar_code, brand_id, cate_id, price, vip_price, ot_price, postage, unit_name, sort, sales, stock, is_show, is_hot, is_benefit, is_best, is_new, description, creator, create_time, update_time, updater, is_postage, deleted, mer_use, give_integral, cost, is_seckill, is_bargain, is_good, ficti, browse, code_path, is_sub, temp_id, spec_type, is_integral, integral, tenant_id) VALUES (30027, @shop_id, '吉林小串', @placeholder_img, @placeholder_img, '腊肠', '腊肠', '腊肠', '', NULL, '9002', 8.00, 0.00, 8.00, 0.00, '把', 2, 0, 9999, 1, 0, 0, 0, 0, '<p>腊肠</p>', '1', '2026-05-08 16:32:34', '2026-05-08 16:32:34', '1', 0, b'0', 0, NULL, 8.00, 0, NULL, 0, 100, 0, '', 0, 0, 0, 0, 0, @tenant_id);
INSERT INTO yshop_store_product_attr (id, product_id, attr_name, attr_values) VALUES (800026, 30027, '规格', '默认');
INSERT INTO yshop_store_product_attr_result (id, product_id, result, change_time) VALUES (810026, 30027, '{"attr":[{"attrHidden":"","detail":["默认"],"detailValue":"","value":"规格"}],"value":[{"barCode":"","brokerage":0.0,"brokerageTwo":0.0,"cost":8.0,"detail":{"规格":"默认"},"integral":0,"otPrice":8.0,"pic":"","pinkPrice":0.0,"pinkStock":0,"price":8.0,"seckillPrice":0.0,"seckillStock":0,"sku":"","stock":9999,"value1":"规格","value2":"","volume":0.0,"weight":0.0}]}', '2026-05-08 16:32:34');
INSERT INTO yshop_store_product_attr_value (id, product_id, sku, stock, sales, price, image, `unique`, cost, bar_code, ot_price, weight, volume, brokerage, brokerage_two, pink_price, pink_stock, seckill_price, seckill_stock, integral) VALUES (820026, 30027, '默认', 9999, 0, 8.00, @placeholder_img, 'f288809ee30f4750e3895d6a3458c896', 8.00, '', 8.00, 0.00, 0.00, 0.00, 0.00, 0.00, 0, 0.00, 0, 0);
INSERT INTO yshop_store_product (id, shop_id, shop_name, image, slider_image, store_name, store_info, keyword, bar_code, brand_id, cate_id, price, vip_price, ot_price, postage, unit_name, sort, sales, stock, is_show, is_hot, is_benefit, is_best, is_new, description, creator, create_time, update_time, updater, is_postage, deleted, mer_use, give_integral, cost, is_seckill, is_bargain, is_good, ficti, browse, code_path, is_sub, temp_id, spec_type, is_integral, integral, tenant_id) VALUES (30028, @shop_id, '吉林小串', @placeholder_img, @placeholder_img, '鸭肠', '鸭肠', '鸭肠', '', NULL, '9002', 10.00, 0.00, 10.00, 0.00, '把', 3, 0, 9999, 1, 0, 0, 0, 0, '<p>鸭肠</p>', '1', '2026-05-08 16:32:34', '2026-05-08 16:32:34', '1', 0, b'0', 0, NULL, 10.00, 0, NULL, 0, 100, 0, '', 0, 0, 0, 0, 0, @tenant_id);
INSERT INTO yshop_store_product_attr (id, product_id, attr_name, attr_values) VALUES (800027, 30028, '规格', '默认');
INSERT INTO yshop_store_product_attr_result (id, product_id, result, change_time) VALUES (810027, 30028, '{"attr":[{"attrHidden":"","detail":["默认"],"detailValue":"","value":"规格"}],"value":[{"barCode":"","brokerage":0.0,"brokerageTwo":0.0,"cost":10.0,"detail":{"规格":"默认"},"integral":0,"otPrice":10.0,"pic":"","pinkPrice":0.0,"pinkStock":0,"price":10.0,"seckillPrice":0.0,"seckillStock":0,"sku":"","stock":9999,"value1":"规格","value2":"","volume":0.0,"weight":0.0}]}', '2026-05-08 16:32:34');
INSERT INTO yshop_store_product_attr_value (id, product_id, sku, stock, sales, price, image, `unique`, cost, bar_code, ot_price, weight, volume, brokerage, brokerage_two, pink_price, pink_stock, seckill_price, seckill_stock, integral) VALUES (820027, 30028, '默认', 9999, 0, 10.00, @placeholder_img, '87c95cf1dd276015f42abe8a08897fee', 10.00, '', 10.00, 0.00, 0.00, 0.00, 0.00, 0.00, 0, 0.00, 0, 0);
INSERT INTO yshop_store_product (id, shop_id, shop_name, image, slider_image, store_name, store_info, keyword, bar_code, brand_id, cate_id, price, vip_price, ot_price, postage, unit_name, sort, sales, stock, is_show, is_hot, is_benefit, is_best, is_new, description, creator, create_time, update_time, updater, is_postage, deleted, mer_use, give_integral, cost, is_seckill, is_bargain, is_good, ficti, browse, code_path, is_sub, temp_id, spec_type, is_integral, integral, tenant_id) VALUES (30029, @shop_id, '吉林小串', @placeholder_img, @placeholder_img, '小肉串', '小肉串', '小肉串', '', NULL, '9002', 10.00, 0.00, 10.00, 0.00, '把', 4, 0, 9999, 1, 0, 0, 0, 0, '<p>小肉串</p>', '1', '2026-05-08 16:32:34', '2026-05-08 16:32:34', '1', 0, b'0', 0, NULL, 10.00, 0, NULL, 0, 100, 0, '', 0, 0, 0, 0, 0, @tenant_id);
INSERT INTO yshop_store_product_attr (id, product_id, attr_name, attr_values) VALUES (800028, 30029, '规格', '默认');
INSERT INTO yshop_store_product_attr_result (id, product_id, result, change_time) VALUES (810028, 30029, '{"attr":[{"attrHidden":"","detail":["默认"],"detailValue":"","value":"规格"}],"value":[{"barCode":"","brokerage":0.0,"brokerageTwo":0.0,"cost":10.0,"detail":{"规格":"默认"},"integral":0,"otPrice":10.0,"pic":"","pinkPrice":0.0,"pinkStock":0,"price":10.0,"seckillPrice":0.0,"seckillStock":0,"sku":"","stock":9999,"value1":"规格","value2":"","volume":0.0,"weight":0.0}]}', '2026-05-08 16:32:34');
INSERT INTO yshop_store_product_attr_value (id, product_id, sku, stock, sales, price, image, `unique`, cost, bar_code, ot_price, weight, volume, brokerage, brokerage_two, pink_price, pink_stock, seckill_price, seckill_stock, integral) VALUES (820028, 30029, '默认', 9999, 0, 10.00, @placeholder_img, '8a61ae0269d7438a98db65b7a0e41097', 10.00, '', 10.00, 0.00, 0.00, 0.00, 0.00, 0.00, 0, 0.00, 0, 0);
INSERT INTO yshop_store_product (id, shop_id, shop_name, image, slider_image, store_name, store_info, keyword, bar_code, brand_id, cate_id, price, vip_price, ot_price, postage, unit_name, sort, sales, stock, is_show, is_hot, is_benefit, is_best, is_new, description, creator, create_time, update_time, updater, is_postage, deleted, mer_use, give_integral, cost, is_seckill, is_bargain, is_good, ficti, browse, code_path, is_sub, temp_id, spec_type, is_integral, integral, tenant_id) VALUES (30030, @shop_id, '吉林小串', @placeholder_img, @placeholder_img, '牛油', '牛油', '牛油', '', NULL, '9002', 10.00, 0.00, 10.00, 0.00, '把', 5, 0, 9999, 1, 0, 0, 0, 0, '<p>牛油</p>', '1', '2026-05-08 16:32:34', '2026-05-08 16:32:34', '1', 0, b'0', 0, NULL, 10.00, 0, NULL, 0, 100, 0, '', 0, 0, 0, 0, 0, @tenant_id);
INSERT INTO yshop_store_product_attr (id, product_id, attr_name, attr_values) VALUES (800029, 30030, '规格', '默认');
INSERT INTO yshop_store_product_attr_result (id, product_id, result, change_time) VALUES (810029, 30030, '{"attr":[{"attrHidden":"","detail":["默认"],"detailValue":"","value":"规格"}],"value":[{"barCode":"","brokerage":0.0,"brokerageTwo":0.0,"cost":10.0,"detail":{"规格":"默认"},"integral":0,"otPrice":10.0,"pic":"","pinkPrice":0.0,"pinkStock":0,"price":10.0,"seckillPrice":0.0,"seckillStock":0,"sku":"","stock":9999,"value1":"规格","value2":"","volume":0.0,"weight":0.0}]}', '2026-05-08 16:32:34');
INSERT INTO yshop_store_product_attr_value (id, product_id, sku, stock, sales, price, image, `unique`, cost, bar_code, ot_price, weight, volume, brokerage, brokerage_two, pink_price, pink_stock, seckill_price, seckill_stock, integral) VALUES (820029, 30030, '默认', 9999, 0, 10.00, @placeholder_img, '34d88996c67a9e95317a1f091516ed7d', 10.00, '', 10.00, 0.00, 0.00, 0.00, 0.00, 0.00, 0, 0.00, 0, 0);
INSERT INTO yshop_store_product (id, shop_id, shop_name, image, slider_image, store_name, store_info, keyword, bar_code, brand_id, cate_id, price, vip_price, ot_price, postage, unit_name, sort, sales, stock, is_show, is_hot, is_benefit, is_best, is_new, description, creator, create_time, update_time, updater, is_postage, deleted, mer_use, give_integral, cost, is_seckill, is_bargain, is_good, ficti, browse, code_path, is_sub, temp_id, spec_type, is_integral, integral, tenant_id) VALUES (30031, @shop_id, '吉林小串', @placeholder_img, @placeholder_img, '牛肚', '牛肚', '牛肚', '', NULL, '9002', 10.00, 0.00, 10.00, 0.00, '把', 6, 0, 9999, 1, 0, 0, 0, 0, '<p>牛肚</p>', '1', '2026-05-08 16:32:34', '2026-05-08 16:32:34', '1', 0, b'0', 0, NULL, 10.00, 0, NULL, 0, 100, 0, '', 0, 0, 0, 0, 0, @tenant_id);
INSERT INTO yshop_store_product_attr (id, product_id, attr_name, attr_values) VALUES (800030, 30031, '规格', '默认');
INSERT INTO yshop_store_product_attr_result (id, product_id, result, change_time) VALUES (810030, 30031, '{"attr":[{"attrHidden":"","detail":["默认"],"detailValue":"","value":"规格"}],"value":[{"barCode":"","brokerage":0.0,"brokerageTwo":0.0,"cost":10.0,"detail":{"规格":"默认"},"integral":0,"otPrice":10.0,"pic":"","pinkPrice":0.0,"pinkStock":0,"price":10.0,"seckillPrice":0.0,"seckillStock":0,"sku":"","stock":9999,"value1":"规格","value2":"","volume":0.0,"weight":0.0}]}', '2026-05-08 16:32:34');
INSERT INTO yshop_store_product_attr_value (id, product_id, sku, stock, sales, price, image, `unique`, cost, bar_code, ot_price, weight, volume, brokerage, brokerage_two, pink_price, pink_stock, seckill_price, seckill_stock, integral) VALUES (820030, 30031, '默认', 9999, 0, 10.00, @placeholder_img, '0e7615efe6415c17d0d577b92db5d78d', 10.00, '', 10.00, 0.00, 0.00, 0.00, 0.00, 0.00, 0, 0.00, 0, 0);
INSERT INTO yshop_store_product (id, shop_id, shop_name, image, slider_image, store_name, store_info, keyword, bar_code, brand_id, cate_id, price, vip_price, ot_price, postage, unit_name, sort, sales, stock, is_show, is_hot, is_benefit, is_best, is_new, description, creator, create_time, update_time, updater, is_postage, deleted, mer_use, give_integral, cost, is_seckill, is_bargain, is_good, ficti, browse, code_path, is_sub, temp_id, spec_type, is_integral, integral, tenant_id) VALUES (30032, @shop_id, '吉林小串', @placeholder_img, @placeholder_img, '鸡肉干豆腐', '鸡肉干豆腐', '鸡肉干豆腐', '', NULL, '9002', 8.00, 0.00, 8.00, 0.00, '把', 7, 0, 9999, 1, 0, 0, 0, 0, '<p>鸡肉干豆腐</p>', '1', '2026-05-08 16:32:34', '2026-05-08 16:32:34', '1', 0, b'0', 0, NULL, 8.00, 0, NULL, 0, 100, 0, '', 0, 0, 0, 0, 0, @tenant_id);
INSERT INTO yshop_store_product_attr (id, product_id, attr_name, attr_values) VALUES (800031, 30032, '规格', '默认');
INSERT INTO yshop_store_product_attr_result (id, product_id, result, change_time) VALUES (810031, 30032, '{"attr":[{"attrHidden":"","detail":["默认"],"detailValue":"","value":"规格"}],"value":[{"barCode":"","brokerage":0.0,"brokerageTwo":0.0,"cost":8.0,"detail":{"规格":"默认"},"integral":0,"otPrice":8.0,"pic":"","pinkPrice":0.0,"pinkStock":0,"price":8.0,"seckillPrice":0.0,"seckillStock":0,"sku":"","stock":9999,"value1":"规格","value2":"","volume":0.0,"weight":0.0}]}', '2026-05-08 16:32:34');
INSERT INTO yshop_store_product_attr_value (id, product_id, sku, stock, sales, price, image, `unique`, cost, bar_code, ot_price, weight, volume, brokerage, brokerage_two, pink_price, pink_stock, seckill_price, seckill_stock, integral) VALUES (820031, 30032, '默认', 9999, 0, 8.00, @placeholder_img, 'aff593c75eaffa5bef57406e511810b4', 8.00, '', 8.00, 0.00, 0.00, 0.00, 0.00, 0.00, 0, 0.00, 0, 0);
INSERT INTO yshop_store_product (id, shop_id, shop_name, image, slider_image, store_name, store_info, keyword, bar_code, brand_id, cate_id, price, vip_price, ot_price, postage, unit_name, sort, sales, stock, is_show, is_hot, is_benefit, is_best, is_new, description, creator, create_time, update_time, updater, is_postage, deleted, mer_use, give_integral, cost, is_seckill, is_bargain, is_good, ficti, browse, code_path, is_sub, temp_id, spec_type, is_integral, integral, tenant_id) VALUES (30033, @shop_id, '吉林小串', @placeholder_img, @placeholder_img, '鱿鱼', '鱿鱼', '鱿鱼', '', NULL, '9003', 8.00, 0.00, 8.00, 0.00, '串', 1, 0, 9999, 1, 0, 0, 0, 0, '<p>鱿鱼</p>', '1', '2026-05-08 16:32:34', '2026-05-08 16:32:34', '1', 0, b'0', 0, NULL, 8.00, 0, NULL, 0, 100, 0, '', 0, 0, 0, 0, 0, @tenant_id);
INSERT INTO yshop_store_product_attr (id, product_id, attr_name, attr_values) VALUES (800032, 30033, '规格', '默认');
INSERT INTO yshop_store_product_attr_result (id, product_id, result, change_time) VALUES (810032, 30033, '{"attr":[{"attrHidden":"","detail":["默认"],"detailValue":"","value":"规格"}],"value":[{"barCode":"","brokerage":0.0,"brokerageTwo":0.0,"cost":8.0,"detail":{"规格":"默认"},"integral":0,"otPrice":8.0,"pic":"","pinkPrice":0.0,"pinkStock":0,"price":8.0,"seckillPrice":0.0,"seckillStock":0,"sku":"","stock":9999,"value1":"规格","value2":"","volume":0.0,"weight":0.0}]}', '2026-05-08 16:32:34');
INSERT INTO yshop_store_product_attr_value (id, product_id, sku, stock, sales, price, image, `unique`, cost, bar_code, ot_price, weight, volume, brokerage, brokerage_two, pink_price, pink_stock, seckill_price, seckill_stock, integral) VALUES (820032, 30033, '默认', 9999, 0, 8.00, @placeholder_img, '8f3cae67249019b637e0a62c291ba6e8', 8.00, '', 8.00, 0.00, 0.00, 0.00, 0.00, 0.00, 0, 0.00, 0, 0);
INSERT INTO yshop_store_product (id, shop_id, shop_name, image, slider_image, store_name, store_info, keyword, bar_code, brand_id, cate_id, price, vip_price, ot_price, postage, unit_name, sort, sales, stock, is_show, is_hot, is_benefit, is_best, is_new, description, creator, create_time, update_time, updater, is_postage, deleted, mer_use, give_integral, cost, is_seckill, is_bargain, is_good, ficti, browse, code_path, is_sub, temp_id, spec_type, is_integral, integral, tenant_id) VALUES (30034, @shop_id, '吉林小串', @placeholder_img, @placeholder_img, '秋刀鱼', '秋刀鱼', '秋刀鱼', '', NULL, '9003', 10.00, 0.00, 10.00, 0.00, '串', 2, 0, 9999, 1, 0, 0, 0, 0, '<p>秋刀鱼</p>', '1', '2026-05-08 16:32:34', '2026-05-08 16:32:34', '1', 0, b'0', 0, NULL, 10.00, 0, NULL, 0, 100, 0, '', 0, 0, 0, 0, 0, @tenant_id);
INSERT INTO yshop_store_product_attr (id, product_id, attr_name, attr_values) VALUES (800033, 30034, '规格', '默认');
INSERT INTO yshop_store_product_attr_result (id, product_id, result, change_time) VALUES (810033, 30034, '{"attr":[{"attrHidden":"","detail":["默认"],"detailValue":"","value":"规格"}],"value":[{"barCode":"","brokerage":0.0,"brokerageTwo":0.0,"cost":10.0,"detail":{"规格":"默认"},"integral":0,"otPrice":10.0,"pic":"","pinkPrice":0.0,"pinkStock":0,"price":10.0,"seckillPrice":0.0,"seckillStock":0,"sku":"","stock":9999,"value1":"规格","value2":"","volume":0.0,"weight":0.0}]}', '2026-05-08 16:32:34');
INSERT INTO yshop_store_product_attr_value (id, product_id, sku, stock, sales, price, image, `unique`, cost, bar_code, ot_price, weight, volume, brokerage, brokerage_two, pink_price, pink_stock, seckill_price, seckill_stock, integral) VALUES (820033, 30034, '默认', 9999, 0, 10.00, @placeholder_img, '1529600b5a3d4468a492389d783b94e0', 10.00, '', 10.00, 0.00, 0.00, 0.00, 0.00, 0.00, 0, 0.00, 0, 0);
INSERT INTO yshop_store_product (id, shop_id, shop_name, image, slider_image, store_name, store_info, keyword, bar_code, brand_id, cate_id, price, vip_price, ot_price, postage, unit_name, sort, sales, stock, is_show, is_hot, is_benefit, is_best, is_new, description, creator, create_time, update_time, updater, is_postage, deleted, mer_use, give_integral, cost, is_seckill, is_bargain, is_good, ficti, browse, code_path, is_sub, temp_id, spec_type, is_integral, integral, tenant_id) VALUES (30035, @shop_id, '吉林小串', @placeholder_img, @placeholder_img, '鱿鱼须', '鱿鱼须', '鱿鱼须', '', NULL, '9003', 5.00, 0.00, 5.00, 0.00, '串', 3, 0, 9999, 1, 0, 0, 0, 0, '<p>鱿鱼须</p>', '1', '2026-05-08 16:32:34', '2026-05-08 16:32:34', '1', 0, b'0', 0, NULL, 5.00, 0, NULL, 0, 100, 0, '', 0, 0, 0, 0, 0, @tenant_id);
INSERT INTO yshop_store_product_attr (id, product_id, attr_name, attr_values) VALUES (800034, 30035, '规格', '默认');
INSERT INTO yshop_store_product_attr_result (id, product_id, result, change_time) VALUES (810034, 30035, '{"attr":[{"attrHidden":"","detail":["默认"],"detailValue":"","value":"规格"}],"value":[{"barCode":"","brokerage":0.0,"brokerageTwo":0.0,"cost":5.0,"detail":{"规格":"默认"},"integral":0,"otPrice":5.0,"pic":"","pinkPrice":0.0,"pinkStock":0,"price":5.0,"seckillPrice":0.0,"seckillStock":0,"sku":"","stock":9999,"value1":"规格","value2":"","volume":0.0,"weight":0.0}]}', '2026-05-08 16:32:34');
INSERT INTO yshop_store_product_attr_value (id, product_id, sku, stock, sales, price, image, `unique`, cost, bar_code, ot_price, weight, volume, brokerage, brokerage_two, pink_price, pink_stock, seckill_price, seckill_stock, integral) VALUES (820034, 30035, '默认', 9999, 0, 5.00, @placeholder_img, '6cc6303110db8eef5feb8891c49c5374', 5.00, '', 5.00, 0.00, 0.00, 0.00, 0.00, 0.00, 0, 0.00, 0, 0);
INSERT INTO yshop_store_product (id, shop_id, shop_name, image, slider_image, store_name, store_info, keyword, bar_code, brand_id, cate_id, price, vip_price, ot_price, postage, unit_name, sort, sales, stock, is_show, is_hot, is_benefit, is_best, is_new, description, creator, create_time, update_time, updater, is_postage, deleted, mer_use, give_integral, cost, is_seckill, is_bargain, is_good, ficti, browse, code_path, is_sub, temp_id, spec_type, is_integral, integral, tenant_id) VALUES (30036, @shop_id, '吉林小串', @placeholder_img, @placeholder_img, '酱烤明太鱼', '酱烤明太鱼', '酱烤明太鱼', '', NULL, '9003', 15.00, 0.00, 15.00, 0.00, '条', 4, 0, 9999, 1, 0, 0, 0, 0, '<p>酱烤明太鱼</p>', '1', '2026-05-08 16:32:34', '2026-05-08 16:32:34', '1', 0, b'0', 0, NULL, 15.00, 0, NULL, 0, 100, 0, '', 0, 0, 0, 0, 0, @tenant_id);
INSERT INTO yshop_store_product_attr (id, product_id, attr_name, attr_values) VALUES (800035, 30036, '规格', '默认');
INSERT INTO yshop_store_product_attr_result (id, product_id, result, change_time) VALUES (810035, 30036, '{"attr":[{"attrHidden":"","detail":["默认"],"detailValue":"","value":"规格"}],"value":[{"barCode":"","brokerage":0.0,"brokerageTwo":0.0,"cost":15.0,"detail":{"规格":"默认"},"integral":0,"otPrice":15.0,"pic":"","pinkPrice":0.0,"pinkStock":0,"price":15.0,"seckillPrice":0.0,"seckillStock":0,"sku":"","stock":9999,"value1":"规格","value2":"","volume":0.0,"weight":0.0}]}', '2026-05-08 16:32:34');
INSERT INTO yshop_store_product_attr_value (id, product_id, sku, stock, sales, price, image, `unique`, cost, bar_code, ot_price, weight, volume, brokerage, brokerage_two, pink_price, pink_stock, seckill_price, seckill_stock, integral) VALUES (820035, 30036, '默认', 9999, 0, 15.00, @placeholder_img, '7089129ae93297a36fefdbbfdc6c5c02', 15.00, '', 15.00, 0.00, 0.00, 0.00, 0.00, 0.00, 0, 0.00, 0, 0);
INSERT INTO yshop_store_product (id, shop_id, shop_name, image, slider_image, store_name, store_info, keyword, bar_code, brand_id, cate_id, price, vip_price, ot_price, postage, unit_name, sort, sales, stock, is_show, is_hot, is_benefit, is_best, is_new, description, creator, create_time, update_time, updater, is_postage, deleted, mer_use, give_integral, cost, is_seckill, is_bargain, is_good, ficti, browse, code_path, is_sub, temp_id, spec_type, is_integral, integral, tenant_id) VALUES (30037, @shop_id, '吉林小串', @placeholder_img, @placeholder_img, '火山石烤肠', '火山石烤肠', '火山石烤肠', '', NULL, '9004', 5.00, 0.00, 5.00, 0.00, '串', 1, 0, 9999, 1, 0, 0, 0, 0, '<p>火山石烤肠</p>', '1', '2026-05-08 16:32:34', '2026-05-08 16:32:34', '1', 0, b'0', 0, NULL, 5.00, 0, NULL, 0, 100, 0, '', 0, 0, 0, 0, 0, @tenant_id);
INSERT INTO yshop_store_product_attr (id, product_id, attr_name, attr_values) VALUES (800036, 30037, '规格', '默认');
INSERT INTO yshop_store_product_attr_result (id, product_id, result, change_time) VALUES (810036, 30037, '{"attr":[{"attrHidden":"","detail":["默认"],"detailValue":"","value":"规格"}],"value":[{"barCode":"","brokerage":0.0,"brokerageTwo":0.0,"cost":5.0,"detail":{"规格":"默认"},"integral":0,"otPrice":5.0,"pic":"","pinkPrice":0.0,"pinkStock":0,"price":5.0,"seckillPrice":0.0,"seckillStock":0,"sku":"","stock":9999,"value1":"规格","value2":"","volume":0.0,"weight":0.0}]}', '2026-05-08 16:32:34');
INSERT INTO yshop_store_product_attr_value (id, product_id, sku, stock, sales, price, image, `unique`, cost, bar_code, ot_price, weight, volume, brokerage, brokerage_two, pink_price, pink_stock, seckill_price, seckill_stock, integral) VALUES (820036, 30037, '默认', 9999, 0, 5.00, @placeholder_img, '62fa030c02c0c4c46e8a198c6294526f', 5.00, '', 5.00, 0.00, 0.00, 0.00, 0.00, 0.00, 0, 0.00, 0, 0);
INSERT INTO yshop_store_product (id, shop_id, shop_name, image, slider_image, store_name, store_info, keyword, bar_code, brand_id, cate_id, price, vip_price, ot_price, postage, unit_name, sort, sales, stock, is_show, is_hot, is_benefit, is_best, is_new, description, creator, create_time, update_time, updater, is_postage, deleted, mer_use, give_integral, cost, is_seckill, is_bargain, is_good, ficti, browse, code_path, is_sub, temp_id, spec_type, is_integral, integral, tenant_id) VALUES (30038, @shop_id, '吉林小串', @placeholder_img, @placeholder_img, '淀粉肠', '淀粉肠', '淀粉肠', '', NULL, '9004', 2.00, 0.00, 2.00, 0.00, '串', 2, 0, 9999, 1, 0, 0, 0, 0, '<p>淀粉肠</p>', '1', '2026-05-08 16:32:34', '2026-05-08 16:32:34', '1', 0, b'0', 0, NULL, 2.00, 0, NULL, 0, 100, 0, '', 0, 0, 0, 0, 0, @tenant_id);
INSERT INTO yshop_store_product_attr (id, product_id, attr_name, attr_values) VALUES (800037, 30038, '规格', '默认');
INSERT INTO yshop_store_product_attr_result (id, product_id, result, change_time) VALUES (810037, 30038, '{"attr":[{"attrHidden":"","detail":["默认"],"detailValue":"","value":"规格"}],"value":[{"barCode":"","brokerage":0.0,"brokerageTwo":0.0,"cost":2.0,"detail":{"规格":"默认"},"integral":0,"otPrice":2.0,"pic":"","pinkPrice":0.0,"pinkStock":0,"price":2.0,"seckillPrice":0.0,"seckillStock":0,"sku":"","stock":9999,"value1":"规格","value2":"","volume":0.0,"weight":0.0}]}', '2026-05-08 16:32:34');
INSERT INTO yshop_store_product_attr_value (id, product_id, sku, stock, sales, price, image, `unique`, cost, bar_code, ot_price, weight, volume, brokerage, brokerage_two, pink_price, pink_stock, seckill_price, seckill_stock, integral) VALUES (820037, 30038, '默认', 9999, 0, 2.00, @placeholder_img, 'c7349a0690a1751f6c1742776b814c47', 2.00, '', 2.00, 0.00, 0.00, 0.00, 0.00, 0.00, 0, 0.00, 0, 0);
INSERT INTO yshop_store_product (id, shop_id, shop_name, image, slider_image, store_name, store_info, keyword, bar_code, brand_id, cate_id, price, vip_price, ot_price, postage, unit_name, sort, sales, stock, is_show, is_hot, is_benefit, is_best, is_new, description, creator, create_time, update_time, updater, is_postage, deleted, mer_use, give_integral, cost, is_seckill, is_bargain, is_good, ficti, browse, code_path, is_sub, temp_id, spec_type, is_integral, integral, tenant_id) VALUES (30039, @shop_id, '吉林小串', @placeholder_img, @placeholder_img, '小饼', '小饼', '小饼', '', NULL, '9005', 2.00, 0.00, 2.00, 0.00, '串', 1, 0, 9999, 1, 0, 0, 0, 0, '<p>小饼</p>', '1', '2026-05-08 16:32:34', '2026-05-08 16:32:34', '1', 0, b'0', 0, NULL, 2.00, 0, NULL, 0, 100, 0, '', 0, 0, 0, 0, 0, @tenant_id);
INSERT INTO yshop_store_product_attr (id, product_id, attr_name, attr_values) VALUES (800038, 30039, '规格', '默认');
INSERT INTO yshop_store_product_attr_result (id, product_id, result, change_time) VALUES (810038, 30039, '{"attr":[{"attrHidden":"","detail":["默认"],"detailValue":"","value":"规格"}],"value":[{"barCode":"","brokerage":0.0,"brokerageTwo":0.0,"cost":2.0,"detail":{"规格":"默认"},"integral":0,"otPrice":2.0,"pic":"","pinkPrice":0.0,"pinkStock":0,"price":2.0,"seckillPrice":0.0,"seckillStock":0,"sku":"","stock":9999,"value1":"规格","value2":"","volume":0.0,"weight":0.0}]}', '2026-05-08 16:32:34');
INSERT INTO yshop_store_product_attr_value (id, product_id, sku, stock, sales, price, image, `unique`, cost, bar_code, ot_price, weight, volume, brokerage, brokerage_two, pink_price, pink_stock, seckill_price, seckill_stock, integral) VALUES (820038, 30039, '默认', 9999, 0, 2.00, @placeholder_img, '91d14380cee8196bd2ed14a0067c06e9', 2.00, '', 2.00, 0.00, 0.00, 0.00, 0.00, 0.00, 0, 0.00, 0, 0);
INSERT INTO yshop_store_product (id, shop_id, shop_name, image, slider_image, store_name, store_info, keyword, bar_code, brand_id, cate_id, price, vip_price, ot_price, postage, unit_name, sort, sales, stock, is_show, is_hot, is_benefit, is_best, is_new, description, creator, create_time, update_time, updater, is_postage, deleted, mer_use, give_integral, cost, is_seckill, is_bargain, is_good, ficti, browse, code_path, is_sub, temp_id, spec_type, is_integral, integral, tenant_id) VALUES (30040, @shop_id, '吉林小串', @placeholder_img, @placeholder_img, '包浆豆腐', '包浆豆腐', '包浆豆腐', '', NULL, '9005', 2.00, 0.00, 2.00, 0.00, '串', 2, 0, 9999, 1, 0, 0, 0, 0, '<p>包浆豆腐</p>', '1', '2026-05-08 16:32:34', '2026-05-08 16:32:34', '1', 0, b'0', 0, NULL, 2.00, 0, NULL, 0, 100, 0, '', 0, 0, 0, 0, 0, @tenant_id);
INSERT INTO yshop_store_product_attr (id, product_id, attr_name, attr_values) VALUES (800039, 30040, '规格', '默认');
INSERT INTO yshop_store_product_attr_result (id, product_id, result, change_time) VALUES (810039, 30040, '{"attr":[{"attrHidden":"","detail":["默认"],"detailValue":"","value":"规格"}],"value":[{"barCode":"","brokerage":0.0,"brokerageTwo":0.0,"cost":2.0,"detail":{"规格":"默认"},"integral":0,"otPrice":2.0,"pic":"","pinkPrice":0.0,"pinkStock":0,"price":2.0,"seckillPrice":0.0,"seckillStock":0,"sku":"","stock":9999,"value1":"规格","value2":"","volume":0.0,"weight":0.0}]}', '2026-05-08 16:32:34');
INSERT INTO yshop_store_product_attr_value (id, product_id, sku, stock, sales, price, image, `unique`, cost, bar_code, ot_price, weight, volume, brokerage, brokerage_two, pink_price, pink_stock, seckill_price, seckill_stock, integral) VALUES (820039, 30040, '默认', 9999, 0, 2.00, @placeholder_img, '50ed13da8c2b5489ed345664ad20210c', 2.00, '', 2.00, 0.00, 0.00, 0.00, 0.00, 0.00, 0, 0.00, 0, 0);
INSERT INTO yshop_store_product (id, shop_id, shop_name, image, slider_image, store_name, store_info, keyword, bar_code, brand_id, cate_id, price, vip_price, ot_price, postage, unit_name, sort, sales, stock, is_show, is_hot, is_benefit, is_best, is_new, description, creator, create_time, update_time, updater, is_postage, deleted, mer_use, give_integral, cost, is_seckill, is_bargain, is_good, ficti, browse, code_path, is_sub, temp_id, spec_type, is_integral, integral, tenant_id) VALUES (30041, @shop_id, '吉林小串', @placeholder_img, @placeholder_img, '年糕', '年糕', '年糕', '', NULL, '9005', 2.00, 0.00, 2.00, 0.00, '串', 3, 0, 9999, 1, 0, 0, 0, 0, '<p>年糕</p>', '1', '2026-05-08 16:32:34', '2026-05-08 16:32:34', '1', 0, b'0', 0, NULL, 2.00, 0, NULL, 0, 100, 0, '', 0, 0, 0, 0, 0, @tenant_id);
INSERT INTO yshop_store_product_attr (id, product_id, attr_name, attr_values) VALUES (800040, 30041, '规格', '默认');
INSERT INTO yshop_store_product_attr_result (id, product_id, result, change_time) VALUES (810040, 30041, '{"attr":[{"attrHidden":"","detail":["默认"],"detailValue":"","value":"规格"}],"value":[{"barCode":"","brokerage":0.0,"brokerageTwo":0.0,"cost":2.0,"detail":{"规格":"默认"},"integral":0,"otPrice":2.0,"pic":"","pinkPrice":0.0,"pinkStock":0,"price":2.0,"seckillPrice":0.0,"seckillStock":0,"sku":"","stock":9999,"value1":"规格","value2":"","volume":0.0,"weight":0.0}]}', '2026-05-08 16:32:34');
INSERT INTO yshop_store_product_attr_value (id, product_id, sku, stock, sales, price, image, `unique`, cost, bar_code, ot_price, weight, volume, brokerage, brokerage_two, pink_price, pink_stock, seckill_price, seckill_stock, integral) VALUES (820040, 30041, '默认', 9999, 0, 2.00, @placeholder_img, '42186db1fa7657ac0ecaed13b9c46431', 2.00, '', 2.00, 0.00, 0.00, 0.00, 0.00, 0.00, 0, 0.00, 0, 0);
INSERT INTO yshop_store_product (id, shop_id, shop_name, image, slider_image, store_name, store_info, keyword, bar_code, brand_id, cate_id, price, vip_price, ot_price, postage, unit_name, sort, sales, stock, is_show, is_hot, is_benefit, is_best, is_new, description, creator, create_time, update_time, updater, is_postage, deleted, mer_use, give_integral, cost, is_seckill, is_bargain, is_good, ficti, browse, code_path, is_sub, temp_id, spec_type, is_integral, integral, tenant_id) VALUES (30042, @shop_id, '吉林小串', @placeholder_img, @placeholder_img, '辣椒', '辣椒', '辣椒', '', NULL, '9005', 3.00, 0.00, 3.00, 0.00, '串', 4, 0, 9999, 1, 0, 0, 0, 0, '<p>辣椒</p>', '1', '2026-05-08 16:32:34', '2026-05-08 16:32:34', '1', 0, b'0', 0, NULL, 3.00, 0, NULL, 0, 100, 0, '', 0, 0, 0, 0, 0, @tenant_id);
INSERT INTO yshop_store_product_attr (id, product_id, attr_name, attr_values) VALUES (800041, 30042, '规格', '默认');
INSERT INTO yshop_store_product_attr_result (id, product_id, result, change_time) VALUES (810041, 30042, '{"attr":[{"attrHidden":"","detail":["默认"],"detailValue":"","value":"规格"}],"value":[{"barCode":"","brokerage":0.0,"brokerageTwo":0.0,"cost":3.0,"detail":{"规格":"默认"},"integral":0,"otPrice":3.0,"pic":"","pinkPrice":0.0,"pinkStock":0,"price":3.0,"seckillPrice":0.0,"seckillStock":0,"sku":"","stock":9999,"value1":"规格","value2":"","volume":0.0,"weight":0.0}]}', '2026-05-08 16:32:34');
INSERT INTO yshop_store_product_attr_value (id, product_id, sku, stock, sales, price, image, `unique`, cost, bar_code, ot_price, weight, volume, brokerage, brokerage_two, pink_price, pink_stock, seckill_price, seckill_stock, integral) VALUES (820041, 30042, '默认', 9999, 0, 3.00, @placeholder_img, 'dcc2052eb6dbce160e21c391d10edc86', 3.00, '', 3.00, 0.00, 0.00, 0.00, 0.00, 0.00, 0, 0.00, 0, 0);
INSERT INTO yshop_store_product (id, shop_id, shop_name, image, slider_image, store_name, store_info, keyword, bar_code, brand_id, cate_id, price, vip_price, ot_price, postage, unit_name, sort, sales, stock, is_show, is_hot, is_benefit, is_best, is_new, description, creator, create_time, update_time, updater, is_postage, deleted, mer_use, give_integral, cost, is_seckill, is_bargain, is_good, ficti, browse, code_path, is_sub, temp_id, spec_type, is_integral, integral, tenant_id) VALUES (30043, @shop_id, '吉林小串', @placeholder_img, @placeholder_img, '菜卷', '菜卷', '菜卷', '', NULL, '9005', 3.00, 0.00, 3.00, 0.00, '串', 5, 0, 9999, 1, 0, 0, 0, 0, '<p>菜卷</p>', '1', '2026-05-08 16:32:34', '2026-05-08 16:32:34', '1', 0, b'0', 0, NULL, 3.00, 0, NULL, 0, 100, 0, '', 0, 0, 0, 0, 0, @tenant_id);
INSERT INTO yshop_store_product_attr (id, product_id, attr_name, attr_values) VALUES (800042, 30043, '规格', '默认');
INSERT INTO yshop_store_product_attr_result (id, product_id, result, change_time) VALUES (810042, 30043, '{"attr":[{"attrHidden":"","detail":["默认"],"detailValue":"","value":"规格"}],"value":[{"barCode":"","brokerage":0.0,"brokerageTwo":0.0,"cost":3.0,"detail":{"规格":"默认"},"integral":0,"otPrice":3.0,"pic":"","pinkPrice":0.0,"pinkStock":0,"price":3.0,"seckillPrice":0.0,"seckillStock":0,"sku":"","stock":9999,"value1":"规格","value2":"","volume":0.0,"weight":0.0}]}', '2026-05-08 16:32:34');
INSERT INTO yshop_store_product_attr_value (id, product_id, sku, stock, sales, price, image, `unique`, cost, bar_code, ot_price, weight, volume, brokerage, brokerage_two, pink_price, pink_stock, seckill_price, seckill_stock, integral) VALUES (820042, 30043, '默认', 9999, 0, 3.00, @placeholder_img, '9299f33b357b1d26f53b2f6670b6f527', 3.00, '', 3.00, 0.00, 0.00, 0.00, 0.00, 0.00, 0, 0.00, 0, 0);
INSERT INTO yshop_store_product (id, shop_id, shop_name, image, slider_image, store_name, store_info, keyword, bar_code, brand_id, cate_id, price, vip_price, ot_price, postage, unit_name, sort, sales, stock, is_show, is_hot, is_benefit, is_best, is_new, description, creator, create_time, update_time, updater, is_postage, deleted, mer_use, give_integral, cost, is_seckill, is_bargain, is_good, ficti, browse, code_path, is_sub, temp_id, spec_type, is_integral, integral, tenant_id) VALUES (30044, @shop_id, '吉林小串', @placeholder_img, @placeholder_img, '香菇', '香菇', '香菇', '', NULL, '9005', 2.00, 0.00, 2.00, 0.00, '串', 6, 0, 9999, 1, 0, 0, 0, 0, '<p>香菇</p>', '1', '2026-05-08 16:32:34', '2026-05-08 16:32:34', '1', 0, b'0', 0, NULL, 2.00, 0, NULL, 0, 100, 0, '', 0, 0, 0, 0, 0, @tenant_id);
INSERT INTO yshop_store_product_attr (id, product_id, attr_name, attr_values) VALUES (800043, 30044, '规格', '默认');
INSERT INTO yshop_store_product_attr_result (id, product_id, result, change_time) VALUES (810043, 30044, '{"attr":[{"attrHidden":"","detail":["默认"],"detailValue":"","value":"规格"}],"value":[{"barCode":"","brokerage":0.0,"brokerageTwo":0.0,"cost":2.0,"detail":{"规格":"默认"},"integral":0,"otPrice":2.0,"pic":"","pinkPrice":0.0,"pinkStock":0,"price":2.0,"seckillPrice":0.0,"seckillStock":0,"sku":"","stock":9999,"value1":"规格","value2":"","volume":0.0,"weight":0.0}]}', '2026-05-08 16:32:34');
INSERT INTO yshop_store_product_attr_value (id, product_id, sku, stock, sales, price, image, `unique`, cost, bar_code, ot_price, weight, volume, brokerage, brokerage_two, pink_price, pink_stock, seckill_price, seckill_stock, integral) VALUES (820043, 30044, '默认', 9999, 0, 2.00, @placeholder_img, 'd002ea8830cdaddf92e115544f482624', 2.00, '', 2.00, 0.00, 0.00, 0.00, 0.00, 0.00, 0, 0.00, 0, 0);
INSERT INTO yshop_store_product (id, shop_id, shop_name, image, slider_image, store_name, store_info, keyword, bar_code, brand_id, cate_id, price, vip_price, ot_price, postage, unit_name, sort, sales, stock, is_show, is_hot, is_benefit, is_best, is_new, description, creator, create_time, update_time, updater, is_postage, deleted, mer_use, give_integral, cost, is_seckill, is_bargain, is_good, ficti, browse, code_path, is_sub, temp_id, spec_type, is_integral, integral, tenant_id) VALUES (30045, @shop_id, '吉林小串', @placeholder_img, @placeholder_img, '吐司', '吐司', '吐司', '', NULL, '9005', 3.00, 0.00, 3.00, 0.00, '串', 7, 0, 9999, 1, 0, 0, 0, 0, '<p>吐司</p>', '1', '2026-05-08 16:32:34', '2026-05-08 16:32:34', '1', 0, b'0', 0, NULL, 3.00, 0, NULL, 0, 100, 0, '', 0, 0, 0, 0, 0, @tenant_id);
INSERT INTO yshop_store_product_attr (id, product_id, attr_name, attr_values) VALUES (800044, 30045, '规格', '默认');
INSERT INTO yshop_store_product_attr_result (id, product_id, result, change_time) VALUES (810044, 30045, '{"attr":[{"attrHidden":"","detail":["默认"],"detailValue":"","value":"规格"}],"value":[{"barCode":"","brokerage":0.0,"brokerageTwo":0.0,"cost":3.0,"detail":{"规格":"默认"},"integral":0,"otPrice":3.0,"pic":"","pinkPrice":0.0,"pinkStock":0,"price":3.0,"seckillPrice":0.0,"seckillStock":0,"sku":"","stock":9999,"value1":"规格","value2":"","volume":0.0,"weight":0.0}]}', '2026-05-08 16:32:34');
INSERT INTO yshop_store_product_attr_value (id, product_id, sku, stock, sales, price, image, `unique`, cost, bar_code, ot_price, weight, volume, brokerage, brokerage_two, pink_price, pink_stock, seckill_price, seckill_stock, integral) VALUES (820044, 30045, '默认', 9999, 0, 3.00, @placeholder_img, '435501fda375ec5801f32ce781738dc7', 3.00, '', 3.00, 0.00, 0.00, 0.00, 0.00, 0.00, 0, 0.00, 0, 0);
INSERT INTO yshop_store_product (id, shop_id, shop_name, image, slider_image, store_name, store_info, keyword, bar_code, brand_id, cate_id, price, vip_price, ot_price, postage, unit_name, sort, sales, stock, is_show, is_hot, is_benefit, is_best, is_new, description, creator, create_time, update_time, updater, is_postage, deleted, mer_use, give_integral, cost, is_seckill, is_bargain, is_good, ficti, browse, code_path, is_sub, temp_id, spec_type, is_integral, integral, tenant_id) VALUES (30046, @shop_id, '吉林小串', @placeholder_img, @placeholder_img, '臭干', '臭干', '臭干', '', NULL, '9005', 3.00, 0.00, 3.00, 0.00, '串', 8, 0, 9999, 1, 0, 0, 0, 0, '<p>臭干</p>', '1', '2026-05-08 16:32:34', '2026-05-08 16:32:34', '1', 0, b'0', 0, NULL, 3.00, 0, NULL, 0, 100, 0, '', 0, 0, 0, 0, 0, @tenant_id);
INSERT INTO yshop_store_product_attr (id, product_id, attr_name, attr_values) VALUES (800045, 30046, '规格', '默认');
INSERT INTO yshop_store_product_attr_result (id, product_id, result, change_time) VALUES (810045, 30046, '{"attr":[{"attrHidden":"","detail":["默认"],"detailValue":"","value":"规格"}],"value":[{"barCode":"","brokerage":0.0,"brokerageTwo":0.0,"cost":3.0,"detail":{"规格":"默认"},"integral":0,"otPrice":3.0,"pic":"","pinkPrice":0.0,"pinkStock":0,"price":3.0,"seckillPrice":0.0,"seckillStock":0,"sku":"","stock":9999,"value1":"规格","value2":"","volume":0.0,"weight":0.0}]}', '2026-05-08 16:32:34');
INSERT INTO yshop_store_product_attr_value (id, product_id, sku, stock, sales, price, image, `unique`, cost, bar_code, ot_price, weight, volume, brokerage, brokerage_two, pink_price, pink_stock, seckill_price, seckill_stock, integral) VALUES (820045, 30046, '默认', 9999, 0, 3.00, @placeholder_img, '9194be0f69b4330a5973d3f4de691dbe', 3.00, '', 3.00, 0.00, 0.00, 0.00, 0.00, 0.00, 0, 0.00, 0, 0);
INSERT INTO yshop_store_product (id, shop_id, shop_name, image, slider_image, store_name, store_info, keyword, bar_code, brand_id, cate_id, price, vip_price, ot_price, postage, unit_name, sort, sales, stock, is_show, is_hot, is_benefit, is_best, is_new, description, creator, create_time, update_time, updater, is_postage, deleted, mer_use, give_integral, cost, is_seckill, is_bargain, is_good, ficti, browse, code_path, is_sub, temp_id, spec_type, is_integral, integral, tenant_id) VALUES (30047, @shop_id, '吉林小串', @placeholder_img, @placeholder_img, '苕皮', '苕皮', '苕皮', '', NULL, '9005', 5.00, 0.00, 5.00, 0.00, '串', 9, 0, 9999, 1, 0, 0, 0, 0, '<p>苕皮</p>', '1', '2026-05-08 16:32:34', '2026-05-08 16:32:34', '1', 0, b'0', 0, NULL, 5.00, 0, NULL, 0, 100, 0, '', 0, 0, 0, 0, 0, @tenant_id);
INSERT INTO yshop_store_product_attr (id, product_id, attr_name, attr_values) VALUES (800046, 30047, '规格', '默认');
INSERT INTO yshop_store_product_attr_result (id, product_id, result, change_time) VALUES (810046, 30047, '{"attr":[{"attrHidden":"","detail":["默认"],"detailValue":"","value":"规格"}],"value":[{"barCode":"","brokerage":0.0,"brokerageTwo":0.0,"cost":5.0,"detail":{"规格":"默认"},"integral":0,"otPrice":5.0,"pic":"","pinkPrice":0.0,"pinkStock":0,"price":5.0,"seckillPrice":0.0,"seckillStock":0,"sku":"","stock":9999,"value1":"规格","value2":"","volume":0.0,"weight":0.0}]}', '2026-05-08 16:32:34');
INSERT INTO yshop_store_product_attr_value (id, product_id, sku, stock, sales, price, image, `unique`, cost, bar_code, ot_price, weight, volume, brokerage, brokerage_two, pink_price, pink_stock, seckill_price, seckill_stock, integral) VALUES (820046, 30047, '默认', 9999, 0, 5.00, @placeholder_img, '7cc6d24ae2b6eeef46e41eec27445395', 5.00, '', 5.00, 0.00, 0.00, 0.00, 0.00, 0.00, 0, 0.00, 0, 0);
INSERT INTO yshop_store_product (id, shop_id, shop_name, image, slider_image, store_name, store_info, keyword, bar_code, brand_id, cate_id, price, vip_price, ot_price, postage, unit_name, sort, sales, stock, is_show, is_hot, is_benefit, is_best, is_new, description, creator, create_time, update_time, updater, is_postage, deleted, mer_use, give_integral, cost, is_seckill, is_bargain, is_good, ficti, browse, code_path, is_sub, temp_id, spec_type, is_integral, integral, tenant_id) VALUES (30048, @shop_id, '吉林小串', @placeholder_img, @placeholder_img, '面筋', '面筋', '面筋', '', NULL, '9005', 2.00, 0.00, 2.00, 0.00, '串', 10, 0, 9999, 1, 0, 0, 0, 0, '<p>面筋</p>', '1', '2026-05-08 16:32:34', '2026-05-08 16:32:34', '1', 0, b'0', 0, NULL, 2.00, 0, NULL, 0, 100, 0, '', 0, 0, 0, 0, 0, @tenant_id);
INSERT INTO yshop_store_product_attr (id, product_id, attr_name, attr_values) VALUES (800047, 30048, '规格', '默认');
INSERT INTO yshop_store_product_attr_result (id, product_id, result, change_time) VALUES (810047, 30048, '{"attr":[{"attrHidden":"","detail":["默认"],"detailValue":"","value":"规格"}],"value":[{"barCode":"","brokerage":0.0,"brokerageTwo":0.0,"cost":2.0,"detail":{"规格":"默认"},"integral":0,"otPrice":2.0,"pic":"","pinkPrice":0.0,"pinkStock":0,"price":2.0,"seckillPrice":0.0,"seckillStock":0,"sku":"","stock":9999,"value1":"规格","value2":"","volume":0.0,"weight":0.0}]}', '2026-05-08 16:32:34');
INSERT INTO yshop_store_product_attr_value (id, product_id, sku, stock, sales, price, image, `unique`, cost, bar_code, ot_price, weight, volume, brokerage, brokerage_two, pink_price, pink_stock, seckill_price, seckill_stock, integral) VALUES (820047, 30048, '默认', 9999, 0, 2.00, @placeholder_img, '5e6f92db1659a0ca5f83f4851a66e499', 2.00, '', 2.00, 0.00, 0.00, 0.00, 0.00, 0.00, 0, 0.00, 0, 0);
INSERT INTO yshop_store_product (id, shop_id, shop_name, image, slider_image, store_name, store_info, keyword, bar_code, brand_id, cate_id, price, vip_price, ot_price, postage, unit_name, sort, sales, stock, is_show, is_hot, is_benefit, is_best, is_new, description, creator, create_time, update_time, updater, is_postage, deleted, mer_use, give_integral, cost, is_seckill, is_bargain, is_good, ficti, browse, code_path, is_sub, temp_id, spec_type, is_integral, integral, tenant_id) VALUES (30049, @shop_id, '吉林小串', @placeholder_img, @placeholder_img, '韭菜', '韭菜', '韭菜', '', NULL, '9005', 3.00, 0.00, 3.00, 0.00, '串', 11, 0, 9999, 1, 0, 0, 0, 0, '<p>韭菜</p>', '1', '2026-05-08 16:32:34', '2026-05-08 16:32:34', '1', 0, b'0', 0, NULL, 3.00, 0, NULL, 0, 100, 0, '', 0, 0, 0, 0, 0, @tenant_id);
INSERT INTO yshop_store_product_attr (id, product_id, attr_name, attr_values) VALUES (800048, 30049, '规格', '默认');
INSERT INTO yshop_store_product_attr_result (id, product_id, result, change_time) VALUES (810048, 30049, '{"attr":[{"attrHidden":"","detail":["默认"],"detailValue":"","value":"规格"}],"value":[{"barCode":"","brokerage":0.0,"brokerageTwo":0.0,"cost":3.0,"detail":{"规格":"默认"},"integral":0,"otPrice":3.0,"pic":"","pinkPrice":0.0,"pinkStock":0,"price":3.0,"seckillPrice":0.0,"seckillStock":0,"sku":"","stock":9999,"value1":"规格","value2":"","volume":0.0,"weight":0.0}]}', '2026-05-08 16:32:34');
INSERT INTO yshop_store_product_attr_value (id, product_id, sku, stock, sales, price, image, `unique`, cost, bar_code, ot_price, weight, volume, brokerage, brokerage_two, pink_price, pink_stock, seckill_price, seckill_stock, integral) VALUES (820048, 30049, '默认', 9999, 0, 3.00, @placeholder_img, '18053183716109a2056f7d84746e87ef', 3.00, '', 3.00, 0.00, 0.00, 0.00, 0.00, 0.00, 0, 0.00, 0, 0);
INSERT INTO yshop_store_product (id, shop_id, shop_name, image, slider_image, store_name, store_info, keyword, bar_code, brand_id, cate_id, price, vip_price, ot_price, postage, unit_name, sort, sales, stock, is_show, is_hot, is_benefit, is_best, is_new, description, creator, create_time, update_time, updater, is_postage, deleted, mer_use, give_integral, cost, is_seckill, is_bargain, is_good, ficti, browse, code_path, is_sub, temp_id, spec_type, is_integral, integral, tenant_id) VALUES (30050, @shop_id, '吉林小串', @placeholder_img, @placeholder_img, '蘑菇', '蘑菇', '蘑菇', '', NULL, '9005', 1.00, 0.00, 1.00, 0.00, '串', 12, 0, 9999, 1, 0, 0, 0, 0, '<p>蘑菇</p>', '1', '2026-05-08 16:32:34', '2026-05-08 16:32:34', '1', 0, b'0', 0, NULL, 1.00, 0, NULL, 0, 100, 0, '', 0, 0, 0, 0, 0, @tenant_id);
INSERT INTO yshop_store_product_attr (id, product_id, attr_name, attr_values) VALUES (800049, 30050, '规格', '默认');
INSERT INTO yshop_store_product_attr_result (id, product_id, result, change_time) VALUES (810049, 30050, '{"attr":[{"attrHidden":"","detail":["默认"],"detailValue":"","value":"规格"}],"value":[{"barCode":"","brokerage":0.0,"brokerageTwo":0.0,"cost":1.0,"detail":{"规格":"默认"},"integral":0,"otPrice":1.0,"pic":"","pinkPrice":0.0,"pinkStock":0,"price":1.0,"seckillPrice":0.0,"seckillStock":0,"sku":"","stock":9999,"value1":"规格","value2":"","volume":0.0,"weight":0.0}]}', '2026-05-08 16:32:34');
INSERT INTO yshop_store_product_attr_value (id, product_id, sku, stock, sales, price, image, `unique`, cost, bar_code, ot_price, weight, volume, brokerage, brokerage_two, pink_price, pink_stock, seckill_price, seckill_stock, integral) VALUES (820049, 30050, '默认', 9999, 0, 1.00, @placeholder_img, '748911ad221a693038ad801d37e92aeb', 1.00, '', 1.00, 0.00, 0.00, 0.00, 0.00, 0.00, 0, 0.00, 0, 0);
INSERT INTO yshop_store_product (id, shop_id, shop_name, image, slider_image, store_name, store_info, keyword, bar_code, brand_id, cate_id, price, vip_price, ot_price, postage, unit_name, sort, sales, stock, is_show, is_hot, is_benefit, is_best, is_new, description, creator, create_time, update_time, updater, is_postage, deleted, mer_use, give_integral, cost, is_seckill, is_bargain, is_good, ficti, browse, code_path, is_sub, temp_id, spec_type, is_integral, integral, tenant_id) VALUES (30051, @shop_id, '吉林小串', @placeholder_img, @placeholder_img, '娃娃菜', '娃娃菜', '娃娃菜', '', NULL, '9005', 2.00, 0.00, 2.00, 0.00, '串', 13, 0, 9999, 1, 0, 0, 0, 0, '<p>娃娃菜</p>', '1', '2026-05-08 16:32:34', '2026-05-08 16:32:34', '1', 0, b'0', 0, NULL, 2.00, 0, NULL, 0, 100, 0, '', 0, 0, 0, 0, 0, @tenant_id);
INSERT INTO yshop_store_product_attr (id, product_id, attr_name, attr_values) VALUES (800050, 30051, '规格', '默认');
INSERT INTO yshop_store_product_attr_result (id, product_id, result, change_time) VALUES (810050, 30051, '{"attr":[{"attrHidden":"","detail":["默认"],"detailValue":"","value":"规格"}],"value":[{"barCode":"","brokerage":0.0,"brokerageTwo":0.0,"cost":2.0,"detail":{"规格":"默认"},"integral":0,"otPrice":2.0,"pic":"","pinkPrice":0.0,"pinkStock":0,"price":2.0,"seckillPrice":0.0,"seckillStock":0,"sku":"","stock":9999,"value1":"规格","value2":"","volume":0.0,"weight":0.0}]}', '2026-05-08 16:32:34');
INSERT INTO yshop_store_product_attr_value (id, product_id, sku, stock, sales, price, image, `unique`, cost, bar_code, ot_price, weight, volume, brokerage, brokerage_two, pink_price, pink_stock, seckill_price, seckill_stock, integral) VALUES (820050, 30051, '默认', 9999, 0, 2.00, @placeholder_img, 'e0768e89d73740036596b9d30a2f4931', 2.00, '', 2.00, 0.00, 0.00, 0.00, 0.00, 0.00, 0, 0.00, 0, 0);
INSERT INTO yshop_store_product (id, shop_id, shop_name, image, slider_image, store_name, store_info, keyword, bar_code, brand_id, cate_id, price, vip_price, ot_price, postage, unit_name, sort, sales, stock, is_show, is_hot, is_benefit, is_best, is_new, description, creator, create_time, update_time, updater, is_postage, deleted, mer_use, give_integral, cost, is_seckill, is_bargain, is_good, ficti, browse, code_path, is_sub, temp_id, spec_type, is_integral, integral, tenant_id) VALUES (30052, @shop_id, '吉林小串', @placeholder_img, @placeholder_img, '土豆片', '土豆片', '土豆片', '', NULL, '9005', 2.00, 0.00, 2.00, 0.00, '串', 14, 0, 9999, 1, 0, 0, 0, 0, '<p>土豆片</p>', '1', '2026-05-08 16:32:34', '2026-05-08 16:32:34', '1', 0, b'0', 0, NULL, 2.00, 0, NULL, 0, 100, 0, '', 0, 0, 0, 0, 0, @tenant_id);
INSERT INTO yshop_store_product_attr (id, product_id, attr_name, attr_values) VALUES (800051, 30052, '规格', '默认');
INSERT INTO yshop_store_product_attr_result (id, product_id, result, change_time) VALUES (810051, 30052, '{"attr":[{"attrHidden":"","detail":["默认"],"detailValue":"","value":"规格"}],"value":[{"barCode":"","brokerage":0.0,"brokerageTwo":0.0,"cost":2.0,"detail":{"规格":"默认"},"integral":0,"otPrice":2.0,"pic":"","pinkPrice":0.0,"pinkStock":0,"price":2.0,"seckillPrice":0.0,"seckillStock":0,"sku":"","stock":9999,"value1":"规格","value2":"","volume":0.0,"weight":0.0}]}', '2026-05-08 16:32:34');
INSERT INTO yshop_store_product_attr_value (id, product_id, sku, stock, sales, price, image, `unique`, cost, bar_code, ot_price, weight, volume, brokerage, brokerage_two, pink_price, pink_stock, seckill_price, seckill_stock, integral) VALUES (820051, 30052, '默认', 9999, 0, 2.00, @placeholder_img, '10de1fc0fb927980d23f7b68708bc529', 2.00, '', 2.00, 0.00, 0.00, 0.00, 0.00, 0.00, 0, 0.00, 0, 0);
INSERT INTO yshop_store_product (id, shop_id, shop_name, image, slider_image, store_name, store_info, keyword, bar_code, brand_id, cate_id, price, vip_price, ot_price, postage, unit_name, sort, sales, stock, is_show, is_hot, is_benefit, is_best, is_new, description, creator, create_time, update_time, updater, is_postage, deleted, mer_use, give_integral, cost, is_seckill, is_bargain, is_good, ficti, browse, code_path, is_sub, temp_id, spec_type, is_integral, integral, tenant_id) VALUES (30053, @shop_id, '吉林小串', @placeholder_img, @placeholder_img, '金针菇', '金针菇', '金针菇', '', NULL, '9005', 2.00, 0.00, 2.00, 0.00, '串', 15, 0, 9999, 1, 0, 0, 0, 0, '<p>金针菇</p>', '1', '2026-05-08 16:32:34', '2026-05-08 16:32:34', '1', 0, b'0', 0, NULL, 2.00, 0, NULL, 0, 100, 0, '', 0, 0, 0, 0, 0, @tenant_id);
INSERT INTO yshop_store_product_attr (id, product_id, attr_name, attr_values) VALUES (800052, 30053, '规格', '默认');
INSERT INTO yshop_store_product_attr_result (id, product_id, result, change_time) VALUES (810052, 30053, '{"attr":[{"attrHidden":"","detail":["默认"],"detailValue":"","value":"规格"}],"value":[{"barCode":"","brokerage":0.0,"brokerageTwo":0.0,"cost":2.0,"detail":{"规格":"默认"},"integral":0,"otPrice":2.0,"pic":"","pinkPrice":0.0,"pinkStock":0,"price":2.0,"seckillPrice":0.0,"seckillStock":0,"sku":"","stock":9999,"value1":"规格","value2":"","volume":0.0,"weight":0.0}]}', '2026-05-08 16:32:34');
INSERT INTO yshop_store_product_attr_value (id, product_id, sku, stock, sales, price, image, `unique`, cost, bar_code, ot_price, weight, volume, brokerage, brokerage_two, pink_price, pink_stock, seckill_price, seckill_stock, integral) VALUES (820052, 30053, '默认', 9999, 0, 2.00, @placeholder_img, '250fc8931031352eba5fc0b792deb925', 2.00, '', 2.00, 0.00, 0.00, 0.00, 0.00, 0.00, 0, 0.00, 0, 0);
INSERT INTO yshop_store_product (id, shop_id, shop_name, image, slider_image, store_name, store_info, keyword, bar_code, brand_id, cate_id, price, vip_price, ot_price, postage, unit_name, sort, sales, stock, is_show, is_hot, is_benefit, is_best, is_new, description, creator, create_time, update_time, updater, is_postage, deleted, mer_use, give_integral, cost, is_seckill, is_bargain, is_good, ficti, browse, code_path, is_sub, temp_id, spec_type, is_integral, integral, tenant_id) VALUES (30054, @shop_id, '吉林小串', @placeholder_img, @placeholder_img, '包菜', '包菜', '包菜', '', NULL, '9005', 2.00, 0.00, 2.00, 0.00, '串', 16, 0, 9999, 1, 0, 0, 0, 0, '<p>包菜</p>', '1', '2026-05-08 16:32:34', '2026-05-08 16:32:34', '1', 0, b'0', 0, NULL, 2.00, 0, NULL, 0, 100, 0, '', 0, 0, 0, 0, 0, @tenant_id);
INSERT INTO yshop_store_product_attr (id, product_id, attr_name, attr_values) VALUES (800053, 30054, '规格', '默认');
INSERT INTO yshop_store_product_attr_result (id, product_id, result, change_time) VALUES (810053, 30054, '{"attr":[{"attrHidden":"","detail":["默认"],"detailValue":"","value":"规格"}],"value":[{"barCode":"","brokerage":0.0,"brokerageTwo":0.0,"cost":2.0,"detail":{"规格":"默认"},"integral":0,"otPrice":2.0,"pic":"","pinkPrice":0.0,"pinkStock":0,"price":2.0,"seckillPrice":0.0,"seckillStock":0,"sku":"","stock":9999,"value1":"规格","value2":"","volume":0.0,"weight":0.0}]}', '2026-05-08 16:32:34');
INSERT INTO yshop_store_product_attr_value (id, product_id, sku, stock, sales, price, image, `unique`, cost, bar_code, ot_price, weight, volume, brokerage, brokerage_two, pink_price, pink_stock, seckill_price, seckill_stock, integral) VALUES (820053, 30054, '默认', 9999, 0, 2.00, @placeholder_img, '8422eba1f77c12dc1866a2811c6a0bc9', 2.00, '', 2.00, 0.00, 0.00, 0.00, 0.00, 0.00, 0, 0.00, 0, 0);
INSERT INTO yshop_store_product (id, shop_id, shop_name, image, slider_image, store_name, store_info, keyword, bar_code, brand_id, cate_id, price, vip_price, ot_price, postage, unit_name, sort, sales, stock, is_show, is_hot, is_benefit, is_best, is_new, description, creator, create_time, update_time, updater, is_postage, deleted, mer_use, give_integral, cost, is_seckill, is_bargain, is_good, ficti, browse, code_path, is_sub, temp_id, spec_type, is_integral, integral, tenant_id) VALUES (30055, @shop_id, '吉林小串', @placeholder_img, @placeholder_img, '西葫芦', '西葫芦', '西葫芦', '', NULL, '9005', 2.00, 0.00, 2.00, 0.00, '串', 17, 0, 9999, 1, 0, 0, 0, 0, '<p>西葫芦</p>', '1', '2026-05-08 16:32:34', '2026-05-08 16:32:34', '1', 0, b'0', 0, NULL, 2.00, 0, NULL, 0, 100, 0, '', 0, 0, 0, 0, 0, @tenant_id);
INSERT INTO yshop_store_product_attr (id, product_id, attr_name, attr_values) VALUES (800054, 30055, '规格', '默认');
INSERT INTO yshop_store_product_attr_result (id, product_id, result, change_time) VALUES (810054, 30055, '{"attr":[{"attrHidden":"","detail":["默认"],"detailValue":"","value":"规格"}],"value":[{"barCode":"","brokerage":0.0,"brokerageTwo":0.0,"cost":2.0,"detail":{"规格":"默认"},"integral":0,"otPrice":2.0,"pic":"","pinkPrice":0.0,"pinkStock":0,"price":2.0,"seckillPrice":0.0,"seckillStock":0,"sku":"","stock":9999,"value1":"规格","value2":"","volume":0.0,"weight":0.0}]}', '2026-05-08 16:32:34');
INSERT INTO yshop_store_product_attr_value (id, product_id, sku, stock, sales, price, image, `unique`, cost, bar_code, ot_price, weight, volume, brokerage, brokerage_two, pink_price, pink_stock, seckill_price, seckill_stock, integral) VALUES (820054, 30055, '默认', 9999, 0, 2.00, @placeholder_img, 'bd62964bb86837bcc36fab04c2975132', 2.00, '', 2.00, 0.00, 0.00, 0.00, 0.00, 0.00, 0, 0.00, 0, 0);
INSERT INTO yshop_store_product (id, shop_id, shop_name, image, slider_image, store_name, store_info, keyword, bar_code, brand_id, cate_id, price, vip_price, ot_price, postage, unit_name, sort, sales, stock, is_show, is_hot, is_benefit, is_best, is_new, description, creator, create_time, update_time, updater, is_postage, deleted, mer_use, give_integral, cost, is_seckill, is_bargain, is_good, ficti, browse, code_path, is_sub, temp_id, spec_type, is_integral, integral, tenant_id) VALUES (30056, @shop_id, '吉林小串', @placeholder_img, @placeholder_img, '蒜薹', '蒜薹', '蒜薹', '', NULL, '9005', 3.00, 0.00, 3.00, 0.00, '串', 18, 0, 9999, 1, 0, 0, 0, 0, '<p>蒜薹</p>', '1', '2026-05-08 16:32:34', '2026-05-08 16:32:34', '1', 0, b'0', 0, NULL, 3.00, 0, NULL, 0, 100, 0, '', 0, 0, 0, 0, 0, @tenant_id);
INSERT INTO yshop_store_product_attr (id, product_id, attr_name, attr_values) VALUES (800055, 30056, '规格', '默认');
INSERT INTO yshop_store_product_attr_result (id, product_id, result, change_time) VALUES (810055, 30056, '{"attr":[{"attrHidden":"","detail":["默认"],"detailValue":"","value":"规格"}],"value":[{"barCode":"","brokerage":0.0,"brokerageTwo":0.0,"cost":3.0,"detail":{"规格":"默认"},"integral":0,"otPrice":3.0,"pic":"","pinkPrice":0.0,"pinkStock":0,"price":3.0,"seckillPrice":0.0,"seckillStock":0,"sku":"","stock":9999,"value1":"规格","value2":"","volume":0.0,"weight":0.0}]}', '2026-05-08 16:32:34');
INSERT INTO yshop_store_product_attr_value (id, product_id, sku, stock, sales, price, image, `unique`, cost, bar_code, ot_price, weight, volume, brokerage, brokerage_two, pink_price, pink_stock, seckill_price, seckill_stock, integral) VALUES (820055, 30056, '默认', 9999, 0, 3.00, @placeholder_img, 'aebd0477d4d1fdc2c6dab5eff5e3935c', 3.00, '', 3.00, 0.00, 0.00, 0.00, 0.00, 0.00, 0, 0.00, 0, 0);
INSERT INTO yshop_store_product (id, shop_id, shop_name, image, slider_image, store_name, store_info, keyword, bar_code, brand_id, cate_id, price, vip_price, ot_price, postage, unit_name, sort, sales, stock, is_show, is_hot, is_benefit, is_best, is_new, description, creator, create_time, update_time, updater, is_postage, deleted, mer_use, give_integral, cost, is_seckill, is_bargain, is_good, ficti, browse, code_path, is_sub, temp_id, spec_type, is_integral, integral, tenant_id) VALUES (30057, @shop_id, '吉林小串', @placeholder_img, @placeholder_img, '烤茄子', '烤茄子', '烤茄子', '', NULL, '9005', 18.00, 0.00, 18.00, 0.00, '串', 19, 0, 9999, 1, 0, 0, 0, 0, '<p>可加粉丝</p>', '1', '2026-05-08 16:32:34', '2026-05-08 16:32:34', '1', 0, b'0', 0, NULL, 18.00, 0, NULL, 0, 100, 0, '', 0, 0, 0, 0, 0, @tenant_id);
INSERT INTO yshop_store_product_attr (id, product_id, attr_name, attr_values) VALUES (800056, 30057, '规格', '默认');
INSERT INTO yshop_store_product_attr_result (id, product_id, result, change_time) VALUES (810056, 30057, '{"attr":[{"attrHidden":"","detail":["默认"],"detailValue":"","value":"规格"}],"value":[{"barCode":"","brokerage":0.0,"brokerageTwo":0.0,"cost":18.0,"detail":{"规格":"默认"},"integral":0,"otPrice":18.0,"pic":"","pinkPrice":0.0,"pinkStock":0,"price":18.0,"seckillPrice":0.0,"seckillStock":0,"sku":"","stock":9999,"value1":"规格","value2":"","volume":0.0,"weight":0.0}]}', '2026-05-08 16:32:34');
INSERT INTO yshop_store_product_attr_value (id, product_id, sku, stock, sales, price, image, `unique`, cost, bar_code, ot_price, weight, volume, brokerage, brokerage_two, pink_price, pink_stock, seckill_price, seckill_stock, integral) VALUES (820056, 30057, '默认', 9999, 0, 18.00, @placeholder_img, '9d19a3d0f2e6859bbcf4fab472dfe6e4', 18.00, '', 18.00, 0.00, 0.00, 0.00, 0.00, 0.00, 0, 0.00, 0, 0);
INSERT INTO yshop_store_product (id, shop_id, shop_name, image, slider_image, store_name, store_info, keyword, bar_code, brand_id, cate_id, price, vip_price, ot_price, postage, unit_name, sort, sales, stock, is_show, is_hot, is_benefit, is_best, is_new, description, creator, create_time, update_time, updater, is_postage, deleted, mer_use, give_integral, cost, is_seckill, is_bargain, is_good, ficti, browse, code_path, is_sub, temp_id, spec_type, is_integral, integral, tenant_id) VALUES (30058, @shop_id, '吉林小串', @placeholder_img, @placeholder_img, '凉拌面（方便面）', '凉拌面（方便面）', '凉拌面（方便面）', '', NULL, '9006', 10.00, 0.00, 10.00, 0.00, '份', 1, 0, 9999, 1, 0, 0, 0, 0, '<p>凉拌面（方便面）</p>', '1', '2026-05-08 16:32:34', '2026-05-08 16:32:34', '1', 0, b'0', 0, NULL, 10.00, 0, NULL, 0, 100, 0, '', 0, 0, 0, 0, 0, @tenant_id);
INSERT INTO yshop_store_product_attr (id, product_id, attr_name, attr_values) VALUES (800057, 30058, '规格', '默认');
INSERT INTO yshop_store_product_attr_result (id, product_id, result, change_time) VALUES (810057, 30058, '{"attr":[{"attrHidden":"","detail":["默认"],"detailValue":"","value":"规格"}],"value":[{"barCode":"","brokerage":0.0,"brokerageTwo":0.0,"cost":10.0,"detail":{"规格":"默认"},"integral":0,"otPrice":10.0,"pic":"","pinkPrice":0.0,"pinkStock":0,"price":10.0,"seckillPrice":0.0,"seckillStock":0,"sku":"","stock":9999,"value1":"规格","value2":"","volume":0.0,"weight":0.0}]}', '2026-05-08 16:32:34');
INSERT INTO yshop_store_product_attr_value (id, product_id, sku, stock, sales, price, image, `unique`, cost, bar_code, ot_price, weight, volume, brokerage, brokerage_two, pink_price, pink_stock, seckill_price, seckill_stock, integral) VALUES (820057, 30058, '默认', 9999, 0, 10.00, @placeholder_img, '73f3802c96c91d6115a4a5b576213f08', 10.00, '', 10.00, 0.00, 0.00, 0.00, 0.00, 0.00, 0, 0.00, 0, 0);
INSERT INTO yshop_store_product (id, shop_id, shop_name, image, slider_image, store_name, store_info, keyword, bar_code, brand_id, cate_id, price, vip_price, ot_price, postage, unit_name, sort, sales, stock, is_show, is_hot, is_benefit, is_best, is_new, description, creator, create_time, update_time, updater, is_postage, deleted, mer_use, give_integral, cost, is_seckill, is_bargain, is_good, ficti, browse, code_path, is_sub, temp_id, spec_type, is_integral, integral, tenant_id) VALUES (30059, @shop_id, '吉林小串', @placeholder_img, @placeholder_img, '炒面', '炒面', '炒面', '', NULL, '9006', 11.00, 0.00, 11.00, 0.00, '份', 2, 0, 9999, 1, 0, 0, 0, 0, '<p>默认加蛋；加淀粉肠+2元；加王中王+5元</p>', '1', '2026-05-08 16:32:34', '2026-05-08 16:32:34', '1', 0, b'0', 0, NULL, 11.00, 0, NULL, 0, 100, 0, '', 0, 0, 0, 0, 0, @tenant_id);
INSERT INTO yshop_store_product_attr (id, product_id, attr_name, attr_values) VALUES (800058, 30059, '规格', '默认');
INSERT INTO yshop_store_product_attr_result (id, product_id, result, change_time) VALUES (810058, 30059, '{"attr":[{"attrHidden":"","detail":["默认"],"detailValue":"","value":"规格"}],"value":[{"barCode":"","brokerage":0.0,"brokerageTwo":0.0,"cost":11.0,"detail":{"规格":"默认"},"integral":0,"otPrice":11.0,"pic":"","pinkPrice":0.0,"pinkStock":0,"price":11.0,"seckillPrice":0.0,"seckillStock":0,"sku":"","stock":9999,"value1":"规格","value2":"","volume":0.0,"weight":0.0}]}', '2026-05-08 16:32:34');
INSERT INTO yshop_store_product_attr_value (id, product_id, sku, stock, sales, price, image, `unique`, cost, bar_code, ot_price, weight, volume, brokerage, brokerage_two, pink_price, pink_stock, seckill_price, seckill_stock, integral) VALUES (820058, 30059, '默认', 9999, 0, 11.00, @placeholder_img, '404950a409f2f6ac54ab24c24f95e311', 11.00, '', 11.00, 0.00, 0.00, 0.00, 0.00, 0.00, 0, 0.00, 0, 0);
INSERT INTO yshop_store_product (id, shop_id, shop_name, image, slider_image, store_name, store_info, keyword, bar_code, brand_id, cate_id, price, vip_price, ot_price, postage, unit_name, sort, sales, stock, is_show, is_hot, is_benefit, is_best, is_new, description, creator, create_time, update_time, updater, is_postage, deleted, mer_use, give_integral, cost, is_seckill, is_bargain, is_good, ficti, browse, code_path, is_sub, temp_id, spec_type, is_integral, integral, tenant_id) VALUES (30060, @shop_id, '吉林小串', @placeholder_img, @placeholder_img, '拍黄瓜', '拍黄瓜', '拍黄瓜', '', NULL, '9006', 12.00, 0.00, 12.00, 0.00, '份', 3, 0, 9999, 1, 0, 0, 0, 0, '<p>拍黄瓜</p>', '1', '2026-05-08 16:32:34', '2026-05-08 16:32:34', '1', 0, b'0', 0, NULL, 12.00, 0, NULL, 0, 100, 0, '', 0, 0, 0, 0, 0, @tenant_id);
INSERT INTO yshop_store_product_attr (id, product_id, attr_name, attr_values) VALUES (800059, 30060, '规格', '默认');
INSERT INTO yshop_store_product_attr_result (id, product_id, result, change_time) VALUES (810059, 30060, '{"attr":[{"attrHidden":"","detail":["默认"],"detailValue":"","value":"规格"}],"value":[{"barCode":"","brokerage":0.0,"brokerageTwo":0.0,"cost":12.0,"detail":{"规格":"默认"},"integral":0,"otPrice":12.0,"pic":"","pinkPrice":0.0,"pinkStock":0,"price":12.0,"seckillPrice":0.0,"seckillStock":0,"sku":"","stock":9999,"value1":"规格","value2":"","volume":0.0,"weight":0.0}]}', '2026-05-08 16:32:34');
INSERT INTO yshop_store_product_attr_value (id, product_id, sku, stock, sales, price, image, `unique`, cost, bar_code, ot_price, weight, volume, brokerage, brokerage_two, pink_price, pink_stock, seckill_price, seckill_stock, integral) VALUES (820059, 30060, '默认', 9999, 0, 12.00, @placeholder_img, '5ab9aa99a8a2c8cfcb9cb49fc6222b89', 12.00, '', 12.00, 0.00, 0.00, 0.00, 0.00, 0.00, 0, 0.00, 0, 0);
INSERT INTO yshop_store_product (id, shop_id, shop_name, image, slider_image, store_name, store_info, keyword, bar_code, brand_id, cate_id, price, vip_price, ot_price, postage, unit_name, sort, sales, stock, is_show, is_hot, is_benefit, is_best, is_new, description, creator, create_time, update_time, updater, is_postage, deleted, mer_use, give_integral, cost, is_seckill, is_bargain, is_good, ficti, browse, code_path, is_sub, temp_id, spec_type, is_integral, integral, tenant_id) VALUES (30061, @shop_id, '吉林小串', @placeholder_img, @placeholder_img, '皮蛋豆腐', '皮蛋豆腐', '皮蛋豆腐', '', NULL, '9006', 12.00, 0.00, 12.00, 0.00, '份', 4, 0, 9999, 1, 0, 0, 0, 0, '<p>皮蛋豆腐</p>', '1', '2026-05-08 16:32:34', '2026-05-08 16:32:34', '1', 0, b'0', 0, NULL, 12.00, 0, NULL, 0, 100, 0, '', 0, 0, 0, 0, 0, @tenant_id);
INSERT INTO yshop_store_product_attr (id, product_id, attr_name, attr_values) VALUES (800060, 30061, '规格', '默认');
INSERT INTO yshop_store_product_attr_result (id, product_id, result, change_time) VALUES (810060, 30061, '{"attr":[{"attrHidden":"","detail":["默认"],"detailValue":"","value":"规格"}],"value":[{"barCode":"","brokerage":0.0,"brokerageTwo":0.0,"cost":12.0,"detail":{"规格":"默认"},"integral":0,"otPrice":12.0,"pic":"","pinkPrice":0.0,"pinkStock":0,"price":12.0,"seckillPrice":0.0,"seckillStock":0,"sku":"","stock":9999,"value1":"规格","value2":"","volume":0.0,"weight":0.0}]}', '2026-05-08 16:32:34');
INSERT INTO yshop_store_product_attr_value (id, product_id, sku, stock, sales, price, image, `unique`, cost, bar_code, ot_price, weight, volume, brokerage, brokerage_two, pink_price, pink_stock, seckill_price, seckill_stock, integral) VALUES (820060, 30061, '默认', 9999, 0, 12.00, @placeholder_img, '655a2171d650f3e4d74c79e3e5cb02e0', 12.00, '', 12.00, 0.00, 0.00, 0.00, 0.00, 0.00, 0, 0.00, 0, 0);
INSERT INTO yshop_store_product (id, shop_id, shop_name, image, slider_image, store_name, store_info, keyword, bar_code, brand_id, cate_id, price, vip_price, ot_price, postage, unit_name, sort, sales, stock, is_show, is_hot, is_benefit, is_best, is_new, description, creator, create_time, update_time, updater, is_postage, deleted, mer_use, give_integral, cost, is_seckill, is_bargain, is_good, ficti, browse, code_path, is_sub, temp_id, spec_type, is_integral, integral, tenant_id) VALUES (30062, @shop_id, '吉林小串', @placeholder_img, @placeholder_img, '油炸花生米', '油炸花生米', '油炸花生米', '', NULL, '9006', 8.00, 0.00, 8.00, 0.00, '份', 5, 0, 9999, 1, 0, 0, 0, 0, '<p>油炸花生米</p>', '1', '2026-05-08 16:32:34', '2026-05-08 16:32:34', '1', 0, b'0', 0, NULL, 8.00, 0, NULL, 0, 100, 0, '', 0, 0, 0, 0, 0, @tenant_id);
INSERT INTO yshop_store_product_attr (id, product_id, attr_name, attr_values) VALUES (800061, 30062, '规格', '默认');
INSERT INTO yshop_store_product_attr_result (id, product_id, result, change_time) VALUES (810061, 30062, '{"attr":[{"attrHidden":"","detail":["默认"],"detailValue":"","value":"规格"}],"value":[{"barCode":"","brokerage":0.0,"brokerageTwo":0.0,"cost":8.0,"detail":{"规格":"默认"},"integral":0,"otPrice":8.0,"pic":"","pinkPrice":0.0,"pinkStock":0,"price":8.0,"seckillPrice":0.0,"seckillStock":0,"sku":"","stock":9999,"value1":"规格","value2":"","volume":0.0,"weight":0.0}]}', '2026-05-08 16:32:34');
INSERT INTO yshop_store_product_attr_value (id, product_id, sku, stock, sales, price, image, `unique`, cost, bar_code, ot_price, weight, volume, brokerage, brokerage_two, pink_price, pink_stock, seckill_price, seckill_stock, integral) VALUES (820061, 30062, '默认', 9999, 0, 8.00, @placeholder_img, 'b00df2d3ed3293a0aadf51756617aa18', 8.00, '', 8.00, 0.00, 0.00, 0.00, 0.00, 0.00, 0, 0.00, 0, 0);
INSERT INTO yshop_store_product (id, shop_id, shop_name, image, slider_image, store_name, store_info, keyword, bar_code, brand_id, cate_id, price, vip_price, ot_price, postage, unit_name, sort, sales, stock, is_show, is_hot, is_benefit, is_best, is_new, description, creator, create_time, update_time, updater, is_postage, deleted, mer_use, give_integral, cost, is_seckill, is_bargain, is_good, ficti, browse, code_path, is_sub, temp_id, spec_type, is_integral, integral, tenant_id) VALUES (30063, @shop_id, '吉林小串', @placeholder_img, @placeholder_img, '水煮花生', '水煮花生', '水煮花生', '', NULL, '9006', 10.00, 0.00, 10.00, 0.00, '份', 6, 0, 9999, 1, 0, 0, 0, 0, '<p>水煮花生</p>', '1', '2026-05-08 16:32:34', '2026-05-08 16:32:34', '1', 0, b'0', 0, NULL, 10.00, 0, NULL, 0, 100, 0, '', 0, 0, 0, 0, 0, @tenant_id);
INSERT INTO yshop_store_product_attr (id, product_id, attr_name, attr_values) VALUES (800062, 30063, '规格', '默认');
INSERT INTO yshop_store_product_attr_result (id, product_id, result, change_time) VALUES (810062, 30063, '{"attr":[{"attrHidden":"","detail":["默认"],"detailValue":"","value":"规格"}],"value":[{"barCode":"","brokerage":0.0,"brokerageTwo":0.0,"cost":10.0,"detail":{"规格":"默认"},"integral":0,"otPrice":10.0,"pic":"","pinkPrice":0.0,"pinkStock":0,"price":10.0,"seckillPrice":0.0,"seckillStock":0,"sku":"","stock":9999,"value1":"规格","value2":"","volume":0.0,"weight":0.0}]}', '2026-05-08 16:32:34');
INSERT INTO yshop_store_product_attr_value (id, product_id, sku, stock, sales, price, image, `unique`, cost, bar_code, ot_price, weight, volume, brokerage, brokerage_two, pink_price, pink_stock, seckill_price, seckill_stock, integral) VALUES (820062, 30063, '默认', 9999, 0, 10.00, @placeholder_img, '200e8f8fcf9f8aa922d6a5baf76e767e', 10.00, '', 10.00, 0.00, 0.00, 0.00, 0.00, 0.00, 0, 0.00, 0, 0);
INSERT INTO yshop_store_product (id, shop_id, shop_name, image, slider_image, store_name, store_info, keyword, bar_code, brand_id, cate_id, price, vip_price, ot_price, postage, unit_name, sort, sales, stock, is_show, is_hot, is_benefit, is_best, is_new, description, creator, create_time, update_time, updater, is_postage, deleted, mer_use, give_integral, cost, is_seckill, is_bargain, is_good, ficti, browse, code_path, is_sub, temp_id, spec_type, is_integral, integral, tenant_id) VALUES (30064, @shop_id, '吉林小串', @placeholder_img, @placeholder_img, '锡纸金针菇', '锡纸金针菇', '锡纸金针菇', '', NULL, '9007', 10.00, 0.00, 10.00, 0.00, '份', 1, 0, 9999, 1, 0, 0, 0, 0, '<p>锡纸金针菇</p>', '1', '2026-05-08 16:32:34', '2026-05-08 16:32:34', '1', 0, b'0', 0, NULL, 10.00, 0, NULL, 0, 100, 0, '', 0, 0, 0, 0, 0, @tenant_id);
INSERT INTO yshop_store_product_attr (id, product_id, attr_name, attr_values) VALUES (800063, 30064, '规格', '默认');
INSERT INTO yshop_store_product_attr_result (id, product_id, result, change_time) VALUES (810063, 30064, '{"attr":[{"attrHidden":"","detail":["默认"],"detailValue":"","value":"规格"}],"value":[{"barCode":"","brokerage":0.0,"brokerageTwo":0.0,"cost":10.0,"detail":{"规格":"默认"},"integral":0,"otPrice":10.0,"pic":"","pinkPrice":0.0,"pinkStock":0,"price":10.0,"seckillPrice":0.0,"seckillStock":0,"sku":"","stock":9999,"value1":"规格","value2":"","volume":0.0,"weight":0.0}]}', '2026-05-08 16:32:34');
INSERT INTO yshop_store_product_attr_value (id, product_id, sku, stock, sales, price, image, `unique`, cost, bar_code, ot_price, weight, volume, brokerage, brokerage_two, pink_price, pink_stock, seckill_price, seckill_stock, integral) VALUES (820063, 30064, '默认', 9999, 0, 10.00, @placeholder_img, 'b90824ff6271204809f0d74fe0f0b021', 10.00, '', 10.00, 0.00, 0.00, 0.00, 0.00, 0.00, 0, 0.00, 0, 0);
INSERT INTO yshop_store_product (id, shop_id, shop_name, image, slider_image, store_name, store_info, keyword, bar_code, brand_id, cate_id, price, vip_price, ot_price, postage, unit_name, sort, sales, stock, is_show, is_hot, is_benefit, is_best, is_new, description, creator, create_time, update_time, updater, is_postage, deleted, mer_use, give_integral, cost, is_seckill, is_bargain, is_good, ficti, browse, code_path, is_sub, temp_id, spec_type, is_integral, integral, tenant_id) VALUES (30065, @shop_id, '吉林小串', @placeholder_img, @placeholder_img, '锡纸娃娃菜', '锡纸娃娃菜', '锡纸娃娃菜', '', NULL, '9007', 10.00, 0.00, 10.00, 0.00, '份', 2, 0, 9999, 1, 0, 0, 0, 0, '<p>锡纸娃娃菜</p>', '1', '2026-05-08 16:32:34', '2026-05-08 16:32:34', '1', 0, b'0', 0, NULL, 10.00, 0, NULL, 0, 100, 0, '', 0, 0, 0, 0, 0, @tenant_id);
INSERT INTO yshop_store_product_attr (id, product_id, attr_name, attr_values) VALUES (800064, 30065, '规格', '默认');
INSERT INTO yshop_store_product_attr_result (id, product_id, result, change_time) VALUES (810064, 30065, '{"attr":[{"attrHidden":"","detail":["默认"],"detailValue":"","value":"规格"}],"value":[{"barCode":"","brokerage":0.0,"brokerageTwo":0.0,"cost":10.0,"detail":{"规格":"默认"},"integral":0,"otPrice":10.0,"pic":"","pinkPrice":0.0,"pinkStock":0,"price":10.0,"seckillPrice":0.0,"seckillStock":0,"sku":"","stock":9999,"value1":"规格","value2":"","volume":0.0,"weight":0.0}]}', '2026-05-08 16:32:34');
INSERT INTO yshop_store_product_attr_value (id, product_id, sku, stock, sales, price, image, `unique`, cost, bar_code, ot_price, weight, volume, brokerage, brokerage_two, pink_price, pink_stock, seckill_price, seckill_stock, integral) VALUES (820064, 30065, '默认', 9999, 0, 10.00, @placeholder_img, '1fa21e5411a42cd37ab618acedccd3ac', 10.00, '', 10.00, 0.00, 0.00, 0.00, 0.00, 0.00, 0, 0.00, 0, 0);
INSERT INTO yshop_store_product (id, shop_id, shop_name, image, slider_image, store_name, store_info, keyword, bar_code, brand_id, cate_id, price, vip_price, ot_price, postage, unit_name, sort, sales, stock, is_show, is_hot, is_benefit, is_best, is_new, description, creator, create_time, update_time, updater, is_postage, deleted, mer_use, give_integral, cost, is_seckill, is_bargain, is_good, ficti, browse, code_path, is_sub, temp_id, spec_type, is_integral, integral, tenant_id) VALUES (30066, @shop_id, '吉林小串', @placeholder_img, @placeholder_img, '锡纸鸭血', '锡纸鸭血', '锡纸鸭血', '', NULL, '9007', 12.00, 0.00, 12.00, 0.00, '份', 3, 0, 9999, 1, 0, 0, 0, 0, '<p>锡纸鸭血</p>', '1', '2026-05-08 16:32:34', '2026-05-08 16:32:34', '1', 0, b'0', 0, NULL, 12.00, 0, NULL, 0, 100, 0, '', 0, 0, 0, 0, 0, @tenant_id);
INSERT INTO yshop_store_product_attr (id, product_id, attr_name, attr_values) VALUES (800065, 30066, '规格', '默认');
INSERT INTO yshop_store_product_attr_result (id, product_id, result, change_time) VALUES (810065, 30066, '{"attr":[{"attrHidden":"","detail":["默认"],"detailValue":"","value":"规格"}],"value":[{"barCode":"","brokerage":0.0,"brokerageTwo":0.0,"cost":12.0,"detail":{"规格":"默认"},"integral":0,"otPrice":12.0,"pic":"","pinkPrice":0.0,"pinkStock":0,"price":12.0,"seckillPrice":0.0,"seckillStock":0,"sku":"","stock":9999,"value1":"规格","value2":"","volume":0.0,"weight":0.0}]}', '2026-05-08 16:32:34');
INSERT INTO yshop_store_product_attr_value (id, product_id, sku, stock, sales, price, image, `unique`, cost, bar_code, ot_price, weight, volume, brokerage, brokerage_two, pink_price, pink_stock, seckill_price, seckill_stock, integral) VALUES (820065, 30066, '默认', 9999, 0, 12.00, @placeholder_img, '0c24abb0ebd0223a5d8e19e4ae48e29a', 12.00, '', 12.00, 0.00, 0.00, 0.00, 0.00, 0.00, 0, 0.00, 0, 0);
INSERT INTO yshop_store_product (id, shop_id, shop_name, image, slider_image, store_name, store_info, keyword, bar_code, brand_id, cate_id, price, vip_price, ot_price, postage, unit_name, sort, sales, stock, is_show, is_hot, is_benefit, is_best, is_new, description, creator, create_time, update_time, updater, is_postage, deleted, mer_use, give_integral, cost, is_seckill, is_bargain, is_good, ficti, browse, code_path, is_sub, temp_id, spec_type, is_integral, integral, tenant_id) VALUES (30067, @shop_id, '吉林小串', @placeholder_img, @placeholder_img, '锡纸方便面', '锡纸方便面', '锡纸方便面', '', NULL, '9007', 10.00, 0.00, 10.00, 0.00, '份', 4, 0, 9999, 1, 0, 0, 0, 0, '<p>锡纸方便面</p>', '1', '2026-05-08 16:32:34', '2026-05-08 16:32:34', '1', 0, b'0', 0, NULL, 10.00, 0, NULL, 0, 100, 0, '', 0, 0, 0, 0, 0, @tenant_id);
INSERT INTO yshop_store_product_attr (id, product_id, attr_name, attr_values) VALUES (800066, 30067, '规格', '默认');
INSERT INTO yshop_store_product_attr_result (id, product_id, result, change_time) VALUES (810066, 30067, '{"attr":[{"attrHidden":"","detail":["默认"],"detailValue":"","value":"规格"}],"value":[{"barCode":"","brokerage":0.0,"brokerageTwo":0.0,"cost":10.0,"detail":{"规格":"默认"},"integral":0,"otPrice":10.0,"pic":"","pinkPrice":0.0,"pinkStock":0,"price":10.0,"seckillPrice":0.0,"seckillStock":0,"sku":"","stock":9999,"value1":"规格","value2":"","volume":0.0,"weight":0.0}]}', '2026-05-08 16:32:34');
INSERT INTO yshop_store_product_attr_value (id, product_id, sku, stock, sales, price, image, `unique`, cost, bar_code, ot_price, weight, volume, brokerage, brokerage_two, pink_price, pink_stock, seckill_price, seckill_stock, integral) VALUES (820066, 30067, '默认', 9999, 0, 10.00, @placeholder_img, 'a02849e5ce3cee1c1e60133161dc9728', 10.00, '', 10.00, 0.00, 0.00, 0.00, 0.00, 0.00, 0, 0.00, 0, 0);
INSERT INTO yshop_store_product (id, shop_id, shop_name, image, slider_image, store_name, store_info, keyword, bar_code, brand_id, cate_id, price, vip_price, ot_price, postage, unit_name, sort, sales, stock, is_show, is_hot, is_benefit, is_best, is_new, description, creator, create_time, update_time, updater, is_postage, deleted, mer_use, give_integral, cost, is_seckill, is_bargain, is_good, ficti, browse, code_path, is_sub, temp_id, spec_type, is_integral, integral, tenant_id) VALUES (30068, @shop_id, '吉林小串', @placeholder_img, @placeholder_img, '小龙虾', '小龙虾', '小龙虾', '', NULL, '9008', 100.00, 0.00, 100.00, 0.00, '份', 1, 0, 9999, 1, 0, 0, 0, 0, '<p>口味：蒜蓉/十三香/香辣/麻辣；三斤足称。可加年糕/手擀面/方便面 +5/份。</p>', '1', '2026-05-08 16:32:34', '2026-05-08 16:32:34', '1', 0, b'0', 0, NULL, 100.00, 0, NULL, 0, 100, 0, '', 0, 0, 0, 0, 0, @tenant_id);
INSERT INTO yshop_store_product_attr (id, product_id, attr_name, attr_values) VALUES (800067, 30068, '规格', '默认');
INSERT INTO yshop_store_product_attr_result (id, product_id, result, change_time) VALUES (810067, 30068, '{"attr":[{"attrHidden":"","detail":["默认"],"detailValue":"","value":"规格"}],"value":[{"barCode":"","brokerage":0.0,"brokerageTwo":0.0,"cost":100.0,"detail":{"规格":"默认"},"integral":0,"otPrice":100.0,"pic":"","pinkPrice":0.0,"pinkStock":0,"price":100.0,"seckillPrice":0.0,"seckillStock":0,"sku":"","stock":9999,"value1":"规格","value2":"","volume":0.0,"weight":0.0}]}', '2026-05-08 16:32:34');
INSERT INTO yshop_store_product_attr_value (id, product_id, sku, stock, sales, price, image, `unique`, cost, bar_code, ot_price, weight, volume, brokerage, brokerage_two, pink_price, pink_stock, seckill_price, seckill_stock, integral) VALUES (820067, 30068, '默认', 9999, 0, 100.00, @placeholder_img, '46cc7c88f2e19d9c925771a71882a511', 100.00, '', 100.00, 0.00, 0.00, 0.00, 0.00, 0.00, 0, 0.00, 0, 0);
INSERT INTO yshop_store_product (id, shop_id, shop_name, image, slider_image, store_name, store_info, keyword, bar_code, brand_id, cate_id, price, vip_price, ot_price, postage, unit_name, sort, sales, stock, is_show, is_hot, is_benefit, is_best, is_new, description, creator, create_time, update_time, updater, is_postage, deleted, mer_use, give_integral, cost, is_seckill, is_bargain, is_good, ficti, browse, code_path, is_sub, temp_id, spec_type, is_integral, integral, tenant_id) VALUES (30069, @shop_id, '吉林小串', @placeholder_img, @placeholder_img, '锡纸烤鱼（鲫鱼或鳊鱼）', '锡纸烤鱼（鲫鱼或鳊鱼）', '锡纸烤鱼（鲫鱼或鳊鱼）', '', NULL, '9009', 35.00, 0.00, 35.00, 0.00, '份', 1, 0, 9999, 1, 0, 0, 0, 0, '<p>锡纸烤鱼（鲫鱼或鳊鱼）</p>', '1', '2026-05-08 16:32:34', '2026-05-08 16:32:34', '1', 0, b'0', 0, NULL, 35.00, 0, NULL, 0, 100, 0, '', 0, 0, 0, 0, 0, @tenant_id);
INSERT INTO yshop_store_product_attr (id, product_id, attr_name, attr_values) VALUES (800068, 30069, '规格', '默认');
INSERT INTO yshop_store_product_attr_result (id, product_id, result, change_time) VALUES (810068, 30069, '{"attr":[{"attrHidden":"","detail":["默认"],"detailValue":"","value":"规格"}],"value":[{"barCode":"","brokerage":0.0,"brokerageTwo":0.0,"cost":35.0,"detail":{"规格":"默认"},"integral":0,"otPrice":35.0,"pic":"","pinkPrice":0.0,"pinkStock":0,"price":35.0,"seckillPrice":0.0,"seckillStock":0,"sku":"","stock":9999,"value1":"规格","value2":"","volume":0.0,"weight":0.0}]}', '2026-05-08 16:32:34');
INSERT INTO yshop_store_product_attr_value (id, product_id, sku, stock, sales, price, image, `unique`, cost, bar_code, ot_price, weight, volume, brokerage, brokerage_two, pink_price, pink_stock, seckill_price, seckill_stock, integral) VALUES (820068, 30069, '默认', 9999, 0, 35.00, @placeholder_img, '958172c83275c5a95172553f81ae496c', 35.00, '', 35.00, 0.00, 0.00, 0.00, 0.00, 0.00, 0, 0.00, 0, 0);
INSERT INTO yshop_store_product (id, shop_id, shop_name, image, slider_image, store_name, store_info, keyword, bar_code, brand_id, cate_id, price, vip_price, ot_price, postage, unit_name, sort, sales, stock, is_show, is_hot, is_benefit, is_best, is_new, description, creator, create_time, update_time, updater, is_postage, deleted, mer_use, give_integral, cost, is_seckill, is_bargain, is_good, ficti, browse, code_path, is_sub, temp_id, spec_type, is_integral, integral, tenant_id) VALUES (30070, @shop_id, '吉林小串', @placeholder_img, @placeholder_img, '铁板鲫鱼', '铁板鲫鱼', '铁板鲫鱼', '', NULL, '9009', 38.00, 0.00, 38.00, 0.00, '份', 2, 0, 9999, 1, 0, 0, 0, 0, '<p>铁板鲫鱼</p>', '1', '2026-05-08 16:32:34', '2026-05-08 16:32:34', '1', 0, b'0', 0, NULL, 38.00, 0, NULL, 0, 100, 0, '', 0, 0, 0, 0, 0, @tenant_id);
INSERT INTO yshop_store_product_attr (id, product_id, attr_name, attr_values) VALUES (800069, 30070, '规格', '默认');
INSERT INTO yshop_store_product_attr_result (id, product_id, result, change_time) VALUES (810069, 30070, '{"attr":[{"attrHidden":"","detail":["默认"],"detailValue":"","value":"规格"}],"value":[{"barCode":"","brokerage":0.0,"brokerageTwo":0.0,"cost":38.0,"detail":{"规格":"默认"},"integral":0,"otPrice":38.0,"pic":"","pinkPrice":0.0,"pinkStock":0,"price":38.0,"seckillPrice":0.0,"seckillStock":0,"sku":"","stock":9999,"value1":"规格","value2":"","volume":0.0,"weight":0.0}]}', '2026-05-08 16:32:34');
INSERT INTO yshop_store_product_attr_value (id, product_id, sku, stock, sales, price, image, `unique`, cost, bar_code, ot_price, weight, volume, brokerage, brokerage_two, pink_price, pink_stock, seckill_price, seckill_stock, integral) VALUES (820069, 30070, '默认', 9999, 0, 38.00, @placeholder_img, 'e0e389dfa5e771da50882e8a78ed2983', 38.00, '', 38.00, 0.00, 0.00, 0.00, 0.00, 0.00, 0, 0.00, 0, 0);
INSERT INTO yshop_store_product (id, shop_id, shop_name, image, slider_image, store_name, store_info, keyword, bar_code, brand_id, cate_id, price, vip_price, ot_price, postage, unit_name, sort, sales, stock, is_show, is_hot, is_benefit, is_best, is_new, description, creator, create_time, update_time, updater, is_postage, deleted, mer_use, give_integral, cost, is_seckill, is_bargain, is_good, ficti, browse, code_path, is_sub, temp_id, spec_type, is_integral, integral, tenant_id) VALUES (30071, @shop_id, '吉林小串', @placeholder_img, @placeholder_img, '生蚝/扇贝', '生蚝/扇贝', '生蚝/扇贝', '', NULL, '9009', 10.00, 0.00, 10.00, 0.00, '个', 3, 0, 9999, 1, 0, 0, 0, 0, '<p>生蚝/扇贝</p>', '1', '2026-05-08 16:32:34', '2026-05-08 16:32:34', '1', 0, b'0', 0, NULL, 10.00, 0, NULL, 0, 100, 0, '', 0, 0, 0, 0, 0, @tenant_id);
INSERT INTO yshop_store_product_attr (id, product_id, attr_name, attr_values) VALUES (800070, 30071, '规格', '默认');
INSERT INTO yshop_store_product_attr_result (id, product_id, result, change_time) VALUES (810070, 30071, '{"attr":[{"attrHidden":"","detail":["默认"],"detailValue":"","value":"规格"}],"value":[{"barCode":"","brokerage":0.0,"brokerageTwo":0.0,"cost":10.0,"detail":{"规格":"默认"},"integral":0,"otPrice":10.0,"pic":"","pinkPrice":0.0,"pinkStock":0,"price":10.0,"seckillPrice":0.0,"seckillStock":0,"sku":"","stock":9999,"value1":"规格","value2":"","volume":0.0,"weight":0.0}]}', '2026-05-08 16:32:34');
INSERT INTO yshop_store_product_attr_value (id, product_id, sku, stock, sales, price, image, `unique`, cost, bar_code, ot_price, weight, volume, brokerage, brokerage_two, pink_price, pink_stock, seckill_price, seckill_stock, integral) VALUES (820070, 30071, '默认', 9999, 0, 10.00, @placeholder_img, '31054b89a2c52aac80a27bfe545a8067', 10.00, '', 10.00, 0.00, 0.00, 0.00, 0.00, 0.00, 0, 0.00, 0, 0);

ALTER TABLE yshop_store_product AUTO_INCREMENT = 30072;
ALTER TABLE yshop_store_product_category AUTO_INCREMENT = 9010;
ALTER TABLE yshop_store_product_attr AUTO_INCREMENT = 800071;
ALTER TABLE yshop_store_product_attr_result AUTO_INCREMENT = 810071;
ALTER TABLE yshop_store_product_attr_value AUTO_INCREMENT = 820071;

COMMIT;

-- 校验：分类 9 条、商品 71 条
-- SELECT COUNT(*) FROM yshop_store_shop;
-- SELECT COUNT(*) FROM yshop_store_product_category WHERE shop_id=@shop_id;
-- SELECT COUNT(*) FROM yshop_store_product WHERE shop_id=@shop_id;